α,25300576
ο,23292768
τ,23224694
ι,18161886
ε,17023886
ν,16974536
ρ,12540439
σ,11610777
κ,11193694
η,10507790
ς,9810062
π,9492806
υ,9400447
μ,8552723
λ,7638182
ί,6848645
ό,5776622
ά,5434158
έ,4836935
γ,4624462
δ,4143042
ή,3845877
ω,3704574
χ,3060186
ύ,2803362
θ,2662384
φ,2145730
ώ,1934131
β,1774613
Α,1013667
ξ,937902
ζ,895907
e,888225
Σ,850679
a,779939
Τ,772303
Μ,763349
Κ,738414
Π,709372
Ο,657708
i,654752
o,631906
Ε,627061
r,611174
n,578852
t,477847
l,440221
s,434123
Γ,416077
Η,406600
Β,386850
Ν,317603
Δ,317247
ψ,312125
Ι,298072
u,288437
Λ,250989
d,244716
c,238609
h,224548
m,218250
Χ,216220
Φ,194951
Ρ,189097
g,160928
Έ,158011
S,153353
C,148181
ϊ,141949
p,137063
A,134426
y,125140
M,116037
Ά,112997
T,105049
b,105025
Θ,102200
k,101052
B,100506
f,99544
P,92946
v,87058
D,84867
H,77724
R,77348
L,77140
I,74549
E,72683
F,72534
Ό,72265
Υ,70987
G,66716
N,63342
w,62229
Ζ,59921
O,55889
W,49600
Ω,41486
V,40557
ΐ,38040
K,36345
z,34167
Ή,32931
J,31396
x,31057
U,30167
Ί,15218
Ξ,15038
j,14637
Y,14244
ϋ,12376
X,12149
é,11748
а,11642
q,10751
о,8925
и,8919
Z,8148
Ψ,7547
е,6982
р,6466
Q,6401
н,6357
в,5102
с,5005
к,4664
л,4655
Ύ,4442
т,4046
ü,3793
ا,3283
µ,3144
á,3124
ö,3108
ἐ,2660
ὶ,2524
д,2373
ó,2295
у,2154
è,2092
ل,2080
ἀ,2073
ë,2044
í,2029
ὸ,2021
м,2010
ä,1936
ῦ,1877
Ώ,1824
ῶ,1688
я,1595
ч,1561
ı,1557
б,1536
С,1534
ç,1516
ὰ,1484
й,1476
г,1460
ῆ,1443
ā,1379
ي,1344
ن,1335
ر,1328
É,1302
ῖ,1296
п,1272
م,1246
ὐ,1193
ὲ,1156
ь,1145
š,1123
ὴ,1119
ˈ,1077
К,1054
à,1029
ἰ,1018
А,1003
و,996
ա,988
â,981
ş,954
М,942
П,912
з,902
ΰ,888
В,882
د,873
ы,867
Ἀ,848
ب,843
س,816
Б,786
ñ,770
ō,759
Р,749
ц,736
ш,694
ú,685
ὁ,680
ć,659
ἔ,648
х,642
Н,639
ī,585
č,584
ة,573
і,568
ă,568
ت,554
Д,547
ἡ,543
ə,542
Š,540
Г,532
ն,532
ἄ,500
ł,498
ὺ,498
ћ,496
Ϊ,496
Ö,485
ğ,480
И,476
ع,474
ø,473
ح,471
ј,466
ô,465
ی,448
Т,444
ß,441
ր,441
ἱ,428
ი,428
ū,427
ه,426
ã,421
ა,419
ո,416
Ф,407
æ,402
ῷ,402
ف,401
ὑ,399
ж,391
ق,391
ὅ,390
Л,387
О,387
י,374
ð,373
ش,363
ž,360
ᾶ,359
ː,354
ج,353
ê,339
İ,338
ɪ,332
ф,328
ի,324
ط,322
ῳ,320
å,318
Ἐ,317
î,313
ե,303
ו,299
ʲ,295
Ş,291
ἶ,279
ك,268
ï,260
ъ,259
ւ,259
ò,258
ز,258
Č,256
ῇ,255
ὀ,250
ῃ,249
ー,245
Ç,240
خ,238
ἑ,232
У,230
ე,215
א,214
ē,212
ר,211
ל,210
ù,209
ё,207
ý,206
З,205
أ,205
Е,204
Á,203
ì,200
Ü,198
რ,197
յ,192
ى,191
Х,189
ה,189
ン,188
ю,187
ὕ,183
Ἰ,180
ἴ,180
ɛ,179
Ц,177
ს,177
ὡ,174
Ἑ,173
र,173
ɾ,168
ő,162
ɐ,162
Ш,161
ń,157
տ,157
ţ,156
ლ,154
ص,152
ὄ,148
ב,148
ἦ,144
ս,144
Ч,143
õ,142
ě,142
ɣ,142
ד,142
ś,140
Ὀ,138
ɔ,138
ἁ,137
מ,137
Ἡ,136
կ,130
Ž,128
ო,127
ә,127
ש,127
щ,126
ὼ,125
ნ,122
ḥ,122
ɑ,121
Ј,121
Ա,121
û,120
ᾳ,119
մ,119
র,118
э,116
Я,115
Ἱ,114
غ,114
ἕ,113
ř,113
ת,112
ʃ,112
ș,111
მ,111
љ,111
Ἄ,109
ė,109
נ,109
ვ,108
न,107
ὔ,105
њ,103
ǎ,102
大,101
ț,100
ἠ,99
ὖ,99
ĝ,99
ἵ,98
ע,98
ک,98
Ὁ,97
ἤ,97
Å,97
լ,97
ल,95
ئ,95
ą,93
ṭ,93
ἢ,93
म,92
ス,92
Ю,92
イ,91
ż,91
ῥ,90
ἂ,90
Ж,90
đ,90
უ,88
Î,87
ę,85
ল,85
ʿ,85
ʊ,84
ɡ,83
Ἁ,82
ル,82
თ,82
ɕ,81
ব,81
ἅ,80
ө,79
վ,79
ן,79
қ,78
œ,77
ন,77
स,77
Í,77
ṣ,77
բ,77
क,76
כ,74
ظ,73
ὠ,72
प,71
թ,71
գ,71
ї,70
Э,69
ἷ,69
ג,69
ў,68
国,68
დ,68
إ,68
ղ,68
ʁ,67
ὗ,67
À,67
ƒ,67
व,67
դ,67
ম,66
ħ,66
ド,65
त,65
দ,65
ђ,65
ŋ,65
Æ,65
Ä,64
ℓ,64
ト,64
า,64
ס,64
ÿ,63
ক,62
ბ,62
ض,62
Ó,62
ジ,62
Հ,62
ὃ,61
中,61
リ,61
ტ,60
ہ,60
ք,60
ק,59
ـ,59
گ,59
հ,59
ʰ,59
Ս,58
پ,58
ˌ,58
ү,58
ǔ,58
ア,58
Ł,58
გ,57
ח,56
द,56
շ,56
Մ,56
会,55
պ,55
य,54
º,54
ὥ,54
村,54
ἥ,53
פ,53
山,53
ء,53
Ἔ,52
ث,52
Đ,52
ร,52
國,51
Қ,51
ט,50
天,50
آ,50
ʒ,49
ם,49
人,49
զ,49
Ż,48
フ,48
デ,48
タ,47
ク,47
ग,47
კ,46
Ἕ,46
道,46
น,46
日,45
ラ,45
Ú,45
ქ,45
ց,45
の,44
Ђ,44
প,44
ᾷ,43
জ,43
子,43
ŭ,43
ʻ,43
স,42
ხ,42
Ś,41
ত,41
ह,41
Ō,41
モ,41
য,40
Ø,40
ɨ,40
ッ,40
バ,40
Կ,40
北,39
ǐ,39
本,39
シ,39
ɲ,38
গ,38
І,38
க,38
Գ,38
한,37
국,37
Ὑ,37
レ,37
च,37
Ϋ,37
民,37
一,37
ม,37
Ῥ,37
Ἦ,36
ʼ,36
ʾ,36
ர,35
ἓ,35
ų,35
ज,35
ծ,35
ⱏ,35
Ἠ,34
Ὅ,34
カ,34
ז,34
社,34
ས,34
ʔ,34
ⴰ,34
ң,33
ァ,33
შ,33
선,33
צ,33
武,33
श,33
າ,33
է,33
家,32
マ,32
海,32
田,32
ท,32
Ἅ,32
ზ,32
ニ,31
ὧ,31
þ,31
ロ,31
ナ,31
ǒ,31
Ā,31
ە,31
խ,31
ĕ,31
ἣ,30
オ,30
Œ,30
Ḥ,30
式,30
ġ,30
林,30
河,30
민,30
ⰻ,30
Â,29
도,29
ɴ,29
文,29
ย,29
江,29
ռ,29
Վ,29
چ,29
寺,29
ϛ,29
ἧ,28
ハ,28
শ,28
조,28
Й,28
є,28
拳,28
ပ,28
ھ,28
ण,27
փ,27
ब,27
太,27
刀,27
白,27
上,27
Ţ,27
인,26
ც,26
ұ,26
ズ,26
サ,26
ʂ,26
ň,26
三,26
џ,26
忍,26
島,26
者,26
ҡ,26
テ,25
ὦ,25
ῴ,25
コ,25
ғ,25
ʋ,25
ذ,25
ṇ,25
ブ,25
プ,25
平,25
ḍ,25
ფ,25
ⵉ,25
һ,25
ট,24
ⲓ,24
ɫ,24
ध,24
წ,24
ส,24
ง,24
ィ,24
チ,24
ර,24
帝,24
ャ,24
བ,24
ܝ,24
Թ,24
င,24
ड,23
ム,23
হ,23
ů,23
西,23
ṯ,23
株,23
ძ,23
十,23
王,23
ʝ,23
ว,23
อ,23
地,23
Þ,23
ℝ,23
Բ,23
士,23
ܐ,23
ŏ,23
ก,23
ล,23
ⰰ,23
州,22
Ș,22
사,22
ር,22
ļ,22
ख,22
明,22
南,22
朝,22
ۇ,22
ɒ,22
기,22
新,22
ⲁ,22
Ե,22
ວ,22
ջ,22
ດ,21
ት,21
अ,21
भ,21
ὤ,21
語,21
Ϛ,21
ར,21
대,21
주,21
金,21
Տ,21
Ն,21
市,21
ப,20
ष,20
ⲙ,20
神,20
字,20
ʎ,20
セ,20
ウ,20
ũ,20
グ,20
東,20
少,20
เ,20
ນ,20
원,20
Պ,20
ṃ,20
ʌ,20
ⰵ,20
清,19
პ,19
和,19
五,19
高,19
八,19
ź,19
Լ,19
ẓ,19
京,18
ű,18
キ,18
ボ,18
ѣ,18
ะ,18
安,18
李,18
Ć,18
ṛ,18
த,18
パ,18
ག,18
ச,18
이,18
Ө,18
ⵜ,18
ਰ,18
พ,18
ḫ,18
Ի,18
华,18
ḏ,18
မ,18
ⰲ,18
È,17
រ,17
ᾧ,17
ἃ,17
ダ,17
Ὠ,17
術,17
エ,17
二,17
小,17
メ,17
ช,17
ὂ,17
四,17
木,17
郎,17
མ,17
城,17
Շ,17
ệ,17
球,17
湖,17
တ,17
의,17
ང,17
Ϟ,17
ਸ,17
ձ,17
ҙ,17
ⱄ,17
学,16
ກ,16
っ,16
ራ,16
Ț,16
藤,16
ட,16
公,16
န,16
ງ,16
ը,16
ⲥ,16
ད,16
青,16
Ğ,16
ခ,16
Ә,16
ⰾ,16
አ,15
Ñ,15
ʏ,15
চ,15
華,15
ʐ,15
皇,15
Ы,15
ガ,15
Յ,15
ყ,15
合,15
ต,15
ἒ,15
ベ,15
ܘ,15
韓,15
克,15
չ,15
ժ,15
ⵔ,15
ⵙ,15
ɟ,15
ৰ,15
Ϝ,15
Ү,15
ভ,15
ὓ,14
Ὄ,14
ⲟ,14
う,14
ĭ,14
花,14
台,14
九,14
歌,14
ザ,14
行,14
法,14
ュ,14
ด,14
方,14
ণ,14
治,14
আ,14
ค,14
川,14
ක,14
ம,14
ョ,14
ⲛ,14
어,14
園,14
և,14
县,14
ʤ,14
ລ,14
ⱀ,14
ⱅ,14
ⱝ,14
ய,13
ʑ,13
ʹ,13
ἳ,13
い,13
ɯ,13
水,13
ክ,13
ን,13
ስ,13
ŷ,13
ɵ,13
な,13
野,13
Ь,13
Ṣ,13
ĩ,13
ट,13
ன,13
汉,13
수,13
Ϲ,13
ܢ,13
Ў,13
ņ,13
부,13
會,13
龍,13
津,13
動,13
ສ,13
ⵏ,13
ຊ,13
འ,13
画,13
ই,13
百,13
ห,13
သ,13
ⰴ,13
ⱃ,13
ᾗ,12
ἆ,12
Ἥ,12
Ὕ,12
し,12
ち,12
ˀ,12
ረ,12
ワ,12
김,12
主,12
け,12
部,12
漢,12
Ք,12
ภ,12
평,12
内,12
心,12
年,12
화,12
வ,12
구,12
ܬ,12
东,12
区,12
Ո,12
Є,12
Ֆ,12
Զ,12
ҳ,12
女,12
ⲧ,12
侍,12
ۋ,12
က,12
ရ,12
术,12
全,12
阿,12
ⱁ,12
ក,11
黄,11
ῄ,11
ん,11
މ,11
އ,11
ⲉ,11
ビ,11
무,11
る,11
บ,11
ብ,11
ܣ,11
ܪ,11
थ,11
정,11
리,11
宮,11
ན,11
石,11
政,11
성,11
መ,11
Ռ,11
ץ,11
ມ,11
일,11
ճ,11
Փ,11
科,11
ড,11
ª,11
ѧ,11
ȣ,11
ເ,11
ယ,11
ჭ,11
宿,11
ᠠ,11
ȝ,11
진,10
ɦ,10
え,10
খ,10
ል,10
ῤ,10
正,10
Ὡ,10
ல,10
ਲ,10
化,10
原,10
元,10
生,10
ꙑ,10
ے,10
伝,10
ま,10
양,10
시,10
流,10
禅,10
Щ,10
美,10
ຈ,10
จ,10
同,10
ያ,10
ප,10
ư,10
ṅ,10
ⲣ,10
泉,10
時,10
ケ,10
吉,10
ゴ,10
ミ,10
ܡ,10
ゲ,10
Օ,10
省,10
佛,10
洛,10
Ŋ,10
雄,10
Դ,10
공,10
羅,10
ˁ,10
고,10
ම,10
Ə,10
教,10
Һ,10
府,10
ধ,10
Җ,10
ⱆ,10
ⰱ,10
ⱉ,10
ⴻ,10
람,10
ន,9
Ṭ,9
ᾠ,9
ອ,9
と,9
ঙ,9
り,9
ማ,9
ም,9
ދ,9
ⲏ,9
ツ,9
夫,9
ደ,9
ϝ,9
ღ,9
周,9
手,9
ʷ,9
門,9
成,9
た,9
都,9
義,9
世,9
语,9
龙,9
ェ,9
ທ,9
界,9
ස,9
Ћ,9
御,9
ɬ,9
ϕ,9
계,9
ḳ,9
로,9
동,9
Ê,9
广,9
族,9
Љ,9
ⵣ,9
치,9
ਗ,9
ܕ,9
ະ,9
강,9
喜,9
Ἤ,9
ਮ,9
օ,9
ⴷ,9
物,9
자,9
ڭ,9
镇,9
থ,9
春,9
아,9
的,9
光,9
Ғ,9
ꜣ,9
ⱑ,9
ⵓ,9
我,9
ඳ,9
연,8
가,8
ὢ,8
ບ,8
ば,8
も,8
ዳ,8
ও,8
ồ,8
洋,8
臺,8
Ġ,8
इ,8
은,8
不,8
音,8
仙,8
院,8
万,8
名,8
伊,8
ˤ,8
ǫ,8
ǧ,8
古,8
ሕ,8
黑,8
福,8
ĉ,8
ٹ,8
Ħ,8
千,8
赤,8
永,8
马,8
ව,8
න,8
ヒ,8
ʕ,8
電,8
ạ,8
ề,8
鮮,8
ῑ,8
ไ,8
천,8
삼,8
ێ,8
自,8
ľ,8
ῒ,8
协,8
ည,8
秀,8
夏,8
命,8
ϟ,8
남,8
戸,8
魏,8
Њ,8
足,8
利,8
ພ,8
ལ,8
共,8
ফ,8
ں,8
অ,8
池,8
恩,8
Ϻ,8
路,8
佐,8
ਵ,8
洲,8
ҷ,8
桃,8
Ҡ,8
信,8
ண,8
ꞑ,8
ჯ,8
ꜥ,8
ⰽ,8
饭,8
པ,8
們,8
张,7
友,7
ठ,7
Ὃ,7
Ἴ,7
ⲫ,7
お,7
き,7
ễ,7
風,7
ይ,7
ਬ,7
ヨ,7
灣,7
章,7
く,7
紫,7
仁,7
集,7
波,7
Ľ,7
宁,7
ֆ,7
红,7
極,7
德,7
ድ,7
ὣ,7
ヴ,7
ገ,7
雲,7
朱,7
ɜ,7
馬,7
ܒ,7
ཁ,7
합,7
下,7
戦,7
司,7
회,7
ⲗ,7
ۆ,7
당,7
ネ,7
苏,7
立,7
官,7
连,7
尔,7
ả,7
阳,7
ⵎ,7
ਨ,7
박,7
영,7
ソ,7
비,7
富,7
史,7
志,7
ķ,7
工,7
業,7
ϡ,7
ป,7
坂,7
壁,7
胡,7
ங,7
崎,7
舞,7
旗,7
協,7
ម,7
早,7
昌,7
문,7
산,7
안,7
ဝ,7
အ,7
ဒ,7
ɸ,7
ষ,7
殿,7
堂,7
군,7
ල,7
የ,7
ⱌ,7
ਤ,7
ⴱ,7
ਦ,7
老,7
레,6
지,6
ẽ,6
ស,6
場,6
ộ,6
軍,6
師,6
ላ,6
ނ,6
ਪ,6
ਜ,6
ᾐ,6
ക,6
星,6
ノ,6
玄,6
ʀ,6
松,6
か,6
ら,6
弘,6
親,6
英,6
ʉ,6
ศ,6
灯,6
Ē,6
ባ,6
ዋ,6
毛,6
康,6
竹,6
樂,6
ܛ,6
Ἂ,6
세,6
방,6
ⲱ,6
Ὦ,6
말,6
ố,6
ؤ,6
功,6
云,6
能,6
宝,6
फ,6
ተ,6
革,6
动,6
ゼ,6
维,6
井,6
ሳ,6
車,6
在,6
基,6
男,6
ך,6
拉,6
ษ,6
ќ,6
ⴳ,6
ϯ,6
ⲩ,6
菜,6
玉,6
आ,6
黒,6
ໃ,6
ঠ,6
絵,6
冒,6
塔,6
내,6
하,6
ર,6
Ī,6
澤,6
လ,6
ჩ,6
區,6
双,6
理,6
直,6
斗,6
亚,6
特,6
丈,6
แ,6
ӧ,6
湄,6
孔,6
ĺ,6
Ң,6
隊,6
君,6
ⴼ,6
ホ,6
Õ,6
ⰸ,6
ⱓ,6
ỉ,6
ⵍ,6
ಸ,6
ϳ,6
과,5
ᾴ,5
あ,5
さ,5
ゅ,5
を,5
じ,5
将,5
陽,5
雪,5
ለ,5
ঢ,5
ҧ,5
ލ,5
반,5
랑,5
湾,5
역,5
ŵ,5
は,5
み,5
条,5
六,5
定,5
記,5
長,5
が,5
無,5
Ð,5
ธ,5
җ,5
説,5
ユ,5
芝,5
角,5
兵,5
Ă,5
之,5
ង,5
ច,5
乐,5
ŝ,5
ċ,5
代,5
照,5
उ,5
ڑ,5
后,5
度,5
Ô,5
ᵻ,5
ཕ,5
관,5
손,5
達,5
有,5
限,5
ܠ,5
維,5
ế,5
香,5
總,5
ϣ,5
温,5
재,5
ォ,5
Խ,5
Ϙ,5
徽,5
党,5
Ё,5
호,5
奥,5
장,5
丹,5
ɹ,5
룡,5
土,5
스,5
ʱ,5
統,5
奇,5
Է,5
โ,5
Ъ,5
柳,5
越,5
គ,5
俱,5
寶,5
垣,5
ⲡ,5
溪,5
두,5
店,5
鉄,5
雨,5
ຮ,5
丸,5
写,5
ள,5
ነ,5
用,5
鬼,5
ត,5
里,5
나,5
라,5
신,5
ਹ,5
藏,5
蘇,5
ᾱ,5
映,5
በ,5
ถ,5
外,5
छ,5
ந,5
ҥ,5
散,5
秋,5
话,5
દ,5
ଶ,5
縣,5
墨,5
ӹ,5
려,5
门,5
桥,5
加,5
ಗ,5
委,5
入,5
ˠ,5
师,5
鼓,5
ନ,5
ছ,5
Չ,5
ȁ,5
豆,5
ⲭ,5
ơ,5
機,5
ⰳ,5
ⱈ,5
ⱂ,5
ⰶ,5
ⱜ,5
學,5
午,5
ቅ,5
漫,5
ኢ,5
ዮ,5
ጵ,5
織,5
遠,5
ත,5
글,5
오,4
ល,4
育,4
つ,4
ろ,4
ግ,4
ቤ,4
ዊ,4
ኃ,4
ހ,4
ĵ,4
智,4
ई,4
ኤ,4
書,4
知,4
ȟ,4
ల,4
യ,4
এ,4
季,4
表,4
言,4
愛,4
滅,4
楽,4
ギ,4
張,4
Ḳ,4
宇,4
ẋ,4
植,4
守,4
央,4
柔,4
氣,4
剣,4
居,4
所,4
Ѓ,4
Ò,4
甲,4
想,4
牛,4
Ծ,4
ọ,4
徳,4
赛,4
奘,4
紀,4
상,4
ܓ,4
Ὥ,4
黃,4
ὒ,4
ᾖ,4
ˑ,4
ポ,4
ǰ,4
ક,4
લ,4
ழ,4
籃,4
중,4
ܙ,4
壮,4
ゥ,4
論,4
哈,4
篮,4
郑,4
ť,4
Ѡ,4
윤,4
善,4
ỳ,4
ਕ,4
Ū,4
匹,4
림,4
다,4
Ė,4
燈,4
棋,4
焼,4
雅,4
瀬,4
峰,4
通,4
楊,4
伽,4
賢,4
也,4
技,4
研,4
良,4
长,4
ܩ,4
班,4
员,4
អ,4
微,4
左,4
철,4
음,4
兰,4
崇,4
輪,4
ⲃ,4
葉,4
桑,4
ژ,4
味,4
Ꙗ,4
橋,4
권,4
전,4
翼,4
현,4
ຫ,4
ຂ,4
豊,4
ᾰ,4
浮,4
重,4
ӣ,4
ប,4
හ,4
উ,4
険,4
ở,4
ピ,4
母,4
금,4
서,4
虎,4
內,4
經,4
伎,4
ዲ,4
面,4
학,4
태,4
제,4
唐,4
團,4
に,4
火,4
联,4
洪,4
蔡,4
卦,4
渡,4
間,4
준,4
ঞ,4
앙,4
ⱨ,4
ƣ,4
最,4
마,4
房,4
塞,4
碑,4
గ,4
최,4
유,4
商,4
作,4
梁,4
释,4
楼,4
더,4
경,4
ஷ,4
ର,4
ṁ,4
蘭,4
陵,4
右,4
죽,4
ထ,4
ἲ,4
米,4
ⱞ,4
ⵢ,4
源,4
黨,4
ヤ,4
瓜,4
撃,4
루,4
ⵡ,4
真,4
哩,4
你,4
Ỉ,4
르,3
య,3
ʧ,3
体,3
场,3
ᾀ,3
ょ,3
ず,3
征,3
夷,3
陰,3
祭,3
幌,3
ሐ,3
ሪ,3
ɘ,3
ጉ,3
ዝ,3
ቀ,3
ሥ,3
ሴ,3
ɢ,3
數,3
ϰ,3
迅,3
話,3
念,3
ല,3
ए,3
瑞,3
远,3
思,3
尾,3
ひ,3
延,3
孝,3
草,3
敦,3
後,3
仮,3
ヲ,3
常,3
是,3
為,3
ڵ,3
ѩ,3
怡,3
寧,3
ǃ,3
ǁ,3
谋,3
ご,3
沙,3
ӕ,3
极,3
県,3
領,3
吳,3
盛,3
気,3
嘉,3
得,3
ฟ,3
ฐ,3
ሬ,3
ጅ,3
វ,3
夢,3
ሮ,3
ሚ,3
ሔ,3
ች,3
ና,3
ḷ,3
ሌ,3
押,3
ට,3
趙,3
령,3
ञ,3
घ,3
Ἃ,3
ې,3
刘,3
맨,3
對,3
ɭ,3
茶,3
ử,3
ứ,3
ܫ,3
禪,3
宗,3
ℛ,3
ℳ,3
ϩ,3
ˇ,3
ｎ,3
ｅ,3
Ղ,3
浙,3
建,3
Ĥ,3
爵,3
侯,3
進,3
憲,3
ị,3
羽,3
Ṁ,3
Ṛ,3
Ý,3
ⵖ,3
ѡ,3
架,3
표,3
第,3
冬,3
运,3
창,3
픽,3
幹,3
食,3
氏,3
용,3
미,3
여,3
ཚ,3
七,3
形,3
館,3
灘,3
芸,3
令,3
茂,3
僧,3
摩,3
乘,3
景,3
ณ,3
嫦,3
娥,3
号,3
ṙ,3
布,3
Ժ,3
ਆ,3
ⴽ,3
ⵊ,3
ޔ,3
廣,3
법,3
단,3
근,3
ℍ,3
柱,3
袁,3
抱,3
影,3
ⲅ,3
精,3
战,3
Ǧ,3
Ѧ,3
Ȣ,3
묵,3
청,3
포,3
猫,3
铁,3
魔,3
ຕ,3
ແ,3
ປ,3
ຽ,3
ໄ,3
禹,3
姫,3
疾,3
圓,3
菊,3
紋,3
ѝ,3
派,3
庄,3
朗,3
保,3
活,3
空,3
鋼,3
錬,3
Ἵ,3
岡,3
威,3
ខ,3
ព,3
ද,3
ớ,3
ވ,3
滿,3
紅,3
辰,3
銃,3
勒,3
巴,3
陳,3
ﺣ,3
만,3
년,3
찬,3
광,3
드,3
온,3
는,3
壹,3
若,3
衆,3
夜,3
森,3
死,3
麵,3
油,3
放,3
凰,3
소,3
စ,3
ҹ,3
ď,3
壤,3
探,3
ɱ,3
擂,3
剑,3
意,3
次,3
承,3
孫,3
興,3
兴,3
凱,3
વ,3
ଲ,3
ẏ,3
象,3
依,3
达,3
可,3
图,3
舒,3
什,3
叶,3
督,3
冲,3
員,3
ɥ,3
차,3
鎮,3
久,3
塘,3
岩,3
వ,3
ϖ,3
ⲑ,3
腾,3
ҫ,3
ⲕ,3
മ,3
ള,3
议,3
飞,3
互,3
婁,3
ﻪ,3
Ҥ,3
柏,3
泽,3
来,3
单,3
校,3
幸,3
泰,3
引,3
宋,3
舍,3
불,3
超,3
위,3
ବ,3
ୱ,3
狐,3
ற,3
廳,3
ʙ,3
衛,3
臨,3
ƿ,3
ਧ,3
零,3
우,3
书,3
ำ,3
ᠯ,3
ᠨ,3
完,3
ᠳ,3
望,3
ⰿ,3
事,3
圭,3
そ,3
ģ,3
꽁,3
족,3
強,3
造,3
染,3
関,3
ѵ,3
邦,3
麻,3
耶,3
Ї,3
瓠,3
ǵ,3
ӯ,3
ผ,3
园,3
厦,3
ਅ,3
す,3
ዶ,3
ቲ,3
奈,3
昆,3
鳳,3
ဘ,3
願,3
尊,3
ཆ,3
ף,3
ሲ,3
れ,3
ḯ,3
哀,3
Ἆ,3
స,3
സ,3
ණ,3
Ὤ,3
枸,3
杞,3
각,2
별,2
클,2
ರ,2
ಪ,2
ಯ,2
ര,2
പ,2
ଟ,2
ଙ,2
କ,2
ᾕ,2
ĸ,2
へ,2
札,2
ጋ,2
ރ,2
ގ,2
ފ,2
尻,2
ɚ,2
斬,2
ῡ,2
ǀ,2
ಕ,2
ਇ,2
행,2
帖,2
劉,2
ɖ,2
宣,2
位,2
納,2
呂,2
涅,2
槃,2
諸,2
己,2
Ἧ,2
艺,2
爸,2
宙,2
Ἣ,2
群,2
岛,2
ϗ,2
庁,2
Ń,2
巾,2
受,2
ѫ,2
ጎ,2
录,2
賀,2
逸,2
ទ,2
个,2
梦,2
個,2
ኦ,2
ሰ,2
ቦ,2
Ř,2
Ź,2
ᐃ,2
現,2
황,2
식,2
鄭,2
典,2
丁,2
ශ,2
ජ,2
ය,2
ஸ,2
ጭ,2
ङ,2
체,2
Џ,2
ど,2
झ,2
蜀,2
설,2
涼,2
ᾅ,2
ཧ,2
본,2
悪,2
ᗅ,2
宏,2
際,2
股,2
份,2
ચ,2
છ,2
જ,2
品,2
ẩ,2
ầ,2
忠,2
ữ,2
港,2
இ,2
杨,2
振,2
벌,2
ｍ,2
ｏ,2
ｒ,2
Ｂ,2
Ｕ,2
碼,2
暴,2
塾,2
由,2
歩,2
拿,2
杰,2
爾,2
鏡,2
板,2
船,2
柴,2
猿,2
防,2
沈,2
ቱ,2
肥,2
那,2
服,2
Ќ,2
ȳ,2
尹,2
致,2
보,2
ϸ,2
희,2
축,2
届,2
ẚ,2
ㅊ,2
吾,2
回,2
隠,2
衣,2
磐,2
び,2
産,2
Ì,2
潮,2
ۍ,2
俐,2
历,2
提,2
医,2
传,2
陀,2
慶,2
嵩,2
室,2
拼,2
ẖ,2
ḇ,2
强,2
樓,2
Ѫ,2
𐎠,2
𐏁,2
闽,2
勝,2
舉,2
举,2
进,2
Ď,2
绿,2
申,2
綠,2
ǜ,2
ބ,2
ﷲ,2
淘,2
济,2
홍,2
ϵ,2
ℂ,2
装,2
酒,2
就,2
Ǝ,2
疆,2
Ｓ,2
钧,2
先,2
驌,2
ḱ,2
旨,2
ꙗ,2
Ѣ,2
Ѱ,2
노,2
ຄ,2
畑,2
案,2
ぷ,2
眼,2
銀,2
Ť,2
爆,2
Ë,2
め,2
ཇ,2
ﺍ,2
紙,2
落,2
巻,2
錦,2
狩,2
改,2
ʨ,2
版,2
谷,2
ሱ,2
ជ,2
ធ,2
ហ,2
珠,2
玛,2
俊,2
𐎢,2
ﻯ,2
满,2
ﺮ,2
ਖ,2
백,2
덕,2
仲,2
変,2
態,2
昭,2
迪,2
빛,2
에,2
운,2
슬,2
쳐,2
길,2
을,2
들,2
억,2
뜻,2
સ,2
ⲇ,2
靈,2
洞,2
佰,2
仟,2
博,2
芳,2
扁,2
邓,2
沢,2
औ,2
扯,2
陕,2
ঘ,2
域,2
교,2
꽃,2
索,2
套,2
打,2
总,2
局,2
对,2
练,2
莫,2
吴,2
孙,2
棍,2
掌,2
关,2
近,2
许,2
为,2
흥,2
간,2
標,2
準,2
熊,2
町,2
凯,2
મ,2
ଇ,2
ʽ,2
ટ,2
发,2
报,2
ⱪ,2
乌,2
坪,2
喀,2
陶,2
蒙,2
其,2
丰,2
屯,2
瀛,2
徒,2
ᠶ,2
ᠭ,2
ใ,2
항,2
러,2
Ꙡ,2
ꙡ,2
ῢ,2
ဟ,2
ۊ,2
웅,2
Ӝ,2
ӝ,2
Ҷ,2
Ҹ,2
栗,2
头,2
深,2
檀,2
寨,2
ହ,2
獣,2
阮,2
ओ,2
ဆ,2
ᛋ,2
纪,2
线,2
ჟ,2
ܦ,2
ḻ,2
ዓ,2
伦,2
談,2
组,2
织,2
葫,2
ſ,2
패,2
럴,2
ƶ,2
𐭔,2
灵,2
究,2
护,2
卫,2
雍,2
竺,2
经,2
顺,2
阁,2
圆,2
冥,2
级,2
그,2
통,2
발,2
萬,2
ɮ,2
郡,2
육,2
북,2
们,2
섬,2
송,2
ଓ,2
ଉ,2
ଖ,2
ଳ,2
ୟ,2
ଷ,2
Ƣ,2
ˆ,2
엔,2
ɰ,2
敎,2
佑,2
ܟ,2
ḵ,2
ৎ,2
亭,2
曲,2
別,2
以,2
Ꞑ,2
ƅ,2
級,2
형,2
Ķ,2
ໂ,2
偉,2
ꠛ,2
니,2
ꠍ,2
ꠟ,2
ꠐ,2
麗,2
모,2
ﻨ,2
ⵗ,2
僕,2
分,2
ળ,2
阪,2
ᡥ,2
ᠣ,2
ぶ,2
朴,2
Ⲓ,2
妙,2
Ӹ,2
魂,2
陸,2
敬,2
聖,2
罡,2
ญ,2
佩,2
報,2
ڕ,2
て,2
ⵟ,2
ਭ,2
ਈ,2
ਘ,2
旺,2
총,2
務,2
낙,2
크,2
魚,2
鱼,2
봉,2
병,2
ሊ,2
ฉ,2
열,2
Ϡ,2
鲜,2
블,2
ኪ,2
ዱ,2
梗,2
隅,2
乾,2
製,2
ꙮ,2
梵,2
净,2
殊,2
莞,2
𐌰,2
娜,2
萍,2
余,2
丽,2
Ḏ,2
臣,2
ⵛ,2
鄧,2
ٱ,2
冰,2
多,2
攻,2
슈,2
ଭ,2
节,2
ṕ,2
恭,2
அ,2
槟,2
榔,2
屿,2
荒,2
霊,2
塁,2
蓮,2
ㆍ,2
ㅓ,2
요,2
ѳ,2
扶,2
狗,2
巩,2
聯,2
賽,2
節,2
ぬ,2
段,2
詞,2
墳,2
墓,2
ǂ,2
慈,2
彝,2
诺,2
ĳ,2
姬,2
Ձ,2
ኒ,2
哲,2
거,2
総,2
慢,2
紧,2
傘,2
廊,2
競,2
辭,2
ѓ,2
ណ,2
呦,2
Ｖ,2
仔,2
Ճ,2
ǝ,2
ぴ,2
승,2
哔,2
嗶,2
獒,2
ﻤ,2
ﻲ,2
傳,2
旦,2
如,2
免,2
債,2
糊,2
ཙ,2
ཉ,2
ཤ,2
ϙ,2
ᾇ,2
Ὧ,2
ฎ,2
ˏ,2
ĥ,2
Ἓ,2
期,2
ể,2
件,2
凡,2
탑,2
军,2
厚,2
麒,2
麟,2
幻,2
텔,2
죤,2
攘,2
列,2
ത,2
紂,2
辛,2
搜,2
于,2
Ċ,2
ӄ,2
ㄹ,2
誠,2
ꙁ,2
ꙋ,2
彫,2
ɝ,1
ర,1
ప,1
现,1
璠,1
體,1
鸟,1
巢,1
舟,1
ぽ,1
で,1
ゃ,1
ぢ,1
づ,1
ሻ,1
ޝ,1
ϫ,1
ށ,1
ކ,1
ҟ,1
葵,1
魁,1
蔣,1
ጀ,1
魄,1
算,1
魯,1
鲁,1
樹,1
树,1
ಏ,1
ಲ,1
క,1
ஏ,1
ഏ,1
ਚ,1
鷹,1
議,1
兆,1
杜,1
甫,1
芭,1
蕉,1
げ,1
ね,1
禄,1
弐,1
寛,1
枕,1
寿,1
篁,1
애,1
働,1
辻,1
峠,1
ふ,1
片,1
ゐ,1
ゑ,1
ヰ,1
ヱ,1
順,1
般,1
経,1
寂,1
ڬ,1
笼,1
挂,1
직,1
할,1
Ϗ,1
ᵞ,1
力,1
Ą,1
盤,1
襴,1
衫,1
幞,1
頭,1
崔,1
弟,1
惣,1
腹,1
杖,1
ۀ,1
ቆ,1
席,1
ຣ,1
鍾,1
亞,1
瑟,1
ቡ,1
ፋ,1
Ů,1
ổ,1
ᖃ,1
ᓗ,1
ᑦ,1
権,1
赡,1
棣,1
欢,1
압,1
ₑ,1
ධ,1
ஜ,1
佗,1
雉,1
님,1
宫,1
ۓ,1
鍔,1
震,1
ﺗ,1
ﻴ,1
ﻠ,1
刃,1
ờ,1
晓,1
穣,1
芙,1
蓉,1
蛋,1
ḗ,1
ᗺ,1
ᗷ,1
狂,1
豪,1
牌,1
ấ,1
犬,1
Ẑ,1
ཐ,1
농,1
협,1
ஞ,1
Ἒ,1
駆,1
Ｃ,1
Ｔ,1
ｈ,1
ｃ,1
ａ,1
ｐ,1
ｉ,1
ｇ,1
ｓ,1
ｔ,1
Ｎ,1
激,1
鬥,1
贵,1
Ȟ,1
甘,1
肃,1
伯,1
邸,1
醫,1
推,1
ẗ,1
濱,1
滨,1
澳,1
ụ,1
Ǻ,1
霍,1
囃,1
閤,1
具,1
仰,1
韶,1
瀋,1
케,1
팝,1
ሙ,1
ሾ,1
ऊ,1
环,1
融,1
ɻ,1
支,1
ẞ,1
ɷ,1
Ꙍ,1
ꙍ,1
Ѻ,1
ѻ,1
昊,1
潽,1
ắ,1
팀,1
脱,1
出,1
면,1
択,1
捉,1
筵,1
撫,1
禰,1
占,1
色,1
ǚ,1
座,1
薮,1
올,1
ㅍ,1
紇,1
鶻,1
Ҿ,1
尋,1
韩,1
干,1
ᵹ,1
軽,1
ኝ,1
Ɑ,1
ʦ,1
梯,1
嶺,1
Ɖ,1
性,1
連,1
帶,1
曾,1
妮,1
浄,1
瑠,1
璃,1
鳴,1
渦,1
予,1
渕,1
峡,1
寒,1
霞,1
渓,1
瞳,1
遷,1
樵,1
记,1
初,1
타,1
ѕ,1
ڀ,1
ٽ,1
ʈ,1
例,1
菩,1
续,1
收,1
跋,1
登,1
封,1
衒,1
藍,1
昣,1
说,1
蹟,1
싸,1
黙,1
匈,1
奴,1
健,1
Ὴ,1
𐎼,1
𐎶,1
杭,1
额,1
尼,1
确,1
Ը,1
才,1
实,1
恒,1
恆,1
牧,1
건,1
률,1
혜,1
鸣,1
焕,1
Ĳ,1
丘,1
卻,1
ⲍ,1
翠,1
ढ,1
妖,1
袓,1
戈,1
Ａ,1
磨,1
黎,1
邳,1
ګ,1
Ȝ,1
녹,1
虹,1
站,1
众,1
快,1
速,1
交,1
浦,1
助,1
帽,1
楓,1
握,1
菱,1
裁,1
刈,1
紬,1
屋,1
咆,1
ຖ,1
ຳ,1
ຜ,1
ໝ,1
ຝ,1
ຍ,1
ޤ,1
ސ,1
ȯ,1
畠,1
鍋,1
数,1
独,1
ῠ,1
毫,1
葡,1
幣,1
竜,1
転,1
せ,1
ぇ,1
返,1
舎,1
洒,1
滑,1
稽,1
憂,1
広,1
蔵,1
ᾤ,1
ڙ,1
濤,1
劇,1
浜,1
ឥ,1
ដ,1
ឋ,1
穆,1
ѐ,1
ෂ,1
Ѹ,1
𐎤,1
𐎽,1
號,1
ϥ,1
羹,1
湯,1
層,1
𐀢,1
𐀫,1
순,1
団,1
よ,1
ﻀ,1
침,1
득,1
름,1
랜,1
력,1
란,1
난,1
론,1
몸,1
맘,1
바,1
받,1
깃,1
뭉,1
센,1
앞,1
솟,1
힘,1
밀,1
으,1
없,1
ਥ,1
ફ,1
ખ,1
બ,1
否,1
認,1
鎌,1
倉,1
倒,1
裏,1
ℵ,1
扑,1
觀,1
升,1
伍,1
図,1
妓,1
観,1
遺,1
跡,1
枢,1
軸,1
ͱ,1
顯,1
显,1
取,1
ぐ,1
や,1
赫,1
ⁿ,1
遊,1
戯,1
Ց,1
Ɋ,1
ⵘ,1
潑,1
泼,1
怪,1
籧,1
篨,1
陌,1
𑄢,1
𑄋,1
𑄟,1
𑄖,1
𑄡,1
枝,1
裕,1
血,1
汗,1
涙,1
탄,1
ဓ,1
ṵ,1
ဂ,1
능,1
배,1
외,1
환,1
鴻,1
扉,1
ٴ,1
情,1
Ŭ,1
ỷ,1
Ͳ,1
혁,1
际,1
摔,1
跤,1
擒,1
难,1
查,1
翻,1
炮,1
捶,1
咏,1
陈,1
枪,1
时,1
ゆ,1
邊,1
择,1
硕,1
碩,1
晏,1
慜,1
胶,1
辽,1
飆,1
ˉ,1
ˊ,1
ˋ,1
પ,1
ڇ,1
ਡ,1
ષ,1
ڌ,1
ڪ,1
ڊ,1
陆,1
こ,1
类,1
展,1
告,1
谊,1
馆,1
疏,1
附,1
Ⱪ,1
圖,1
柯,1
ﻗ,1
ﺘ,1
ﻮ,1
ﻭ,1
郭,1
楞,1
垦,1
乎,1
佳,1
岱,1
輿,1
嬌,1
ᠢ,1
ᠮ,1
ฬ,1
틸,1
ӓ,1
ӱ,1
Ḩ,1
ℰ,1
Ӌ,1
ӌ,1
Ӂ,1
ӂ,1
肖,1
排,1
岭,1
珍,1
庭,1
枧,1
跑,1
蒿,1
罗,1
坑,1
楠,1
托,1
凤,1
滟,1
背,1
湴,1
喬,1
ଗ,1
ಇ,1
ఇ,1
ڼ,1
溫,1
观,1
汽,1
车,1
希,1
臘,1
宛,1
ϧ,1
奔,1
稲,1
荷,1
朋,1
钦,1
į,1
律,1
项,1
注,1
석,1
복,1
것,1
ဍ,1
ၚ,1
അ,1
റ,1
ബ,1
ۻ,1
ഴ,1
ച,1
ഗ,1
ፈ,1
犁,1
允,1
残,1
很,1
彦,1
瓊,1
殖,1
肇,1
芦,1
蘆,1
錄,1
Ḑ,1
ﺋ,1
ﯘ,1
Ⲫ,1
宰,1
失,1
格,1
𐭊,1
𐭅,1
𐭍,1
𐭇,1
𐭕,1
𐭓,1
尚,1
璋,1
顶,1
桐,1
归,1
童,1
值,1
点,1
批,1
偃,1
缑,1
颍,1
应,1
普,1
露,1
纯,1
邙,1
傅,1
毅,1
愔,1
秦,1
遵,1
摄,1
风,1
调,1
接,1
凉,1
毗,1
卢,1
佶,1
启,1
开,1
持,1
斋,1
客,1
祖,1
钟,1
卧,1
齐,1
迦,1
末,1
명,1
왕,1
應,1
鎭,1
緋,1
緞,1
薪,1
境,1
壘,1
陣,1
ଛ,1
ଡ,1
ଆ,1
ଈ,1
ଊ,1
ଞ,1
ଜ,1
ଯ,1
ସ,1
唄,1
ඩ,1
狸,1
티,1
硏,1
厅,1
𓂀,1
ȃ,1
특,1
ҵ,1
물,1
욱,1
瑛,1
Ƅ,1
Ӓ,1
Ӧ,1
Ӱ,1
壯,1
급,1
잠,1
함,1
潛,1
艦,1
업,1
판,1
콤,1
퓨,1
터,1
荀,1
況,1
跃,1
ኛ,1
住,1
口,1
ꠘ,1
ꠝ,1
ꠞ,1
너,1
鐵,1
餅,1
靑,1
糕,1
吞,1
닭,1
볶,1
탕,1
句,1
해,1
욕,1
ﺒ,1
ﺲ,1
习,1
锦,1
涛,1
Ұ,1
Ⲁ,1
ઢ,1
ळ,1
હ,1
ડ,1
ધ,1
ٷ,1
磯,1
ᠰ,1
ᡳ,1
ᡠ,1
ᡨ,1
濃,1
ው,1
掛,1
익,1
ᠵ,1
Ã,1
邺,1
鄴,1
Ƶ,1
Ɵ,1
Ⴍ,1
ⴍ,1
Ⴡ,1
ⴡ,1
ჱ,1
Ⴒ,1
ⴒ,1
使,1
ჲ,1
畜,1
訓,1
统,1
街,1
痴,1
鈴,1
樸,1
飛,1
環,1
劍,1
炁,1
蹻,1
ⱗ,1
ⱒ,1
ⰼ,1
ⱋ,1
ⱎ,1
瑤,1
幾,1
擇,1
勛,1
籌,1
適,1
演,1
譯,1
難,1
藝,1
類,1
聚,1
截,1
ꭠ,1
ꭡ,1
ꭣ,1
Ҕ,1
ҕ,1
燕,1
벨,1
벳,1
歳,1
ⵀ,1
宜,1
淵,1
娘,1
賭,1
砒,1
霜,1
디,1
런,1
ɗ,1
ӗ,1
汪,1
ڤ,1
ڠ,1
ዐ,1
ቢ,1
ህ,1
箏,1
절,1
系,1
触,1
姦,1
랙,1
핑,1
Ɔ,1
偵,1
ኔ,1
蜡,1
梅,1
属,1
尙,1
膳,1
わ,1
悔,1
閩,1
ṳ,1
ꯏ,1
ꯝ,1
ꯐ,1
ꯜ,1
発,1
庇,1
始,1
穴,1
む,1
狢,1
牂,1
牁,1
冠,1
弥,1
像,1
營,1
鸭,1
首,1
钢,1
队,1
庙,1
磬,1
锤,1
須,1
剛,1
银,1
𐌻,1
𐍂,1
𐌴,1
𐌹,1
𐌺,1
𐍃,1
생,1
충,1
豔,1
鵬,1
姜,1
姐,1
ɧ,1
袋,1
倫,1
匡,1
衡,1
挙,1
従,1
妻,1
ⵈ,1
范,1
Ɣ,1
謝,1
潘,1
팅,1
ŕ,1
ତ,1
佤,1
ঐ,1
ৱ,1
Ҙ,1
Ҫ,1
ણ,1
અ,1
ન,1
넝,1
쿨,1
째,1
굴,1
素,1
ⵄ,1
团,1
跳,1
対,1
浅,1
茅,1
矢,1
嶽,1
霸,1
ḿ,1
ẃ,1
彩,1
暁,1
峻,1
泊,1
姉,1
𒋾,1
𒂟,1
単,1
眠,1
猷,1
廟,1
企,1
月,1
ぎ,1
야,1
旃,1
돌,1
倻,1
ㆎ,1
ㅣ,1
ㅏ,1
녕,1
프,1
듀,1
貞,1
詹,1
齡,1
樣,1
Ĵ,1
Ĉ,1
ሓ,1
ሂ,1
ወ,1
線,1
坡,1
猛,1
狮,1
姣,1
ਟ,1
潤,1
ਣ,1
ڻ,1
职,1
业,1
職,1
牟,1
杯,1
ຢ,1
禁,1
突,1
雷,1
ꓯ,1
ਝ,1
禧,1
ꯃ,1
ꯇ,1
ꯂ,1
ꯟ,1
ꆈ,1
ꌠ,1
ꉙ,1
諾,1
莱,1
예,1
맥,1
濊,1
貊,1
餘,1
ቶ,1
巨,1
ዘ,1
옥,1
저,1
置,1
溝,1
ꜜ,1
ꠜ,1
ꠉ,1
抖,1
貴,1
横,1
非,1
勢,1
至,1
풍,1
쥐,1
잘,1
있,1
벙,1
찾,1
틀,1
때,1
決,1
頂,1
岳,1
盘,1
又,1
譲,1
送,1
셋,1
뉴,1
運,1
佔,1
売,1
鈿,1
靜,1
瓮,1
養,1
漪,1
藻,1
鑒,1
墩,1
蟾,1
閣,1
壽,1
頤,1
몰,1
ᾔ,1
曽,1
根,1
ṉ,1
亮,1
邉,1
Ϫ,1
穂,1
積,1
ភ,1
屠,1
ⴹ,1
講,1
寢,1
題,1
烈,1
祠,1
茯,1
苓,1
ڨ,1
Ջ,1
ஈ,1
ಮ,1
జ,1
డ,1
ၵ,1
ၶ,1
ၸ,1
ၺ,1
ၼ,1
ၽ,1
ၾ,1
ႁ,1
ဢ,1
ၷ,1
ၹ,1
ၿ,1
ၻ,1
ႀ,1
琶,1
겨,1
피,1
鲨,1
鯊,1
貔,1
貅,1
ヶ,1
Ѩ,1
Ѭ,1
ѭ,1
玲,1
於,1
ﺪ,1
ﺃ,1
ﻧ,1
ﺎ,1
ﻳ,1
ﻛ,1
ﺯ,1
閃,1
闪,1
电,1
邪,1
向,1
彬,1
何,1
鎖,1
ⲝ,1
ތ,1
ⱱ,1
Ἶ,1
Ᾱ,1
냻,1
汤,1
ẹ,1
暦,1
農,1
曆,1
农,1
润,1
淇,1
父,1
降,1
飲,1
今,1
賜,1
給,1
了,1
叫,1
遇,1
見,1
試,1
救,1
脫,1
離,1
凶,1
惡,1
因,1
權,1
柄,1
榮,1
耀,1
到,1
易,1
伏,1
羲,1
ᾎ,1
跆,1
醬,1
ǣ,1
ѷ,1
ཀ,1
ཅ,1
ཞ,1
ᵢ,1
ℕ,1
篠,1
卐,1
卍,1
斎,1
誌,1
蚩,1
尤,1
效,1
詠,1
ἇ,1
ሃ,1
ፌ,1
ዴ,1
ሞ,1
ፐ,1
ᾄ,1
ऐ,1
ኣ,1
ᾌ,1
ܖ,1
Ḵ,1
ฒ,1
ẍ,1
ϐ,1
ᾼ,1
ῌ,1
ῼ,1
Ѯ,1
ѯ,1
ϱ,1
ϲ,1
ऋ,1
ϑ,1
ѱ,1
熹,1
릉,1
월,1
屁,1
暢,1
豌,1
槍,1
濟,1
峪,1
脉,1
莲,1
无,1
ሜ,1
ፓ,1
霧,1
코,1
개,1
ܚ,1
狄,1
짓,1
막,1
谢,1
宸,1
伟,1
昱,1
ﬁ,1
엑,1
莽,1
质,1
質,1
斷,1
袖,1
癖,1
蝶,1
隆,1
헌,1
Ⲥ,1
航,1
ẫ,1
嗔,1
猪,1
Ƿ,1
ቐ,1
ḩ,1
终,1
終,1
核,1
危,1
机,1
相,1
詩,1
刄,1
ሀ,1
ዩ,1
ቨ,1
ሶ,1
果,1
肉,1
桂,1
問,1
蕃,1
解,1
ặ,1
ậ,1
យ,1
奧,1
身,1
剳,1
黥,1
刺,1
戊,1
争,1
勅,1
習,1
藩,1
盟,1
箇,1
誓,1
選,1
組,1
Ґ,1
器,1
包,1
霑,1
ừ,1
ഹ,1
ജ,1
顿,1
頓,1
單,1
심,1
尧,1
堯,1
昺,1
则,1
ԥ,1
ȏ,1
模,1
鞭,1
鹊,1
실,1
종,1
느,1
와,1
摺,1
Ὂ,1
울,1
꿀,1
ㄲ,1
ㅜ,1
ㅂ,1
훈,1
암,1
햇,1
언,1
ᾯ,1
砂,1
蔻,1
焦,1
ጥ,1
ጣ,1
ཏ,1
坛,1
Û,1
端,1
酎,1
喼,1
汁,1
辣,1
酱,1
檗,1
絶,1
鉋,1
鈍,1
薄,1
針,1
賊,1
鎧,1
鎚,1
鐚,1
簪,1
鋸,1
銓,1
毒,1
鍍,1
炎,1
鞘,1
拍,1
喝,1
采,1
隼,1
两,1
ග,1
ታ,1
ቁ,1
ጊ,1
产,1
產,1
ᾦ,1
巧,1
Ւ,1
Ր,1
베,1
카,1
苦,1
எ,1
塚,1
卓,1
ᾆ,1
ỹ,1
Ḫ,1
럭,1
키,1
ܥ,1
ᵒ,1
ǿ,1
ằ,1
