e,57487859
s,30494248
a,29985579
n,29620225
i,28133013
t,27715188
r,26812193
l,22270574
u,21895373
o,21415115
d,16518506
c,12431034
p,11113628
m,10543470
é,9816379
v,4727236
g,4397427
f,3922149
q,3359042
h,3321800
b,3181343
à,1707520
L,1675280
x,1669504
è,1616348
y,1407723
C,1169479
A,943378
S,911922
j,800515
P,788410
M,744734
E,660315
I,644057
B,602823
D,599206
ê,470498
R,462233
F,446055
T,435939
G,414075
k,414041
z,380543
N,332995
J,305924
H,297690
V,279616
O,265505
U,231921
ç,227064
ô,201847
â,174061
É,171018
w,166198
î,158046
K,140446
W,121595
ù,97634
œ,77636
À,76645
ï,61982
Q,60318
Y,55771
û,53420
X,44781
Z,44768
ë,18717
á,13077
ü,12158
ö,10120
í,9139
ó,8519
Â,8188
ō,7917
Î,7285
ā,5073
ä,4885
ú,2909
α,2807
ñ,2796
æ,2792
ū,2673
ć,2664
š,2345
ã,2011
ł,1761
Œ,1751
ο,1578
ī,1451
ø,1339
ă,1277
Æ,1251
č,1203
ν,1190
ρ,1188
β,1155
ι,1141
ς,1134
λ,1121
ș,1056
ε,1016
ò,1002
ț,952
μ,937
а,922
σ,921
ː,914
ß,855
π,849
τ,843
ń,829
È,819
Ö,810
о,807
Á,805
ž,802
å,781
γ,768
и,763
κ,712
ı,708
ð,705
δ,698
ا,679
ì,633
е,614
н,614
ý,604
ω,601
ś,598
φ,588
р,563
ệ,561
Ê,557
Đ,555
Ç,554
ē,549
θ,533
Š,533
ℝ,529
ÿ,516
ό,459
Ō,452
ğ,444
ί,444
η,443
ل,433
т,423
Å,420
υ,414
к,413
ř,412
с,394
л,375
ě,375
ℤ,370
в,368
ş,367
ά,363
Č,336
ʿ,334
ạ,332
ṣ,324
ɛ,324
ę,323
ر,322
χ,322
ي,319
ə,314
ʾ,312
µ,307
ő,302
ṇ,294
Δ,288
д,287
Ô,283
ḥ,279
ˈ,275
ن,275
ǎ,274
م,268
Ó,261
ب,255
י,253
Ø,248
у,247
ɔ,241
έ,240
Ω,240
Σ,240
Ł,238
ύ,231
м,231
ễ,230
Þ,227
Ü,226
ו,222
و,215
ṭ,209
ы,203
ả,202
Ž,201
ή,189
õ,188
ה,187
đ,183
ą,181
س,178
ζ,176
د,175
б,172
ŏ,170
й,169
ʻ,168
र,165
ь,163
ǐ,160
Ā,159
ψ,159
п,158
þ,158
ר,157
ʼ,157
ל,156
ℂ,153
Ś,151
ź,151
г,150
ǔ,149
ℚ,149
Π,147
º,144
א,141
ש,140
स,140
Ñ,138
ʁ,137
я,134
ộ,134
ة,133
ḍ,133
ż,131
त,128
ت,126
大,126
म,123
ṃ,121
С,120
İ,120
न,117
ـ,116
ʃ,114
ế,113
ⴰ,112
ξ,112
ת,112
מ,111
Φ,110
ɑ,108
ė,107
ع,107
ه,106
ồ,106
з,104
ܐ,104
Ú,104
ư,103
Κ,101
ơ,101
ב,100
ج,100
Λ,100
ố,100
ʒ,97
ǒ,96
子,95
ἀ,95
Í,94
ע,93
Μ,92
ч,91
ɪ,91
ƒ,91
ד,90
Α,90
ℓ,90
ح,88
ق,87
נ,86
ი,86
ⵉ,85
ⵜ,85
ṛ,82
क,82
ܝ,81
Ä,80
х,80
า,80
ʰ,80
Ι,79
ъ,77
व,76
ώ,76
ň,76
ܘ,76
ŭ,76
中,76
प,76
ℕ,75
ш,74
ŋ,74
і,74
Ε,71
ц,71
ა,71
ж,70
ם,70
ร,70
ἐ,69
人,69
Ż,68
ش,68
М,68
ů,67
山,67
Θ,66
ſ,66
Ḥ,66
ط,65
ك,65
ह,65
州,65
Γ,65
ק,64
ḫ,64
ʹ,64
ĭ,63
ʲ,63
ⵏ,63
ữ,63
ġ,62
ח,62
ĩ,61
国,61
ứ,60
ʷ,60
ე,60
文,60
Б,60
Ο,59
Β,59
Ş,59
天,59
ị,58
А,58
К,57
ĕ,57
य,57
三,57
ầ,56
ز,56
ܡ,56
В,55
ן,55
ῖ,55
西,55
द,55
い,55
ʔ,55
道,54
अ,54
ţ,54
ف,53
أ,53
Р,52
П,52
王,52
一,52
Τ,51
ی,51
ल,51
ܕ,51
ὐ,49
南,49
И,49
น,49
ग,48
ῶ,48
Г,48
ῦ,48
כ,48
公,48
ờ,48
ȝ,47
ܠ,47
ܢ,46
Ć,46
Ð,46
字,46
ს,46
ℱ,46
ħ,45
ῆ,45
海,45
ņ,45
ɡ,45
李,44
რ,44
太,44
ⵍ,44
ص,43
本,43
る,43
פ,43
Ț,43
ﬁ,43
Υ,42
ṯ,42
ˁ,42
Η,42
Т,42
河,42
خ,41
ọ,41
ǧ,41
Ò,41
な,41
家,41
ब,41
ấ,41
Ρ,40
國,40
安,40
Ș,40
ф,40
春,40
の,40
ủ,40
法,39
ὸ,39
ⵔ,39
ܒ,39
た,39
Ν,38
ự,38
ʊ,38
城,38
ɨ,38
ー,37
غ,37
之,37
ג,37
ϐ,37
ὁ,37
日,37
เ,37
າ,37
Χ,36
北,36
武,36
ℵ,36
ܬ,36
高,36
金,36
च,36
ṅ,36
ɣ,36
Д,35
劉,35
ǝ,35
和,35
ű,35
э,35
Н,35
ἰ,34
Ἀ,34
ť,34
ო,34
ى,33
ז,33
京,33
צ,33
О,33
神,32
帝,32
ḏ,32
ĝ,32
白,32
平,32
ŝ,32
ľ,32
ध,31
Ψ,31
ɾ,31
ắ,31
Л,31
孫,31
ⵙ,30
ण,30
水,30
ס,30
ϕ,30
ю,30
ง,30
東,29
漢,29
学,29
す,29
Ф,29
新,29
ķ,29
空,29
兒,29
張,29
ვ,29
ա,29
区,29
ⵎ,28
ἄ,28
ё,28
不,28
し,28
Я,28
江,28
德,27
田,27
ლ,27
ĉ,27
ܪ,27
ส,27
ย,27
民,27
花,27
ŵ,27
У,27
Ṭ,27
ก,27
ʀ,26
ǫ,26
元,26
ま,26
ܚ,26
老,26
は,26
श,26
ɐ,26
រ,26
อ,26
ט,25
ნ,25
ⁿ,25
ર,25
ܫ,25
Ц,25
軍,25
十,25
한,25
기,25
地,25
八,25
音,25
ម,25
ẹ,25
宗,25
石,24
ј,24
ज,24
ء,24
ม,24
司,24
인,24
女,24
ḷ,24
ẓ,24
汉,24
ะ,24
ম,24
į,24
ວ,24
ὀ,23
Ἰ,23
ン,23
川,23
我,23
щ,23
Ï,23
도,23
明,23
이,23
Ṣ,23
ỳ,23
ბ,23
四,23
梨,23
မ,23
ပ,23
ἔ,22
ẵ,22
ũ,22
ܗ,22
上,22
ん,22
Ľ,22
ड,22
小,22
ї,22
航,22
五,22
พ,22
ว,22
ℍ,22
ស,22
ດ,22
ض,21
唐,21
თ,21
を,21
華,21
پ,21
阳,21
க,21
永,21
ក,21
生,21
ท,21
ष,21
ذ,20
書,20
ὑ,20
周,20
Ī,20
的,20
ர,20
行,20
儿,20
七,20
ể,20
陽,20
ด,20
მ,20
𝕆,20
န,20
木,19
Û,19
ὶ,19
二,19
皇,19
ⵡ,19
馬,19
龍,19
古,19
朝,19
津,19
东,19
إ,19
ⵢ,19
百,19
ụ,19
ն,19
ր,19
З,19
ம,19
ˌ,19
ห,19
ล,19
れ,19
ठ,19
ນ,19
တ,19
Ġ,18
ὰ,18
原,18
ὄ,18
ラ,18
で,18
お,18
か,18
इ,18
ề,18
ら,18
ئ,18
手,18
正,18
氣,18
術,18
光,18
ត,18
ổ,18
Ш,18
賦,18
が,18
て,18
ກ,18
星,17
草,17
九,17
Ë,17
經,17
イ,17
Е,17
り,17
ỹ,17
千,17
き,17
화,17
김,17
林,17
食,17
ǚ,17
茶,17
Ē,17
经,17
長,17
ⵛ,17
化,17
仁,17
朱,17
台,17
名,17
ⴻ,17
ų,17
บ,17
ˠ,17
ช,17
က,17
ⴼ,16
ث,16
ک,16
真,16
ḗ,16
ܩ,16
史,16
事,16
部,16
香,16
シ,16
ǵ,16
ὕ,16
義,16
주,16
志,16
국,16
う,16
治,16
ŷ,16
英,16
口,16
了,16
市,16
拳,16
ង,16
ន,16
黄,16
主,16
ե,16
港,16
玄,16
气,16
ယ,16
လ,16
ス,15
桃,15
র,15
秋,15
დ,15
ⵓ,15
ṓ,15
玉,15
Ч,15
あ,15
ܥ,15
Х,15
清,15
ǃ,15
ト,15
つ,15
知,15
陳,15
Ξ,15
夫,15
고,15
說,15
心,15
Õ,15
言,15
ậ,15
ү,15
と,15
成,15
郎,15
青,15
უ,15
ở,15
Э,15
ন,15
ル,14
会,14
Ζ,14
里,14
ܟ,14
ⴱ,14
ẩ,14
門,14
ļ,14
华,14
ỗ,14
ᾱ,14
記,14
君,14
ϑ,14
대,14
조,14
선,14
신,14
정,14
ɲ,14
康,14
月,14
合,14
ⴳ,14
ἱ,14
毛,14
ⵣ,14
世,14
代,14
土,14
무,14
趙,14
Ṛ,14
ເ,14
ລ,14
ຊ,14
آ,13
书,13
ʏ,13
村,13
ド,13
ḳ,13
宮,13
ģ,13
ɒ,13
ⲁ,13
ⲓ,13
ⲟ,13
你,13
ट,13
陵,13
ớ,13
詩,13
ἡ,13
語,13
ロ,13
氏,13
아,13
공,13
有,13
洲,13
紅,13
ʕ,13
ⵖ,13
會,13
ĥ,13
麻,13
兵,13
豆,13
ǀ,13
ค,13
觀,13
ະ,13
ℬ,13
フ,12
下,12
Ħ,12
گ,12
易,12
信,12
ア,12
ɥ,12
ⲉ,12
谷,12
ʎ,12
将,12
ہ,12
उ,12
流,12
さ,12
侯,12
ᾶ,12
छ,12
み,12
영,12
만,12
ŗ,12
梅,12
Ū,12
方,12
ⴽ,12
學,12
ո,12
工,12
政,12
湖,12
衛,12
車,12
昌,12
沙,12
ต,12
藏,12
த,12
军,12
ত,12
ば,12
င,12
ရ,12
Ῥ,11
红,11
戰,11
理,11
外,11
ッ,11
ხ,11
良,11
カ,11
阿,11
他,11
ܣ,11
ә,11
院,11
秦,11
ċ,11
に,11
よ,11
ѣ,11
都,11
Έ,11
ந,11
ക,11
士,11
민,11
구,11
수,11
동,11
지,11
서,11
ウ,11
族,11
雨,11
风,11
也,11
自,11
首,11
路,11
形,11
相,11
ի,11
黃,11
ө,11
干,11
橋,11
沈,11
用,11
火,11
ॐ,11
长,11
ไ,11
ɓ,11
시,11
车,11
岛,11
ข,11
椒,11
杜,11
將,11
ມ,11
ສ,11
ツ,10
風,10
Ÿ,10
ϱ,10
意,10
ď,10
आ,10
野,10
刀,10
ク,10
ϰ,10
ⴷ,10
陸,10
っ,10
好,10
物,10
楚,10
韓,10
ἶ,10
보,10
牛,10
성,10
권,10
사,10
박,10
縣,10
弘,10
话,10
命,10
通,10
解,10
羊,10
省,10
師,10
者,10
無,10
為,10
ᚢ,10
万,10
ḡ,10
Ἐ,10
ợ,10
ҡ,10
く,10
教,10
何,10
切,10
后,10
威,10
建,10
思,10
聞,10
苦,10
見,10
読,10
先,10
左,10
Ἡ,10
马,10
ս,10
ȣ,10
ን,10
Ϲ,10
而,10
គ,10
ল,10
გ,10
제,10
จ,10
桓,10
ธ,10
ὴ,10
ĵ,10
ক,10
ອ,10
ງ,10
楊,9
ジ,9
画,9
社,9
ϝ,9
徐,9
章,9
立,9
ɕ,9
კ,9
チ,9
ャ,9
ⲥ,9
ⲛ,9
ܛ,9
曲,9
Ϝ,9
ṷ,9
故,9
龙,9
寿,9
堂,9
ન,9
भ,9
琴,9
梁,9
克,9
え,9
환,9
천,9
현,9
ϛ,9
ằ,9
倭,9
米,9
時,9
პ,9
宁,9
六,9
守,9
特,9
仲,9
せ,9
丹,9
商,9
善,9
在,9
夏,9
始,9
宇,9
常,9
枯,9
母,9
紙,9
被,9
迎,9
郭,9
雄,9
集,9
力,9
ἑ,9
ល,9
园,9
傳,9
말,9
ḱ,9
ำ,9
백,9
려,9
ક,9
ℒ,9
け,9
べ,9
য,9
ບ,9
ພ,9
ῷ,8
ặ,8
キ,8
式,8
酒,8
晉,8
萬,8
目,8
ﬂ,8
ƿ,8
语,8
マ,8
松,8
多,8
ⵟ,8
አ,8
御,8
ץ,8
ử,8
居,8
定,8
Ά,8
ῳ,8
દ,8
忠,8
府,8
菩,8
의,8
산,8
삼,8
유,8
전,8
ḇ,8
ỉ,8
區,8
頭,8
头,8
羅,8
話,8
乐,8
福,8
詠,8
功,8
指,8
象,8
体,8
ך,8
Ж,8
邊,8
洋,8
Ċ,8
Ḫ,8
ẽ,8
Ь,8
列,8
勝,8
可,8
夜,8
夢,8
奉,8
密,8
宝,8
慶,8
服,8
柔,8
番,8
祖,8
腐,8
越,8
ქ,8
ȩ,8
โ,8
张,8
刘,8
も,8
라,8
义,8
洪,8
广,8
შ,8
술,8
ជ,8
종,8
溫,8
夷,8
แ,8
Ĉ,8
ダ,8
廣,8
ῥ,8
巴,8
প,8
ன,8
ﺍ,8
蜀,8
Ọ,8
ষ,8
タ,7
波,7
ῃ,7
党,7
若,7
ὠ,7
ʌ,7
ગ,7
গ,7
們,7
気,7
交,7
ᾰ,7
ϊ,7
仙,7
果,7
荼,7
邪,7
联,7
遠,7
進,7
倉,7
版,7
વ,7
ɹ,7
Ə,7
ᒃ,7
護,7
Ἑ,7
利,7
典,7
ḵ,7
फ,7
薩,7
房,7
장,7
합,7
미,7
父,7
樂,7
支,7
伯,7
友,7
許,7
慎,7
戈,7
美,7
黑,7
眼,7
犬,7
ϵ,7
ⵃ,7
聲,7
以,7
統,7
愛,7
ᚴ,7
ḕ,7
是,7
थ,7
ख,7
余,7
Ө,7
Ү,7
Ю,7
घ,7
包,7
同,7
因,7
堪,7
奇,7
征,7
徳,7
悟,7
戦,7
技,7
折,7
柳,7
業,7
泰,7
洗,7
源,7
珍,7
町,7
系,7
着,7
臨,7
興,7
訓,7
呂,7
桂,7
ɖ,7
右,7
罗,7
关,7
树,7
І,7
ப,7
场,7
篇,7
வ,7
Ù,7
棠,7
ṧ,7
ប,7
吳,7
ए,7
জ,7
ᐊ,7
游,7
こ,7
ღ,7
ף,7
ﺎ,7
囧,7
Ↄ,7
ຈ,7
ʋ,6
雅,6
今,6
屈,6
庭,6
葉,6
孙,6
Ė,6
第,6
牙,6
ᛁ,6
ἵ,6
オ,6
由,6
ⲩ,6
ⲧ,6
パ,6
直,6
間,6
井,6
賀,6
買,6
ት,6
年,6
ܦ,6
ⴹ,6
機,6
能,6
景,6
Ј,6
關,6
提,6
博,6
ち,6
ढ,6
甲,6
骨,6
コ,6
ȍ,6
ἕ,6
横,6
ზ,6
ὦ,6
ര,6
封,6
科,6
普,6
報,6
리,6
漫,6
세,6
情,6
문,6
宋,6
操,6
ナ,6
表,6
门,6
如,6
出,6
阝,6
邑,6
阜,6
Ķ,6
ტ,6
甘,6
舟,6
陈,6
战,6
陰,6
蘭,6
己,6
達,6
異,6
ខ,6
វ,6
ᛅ,6
示,6
ञ,6
լ,6
Щ,6
Ъ,6
ӕ,6
ር,6
介,6
տ,6
任,6
伏,6
内,6
回,6
基,6
官,6
宣,6
尊,6
屋,6
影,6
想,6
憲,6
机,6
極,6
温,6
潮,6
笛,6
聖,6
荷,6
衣,6
賢,6
起,6
身,6
隆,6
隊,6
麗,6
尚,6
Ő,6
馆,6
Є,6
ւ,6
杨,6
魏,6
ẞ,6
ǭ,6
蒙,6
惠,6
스,6
ㅂ,6
わ,6
记,6
མ,6
个,6
云,6
や,6
药,6
兰,6
站,6
ศ,6
ញ,6
Ã,6
胡,6
兴,6
鄭,6
અ,6
હ,6
盧,6
傅,6
ব,6
ȟ,6
마,6
ป,6
寶,6
ム,6
Ŝ,6
诗,6
卍,6
দ,6
ई,6
纸,6
鶯,6
소,6
စ,6
သ,6
ည,6
ທ,6
ໃ,6
ከ,5
ィ,5
ニ,5
グ,5
動,5
ɳ,5
斯,5
羲,5
歌,5
眇,5
袅,5
々,5
过,5
𐎠,5
要,5
連,5
ᚱ,5
喜,5
員,5
ブ,5
ℛ,5
節,5
ⲗ,5
ⲣ,5
じ,5
樹,5
桐,5
ܨ,5
ʽ,5
遼,5
末,5
词,5
客,5
ẖ,5
韻,5
节,5
庄,5
園,5
芳,5
全,5
め,5
Ă,5
猫,5
ᐃ,5
ᖅ,5
ڈ,5
枝,5
登,5
臣,5
પ,5
誠,5
拉,5
우,5
圖,5
노,5
鮮,5
畵,5
상,5
방,5
遊,5
학,5
황,5
参,5
喵,5
丁,5
蜜,5
ɤ,5
时,5
熙,5
敬,5
竹,5
儀,5
説,5
バ,5
黏,5
假,5
孔,5
间,5
Ἱ,5
延,5
祥,5
ỏ,5
ᛏ,5
ポ,5
リ,5
ھ,5
无,5
ビ,5
乾,5
来,5
像,5
儒,5
共,5
前,5
半,5
反,5
吉,5
堅,5
央,5
写,5
尼,5
布,5
店,5
度,5
弓,5
彼,5
後,5
攻,5
棒,5
楽,5
楼,5
油,5
澄,5
牧,5
珠,5
略,5
私,5
笑,5
簡,5
声,5
船,5
菜,5
藩,5
号,5
蛮,5
角,5
計,5
速,5
郡,5
重,5
開,5
零,5
非,5
闘,5
鬼,5
藤,5
那,5
曹,5
舍,5
狐,5
夕,5
ἁ,5
ਰ,5
圓,5
ѧ,5
இ,5
极,5
ᓄ,5
ۇ,5
宫,5
മ,5
ទ,5
љ,5
炮,5
ተ,5
እ,5
ስ,5
內,5
柿,5
반,5
어,5
ἴ,5
བ,5
鱼,5
镇,5
县,5
ʂ,5
ṁ,5
吴,5
궁,5
태,5
봉,5
蘇,5
霸,5
佛,5
郑,5
글,5
ณ,5
യ,5
റ,5
하,5
ญ,5
乡,5
Ǧ,5
巾,5
舒,5
항,5
纳,5
ǣ,5
음,5
Ḍ,5
ゆ,5
剣,5
だ,5
ῑ,5
净,5
摔,5
芍,5
ﺭ,5
ᵐ,5
ﺳ,5
ဗ,5
ဘ,5
ခ,5
ဒ,5
ဟ,5
ຕ,5
ປ,5
巢,5
テ,4
湯,4
邓,4
ΐ,4
枣,4
চ,4
ظ,4
兮,4
洞,4
譜,4
板,4
總,4
類,4
ᚠ,4
財,4
ɫ,4
委,4
ˇ,4
ṙ,4
ョ,4
ἠ,4
ⲃ,4
ⲡ,4
ⲕ,4
緒,4
们,4
ነ,4
ሥ,4
ಕ,4
散,4
扁,4
郁,4
禮,4
弥,4
純,4
ズ,4
浜,4
ὤ,4
浦,4
ᕕ,4
ᓂ,4
嚴,4
稽,4
奴,4
ˤ,4
ல,4
汴,4
丘,4
ȅ,4
ʳ,4
ɜ,4
명,4
순,4
일,4
랑,4
호,4
원,4
길,4
훈,4
나,4
경,4
희,4
재,4
ῡ,4
益,4
紫,4
彦,4
葛,4
મ,4
只,4
她,4
乒,4
乓,4
般,4
维,4
Ņ,4
ძ,4
禎,4
Ἁ,4
待,4
警,4
足,4
杉,4
ざ,4
別,4
轉,4
注,4
借,4
从,4
念,4
没,4
邵,4
Ἄ,4
比,4
群,4
կ,4
ភ,4
裏,4
ᚾ,4
ᚦ,4
ケ,4
管,4
サ,4
հ,4
ƕ,4
Ϛ,4
Ϡ,4
գ,4
Ğ,4
Ә,4
Ғ,4
Ң,4
Һ,4
ғ,4
һ,4
Ё,4
Қ,4
ゲ,4
作,4
候,4
兄,4
助,4
印,4
厚,4
叔,4
坂,4
場,4
塔,4
圧,4
孝,4
宅,4
宜,4
寧,4
射,4
峰,4
島,4
巧,4
幕,4
弟,4
復,4
徹,4
恩,4
才,4
掌,4
摩,4
施,4
旅,4
旗,4
早,4
昭,4
望,4
札,4
根,4
棋,4
様,4
殺,4
泉,4
照,4
獄,4
班,4
界,4
療,4
皆,4
盾,4
看,4
破,4
研,4
程,4
穴,4
線,4
県,4
茂,4
蔵,4
街,4
詔,4
論,4
諸,4
貞,4
貴,4
資,4
超,4
近,4
述,4
過,4
鈴,4
銀,4
雪,4
雲,4
面,4
革,4
飲,4
騎,4
亥,4
亮,4
伊,4
嘉,4
晋,4
胤,4
虎,4
入,4
卫,4
耳,4
円,4
ओ,4
ዐ,4
Ȝ,4
瓜,4
ガ,4
በ,4
ላ,4
阴,4
ᓇ,4
ฟ,4
莱,4
椿,4
ങ,4
ங,4
ய,4
Ř,4
Ұ,4
ʧ,4
چ,4
ϙ,4
燕,4
沽,4
达,4
乔,4
ச,4
ள,4
자,4
您,4
卿,4
ǘ,4
雀,4
Ì,4
ལ,4
ǥ,4
欢,4
ˀ,4
ག,4
庆,4
澳,4
중,4
ჩ,4
წ,4
ც,4
锡,4
曾,4
韵,4
왕,4
殷,4
부,4
સ,4
બ,4
ત,4
લ,4
淮,4
丰,4
শ,4
ќ,4
ព,4
ꙋ,4
吕,4
Ĕ,4
പ,4
徽,4
齋,4
嬌,4
毘,4
ŕ,4
ど,4
卐,4
ར,4
ɸ,4
ঞ,4
औ,4
স,4
버,4
터,4
널,4
ĳ,4
姬,4
ﻭ,4
馮,4
げ,4
蓮,4
ङ,4
孟,4
ἅ,4
സ,4
姜,4
ṝ,4
拼,4
跤,4
牡,4
Գ,4
剑,4
ɟ,4
ﻧ,4
ই,4
ᑦ,4
ﻴ,4
ﻦ,4
ໄ,4
ፍ,4
ფ,4
ຮ,4
ຂ,4
汕,4
穹,4
ﺕ,3
阮,3
ュ,3
鉄,3
映,3
株,3
智,3
獻,3
降,3
愁,3
予,3
栗,3
𐏁,3
𐎹,3
𐎼,3
冬,3
菖,3
蒲,3
互,3
デ,3
叶,3
双,3
Ⲁ,3
ゃ,3
磯,3
兩,3
些,3
ረ,3
ܙ,3
ܓ,3
𐌰,3
ὖ,3
ರ,3
剧,3
涼,3
步,3
Ὑ,3
凡,3
蟠,3
符,3
綱,3
ミ,3
豊,3
保,3
恵,3
Ⲡ,3
樱,3
ᑎ,3
ᓕ,3
持,3
至,3
ボ,3
Ę,3
ᾳ,3
辭,3
殿,3
开,3
樑,3
ȋ,3
ѩ,3
물,3
진,3
헌,3
최,3
섭,3
임,3
승,3
단,3
양,3
迪,3
豪,3
ધ,3
辞,3
筷,3
錯,3
貓,3
筒,3
維,3
戴,3
詞,3
朋,3
考,3
许,3
姓,3
忄,3
Ḑ,3
ḑ,3
Ţ,3
农,3
洮,3
鏡,3
狼,3
伝,3
察,3
ϖ,3
ϒ,3
连,3
ⵊ,3
鶴,3
發,3
雙,3
齊,3
又,3
妻,3
視,3
畫,3
狗,3
边,3
ℏ,3
綿,3
各,3
竜,3
図,3
图,3
単,3
黒,3
俗,3
Կ,3
վ,3
ច,3
ᛦ,3
ᛒ,3
ᛋ,3
ὡ,3
Ḳ,3
ァ,3
到,3
最,3
ਲ,3
乗,3
Ϙ,3
涅,3
槃,3
Ấ,3
ẻ,3
悪,3
魔,3
死,3
ң,3
ҙ,3
ҕ,3
ҥ,3
Ϻ,3
ɦ,3
丸,3
乳,3
乱,3
付,3
令,3
似,3
使,3
侍,3
供,3
充,3
両,3
兼,3
刺,3
刻,3
剛,3
升,3
卓,3
去,3
受,3
吹,3
哀,3
品,3
均,3
墓,3
墨,3
奥,3
妃,3
妙,3
妥,3
宙,3
宿,3
富,3
実,3
局,3
展,3
属,3
岐,3
岸,3
崇,3
岳,3
希,3
帥,3
帽,3
幽,3
強,3
役,3
律,3
必,3
快,3
性,3
恨,3
悲,3
感,3
慈,3
慕,3
戒,3
所,3
扇,3
打,3
招,3
振,3
揚,3
擬,3
放,3
敏,3
救,3
敢,3
斗,3
料,3
既,3
晶,3
未,3
杯,3
格,3
案,3
桑,3
模,3
止,3
残,3
決,3
汽,3
沖,3
沼,3
派,3
浪,3
浮,3
深,3
演,3
沢,3
炎,3
片,3
献,3
率,3
皮,3
督,3
短,3
砲,3
禅,3
礼,3
秀,3
究,3
筋,3
簿,3
紀,3
素,3
結,3
糸,3
経,3
緯,3
総,3
織,3
羽,3
翁,3
肉,3
肥,3
背,3
致,3
艦,3
色,3
葬,3
薬,3
虚,3
蚕,3
血,3
衡,3
裕,3
謙,3
議,3
変,3
負,3
賞,3
軽,3
農,3
迭,3
退,3
造,3
遵,3
選,3
酸,3
医,3
陣,3
飛,3
浩,3
熊,3
爾,3
禄,3
鎌,3
須,3
磨,3
佑,3
杏,3
翠,3
隼,3
森,3
休,3
校,3
赤,3
灣,3
જ,3
ⵄ,3
Ἓ,3
њ,3
ᵹ,3
Ա,3
脉,3
少,3
魯,3
Վ,3
ꜥ,3
ถ,3
瀛,3
變,3
凤,3
僵,3
អ,3
ሽ,3
ひ,3
濟,3
泥,3
动,3
苏,3
盘,3
际,3
ቤ,3
ራ,3
ል,3
Ɛ,3
雍,3
齐,3
莊,3
别,3
醉,3
俠,3
吃,3
酥,3
琵,3
琶,3
철,3
존,3
댓,3
니,3
다,3
ሠ,3
Ʃ,3
丽,3
银,3
殆,3
咸,3
ད,3
娃,3
梦,3
Ű,3
啟,3
鸡,3
খ,3
杭,3
贵,3
堡,3
淇,3
栏,3
蛇,3
ۈ,3
尔,3
ภ,3
ყ,3
ჭ,3
辣,3
誅,3
ឈ,3
ហ,3
ꜣ,3
溪,3
乌,3
ઝ,3
ચ,3
ફ,3
邳,3
种,3
ษ,3
董,3
ừ,3
ས,3
হ,3
为,3
烟,3
诸,3
陕,3
ṟ,3
论,3
プ,3
级,3
율,3
币,3
块,3
芥,3
ള,3
磐,3
彭,3
盐,3
薏,3
남,3
여,3
홍,3
청,3
襄,3
樊,3
湘,3
沂,3
蒋,3
ご,3
亂,3
曼,3
賈,3
ª,3
庵,3
Ն,3
へ,3
牟,3
奘,3
员,3
ட,3
ও,3
அ,3
관,3
靈,3
울,3
ە,3
ϗ,3
մ,3
ȷ,3
嬴,3
臧,3
閩,3
騶,3
巫,3
剪,3
Ý,3
ȏ,3
ﻱ,3
煜,3
卧,3
錄,3
汝,3
袁,3
ല,3
崔,3
ず,3
ょ,3
ƀ,3
ǖ,3
这,3
亿,3
队,3
輿,3
舆,3
卦,3
ऊ,3
Ք,3
Ɣ,3
诏,3
ⵀ,3
군,3
로,3
ባ,3
ግ,3
ェ,3
ؤ,3
ﺷ,3
ﺐ,3
ﺩ,3
鸭,3
ˑ,3
검,3
ຖ,3
ǿ,3
ȳ,3
Ǝ,3
𝒞,3
ແ,3
ຫ,3
ຽ,3
차,3
姑,3
녀,3
ƶ,2
ハ,2
鋼,2
鄧,2
আ,2
糕,2
ﻍ,2
昇,2
雯,2
渚,2
谱,2
𐎧,2
𐎲,2
𐎡,2
ɧ,2
ᚺ,2
団,2
審,2
査,2
Ť,2
Ň,2
瀬,2
霊,2
巌,2
棍,2
Ⲕ,2
ⲇ,2
Ⲗ,2
ϣ,2
ϯ,2
ⲏ,2
ⲅ,2
ぐ,2
淳,2
恭,2
加,2
买,2
ም,2
ብ,2
𐍂,2
𐍃,2
Ό,2
拜,2
杂,2
猛,2
闡,2
ʦ,2
ἂ,2
Ẁ,2
ẁ,2
莫,2
坊,2
编,2
辟,2
渡,2
乃,2
及,2
完,2
Ⲅ,2
苗,2
ભ,2
ഇ,2
അ,2
ᑲ,2
ᓴ,2
呼,2
逐,2
匈,2
Ἅ,2
諾,2
𐤉,2
ണ,2
છ,2
ટ,2
ઉ,2
ച,2
貫,2
ῇ,2
ʝ,2
旬,2
형,2
朗,2
가,2
爆,2
은,2
滸,2
돌,2
창,2
윤,2
룡,2
포,2
ɰ,2
墳,2
ડ,2
ἥ,2
圻,2
得,2
隻,2
它,2
牠,2
孩,2
咪,2
吱,2
叫,2
麦,2
很,2
廷,2
彙,2
汇,2
膺,2
祚,2
烈,2
说,2
媽,2
妾,2
羢,2
羬,2
黨,2
Ź,2
佐,2
蛍,2
款,2
辽,2
帰,2
迷,2
レ,2
ﬅ,2
ﬆ,2
満,2
滿,2
黐,2
套,2
蝶,2
單,2
Ư,2
婦,2
職,2
曰,2
刃,2
召,2
閑,2
ћ,2
榮,2
難,2
爱,2
體,2
羣,2
պ,2
ᛘ,2
ᛚ,2
諭,2
モ,2
ゴ,2
鑑,2
ⵗ,2
就,2
巡,2
席,2
ἆ,2
灯,2
컴,2
Ǣ,2
Ҕ,2
続,2
授,2
箱,2
欧,2
丈,2
且,2
仕,2
件,2
位,2
住,2
佳,2
便,2
修,2
倒,2
倫,2
仮,2
偏,2
偶,2
備,2
働,2
兆,2
児,2
冷,2
准,2
分,2
刑,2
制,2
刷,2
則,2
割,2
創,2
劇,2
効,2
勉,2
務,2
勢,2
勺,2
匁,2
匠,2
卑,2
卒,2
協,2
占,2
巻,2
厘,2
句,2
吏,2
吐,2
向,2
呉,2
吸,2
哲,2
啓,2
嗣,2
嘆,2
器,2
坑,2
坪,2
埋,2
域,2
境,2
壁,2
壮,2
失,2
娘,2
婆,2
婚,2
存,2
季,2
孤,2
宴,2
寸,2
寺,2
尉,2
尺,2
尾,2
巨,2
帯,2
幣,2
幸,2
幾,2
座,2
庫,2
庸,2
廉,2
庁,2
弦,2
弱,2
弾,2
徒,2
従,2
循,2
微,2
忍,2
怒,2
怖,2
恐,2
悔,2
慣,2
慮,2
慰,2
応,2
戸,2
承,2
抗,2
押,2
拓,2
掛,2
探,2
接,2
推,2
換,2
握,2
摘,2
改,2
敗,2
暗,2
暴,2
暦,2
更,2
期,2
枚,2
柱,2
条,2
棄,2
植,2
構,2
権,2
殊,2
求,2
池,2
泊,2
活,2
消,2
淑,2
涙,2
混,2
浅,2
滅,2
滴,2
漁,2
潔,2
湾,2
然,2
煙,2
燈,2
焼,2
炉,2
争,2
爵,2
独,2
獲,2
現,2
球,2
環,2
申,2
畔,2
当,2
畳,2
疾,2
病,2
痘,2
発,2
盤,2
砂,2
砕,2
礎,2
秘,2
票,2
禍,2
稚,2
種,2
稿,2
突,2
窓,2
窮,2
並,2
童,2
策,2
築,2
粒,2
粧,2
精,2
紹,2
給,2
絹,2
緑,2
緩,2
練,2
罪,2
置,2
習,2
翼,2
耐,2
肝,2
肩,2
育,2
肺,2
脈,2
脚,2
脹,2
腰,2
腹,2
胆,2
臭,2
与,2
旧,2
舌,2
舞,2
芋,2
芝,2
芽,2
著,2
薪,2
処,2
虜,2
虫,2
袋,2
裁,2
装,2
複,2
覆,2
親,2
覚,2
観,2
設,2
試,2
誓,2
誤,2
課,2
談,2
謀,2
証,2
譲,2
貝,2
貢,2
貧,2
賊,2
賜,2
跡,2
踊,2
躍,2
載,2
輪,2
辛,2
迅,2
迫,2
追,2
送,2
逸,2
遂,2
運,2
適,2
遷,2
避,2
還,2
辺,2
邦,2
酢,2
量,2
銅,2
銑,2
録,2
錘,2
防,2
限,2
陶,2
際,2
雌,2
離,2
電,2
霜,2
順,2
領,2
顔,2
願,2
顧,2
顕,2
飯,2
髪,2
魂,2
魚,2
鳥,2
黙,2
丑,2
亨,2
宏,2
敦,2
瑞,2
祐,2
肇,2
輔,2
靖,2
馨,2
駒,2
鹿,2
斉,2
允,2
旭,2
梓,2
耶,2
悠,2
煌,2
糞,2
呪,2
屍,2
癌,2
夹,2
轸,2
胥,2
脑,2
ǂ,2
ǁ,2
ɢ,2
男,2
Ɑ,2
Ᾱ,2
ਦ,2
ਜ,2
ਸ,2
ਘ,2
ਡ,2
养,2
ઢ,2
𐡏,2
ﻉ,2
Ἠ,2
Ὀ,2
ʓ,2
ց,2
խ,2
檀,2
冲,2
跷,2
户,2
乞,2
Յ,2
է,2
團,2
ښ,2
ɽ,2
ٲ,2
ድ,2
ቅ,2
ฉ,2
ϡ,2
Ⲋ,2
塘,2
纪,2
庙,2
崖,2
滨,2
ኤ,2
翔,2
慧,2
ⵇ,2
ㄇ,2
ˊ,2
雜,2
ɱ,2
ⴾ,2
ふ,2
ぎ,2
乙,2
감,2
ʺ,2
요,2
집,2
ⵚ,2
ⴸ,2
ɗ,2
ƙ,2
ﬀ,2
泽,2
传,2
实,2
虛,2
實,2
久,2
备,2
འ,2
贝,2
妮,2
槍,2
僑,2
埠,2
ཡ,2
梧,2
团,2
艺,2
飞,2
鼎,2
狸,2
屯,2
鸿,2
岡,2
풍,2
ཐ,2
ང,2
ḟ,2
酱,2
粉,2
錫,2
顺,2
仪,2
鉴,2
进,2
យ,2
ណ,2
ដ,2
ផ,2
ថ,2
岭,2
朴,2
견,2
후,2
과,2
柴,2
饺,2
ષ,2
શ,2
ઓ,2
થ,2
鄒,2
亶,2
埔,2
ཆ,2
禺,2
盖,2
ᓐ,2
伦,2
鹤,2
兜,2
资,2
垣,2
姚,2
ϻ,2
於,2
坤,2
瓦,2
巖,2
辖,2
历,2
惟,2
韩,2
곡,2
哈,2
凯,2
耒,2
聊,2
凌,2
载,2
箭,2
偵,2
ᓗ,2
ὗ,2
穆,2
项,2
苡,2
욱,2
び,2
회,2
심,2
铁,2
渭,2
蔣,2
冶,2
鲁,2
ʙ,2
ڨ,2
鴻,2
亭,2
鄂,2
廬,2
續,2
儉,2
冀,2
鄴,2
闻,2
ΰ,2
채,2
Ḵ,2
韶,2
碧,2
芦,2
Ս,2
բ,2
罕,2
归,2
彝,2
浙,2
釋,2
迦,2
豬,2
遮,2
蟬,2
ᵉ,2
є,2
ґ,2
曆,2
Ẓ,2
ɯ,2
న,2
ర,2
వ,2
咒,2
Ŵ,2
Ĥ,2
Ĵ,2
위,2
불,2
稀,2
霍,2
ㄛ,2
Ώ,2
ড,2
桥,2
ꙑ,2
Ѯ,2
ѫ,2
ᚹ,2
蒿,2
韋,2
膠,2
綰,2
雒,2
恢,2
壹,2
駱,2
蠱,2
Ե,2
盼,2
參,2
ȃ,2
赋,2
諫,2
豐,2
鳳,2
殘,2
雁,2
茅,2
沫,2
饭,2
ട,2
ʍ,2
莺,2
醒,2
选,2
姗,2
猡,2
玀,2
瑾,2
祁,2
苑,2
ἦ,2
闽,2
ऋ,2
寫,2
ദ,2
橙,2
菽,2
笈,2
籤,2
签,2
戏,2
ḹ,2
Օ,2
յ,2
ノ,2
复,2
囉,2
빈,2
弯,2
ڤ,2
メ,2
Ⲣ,2
Ї,2
Ⲏ,2
ሐ,2
ኀ,2
Ŋ,2
መ,2
ﻡ,2
ጠ,2
Ѳ,2
Թ,2
ለ,2
𐡊,2
ወ,2
ሰ,2
Ѱ,2
ォ,2
ത,2
ഭ,2
ڪ,2
ⴴ,2
ɴ,2
蕭,2
𐏋,2
卢,2
ⵥ,2
ⵁ,2
朵,2
ደ,2
ቁ,2
ጣ,2
ᓯ,2
ヤ,2
ベ,2
ㅇ,2
ㅡ,2
槑,2
蝦,2
ጥ,2
ね,2
식,2
밥,2
ভ,2
蠻,2
渤,2
ᛟ,2
ʑ,2
ὅ,2
疆,2
ጉ,2
埵,2
ﺗ,2
ﺘ,2
Ȣ,2
ぁ,2
ぇ,2
པ,2
ㄹ,2
劍,2
झ,2
ဂ,2
ဆ,2
檖,2
ꟾ,2
セ,2
உ,2
跆,2
새,2
역,2
𝜷,2
ぷ,2
𝔐,2
ሳ,2
ʐ,2
ⲙ,2
ຍ,2
ຄ,2
교,2
Ṇ,2
Ṿ,2
Ṃ,2
凰,2
瑜,2
個,2
연,2
藕,2
莲,2
臺,2
복,2
혁,2
웅,2
애,2
爲,2
鹽,2
ﻃ,1
汤,1
滕,1
醋,1
𐎣,1
𐎢,1
𐎪,1
𐎮,1
ᬩ,1
ᬮ,1
遗,1
Ď,1
兔,1
ɩ,1
ゼ,1
ヌ,1
ಹ,1
ಪ,1
ⲱ,1
ϩ,1
ϥ,1
ⲑ,1
岬,1
崎,1
两,1
ḯ,1
ክ,1
ሱ,1
ገ,1
𐌻,1
𐌴,1
𐌹,1
𐌺,1
帖,1
ಅ,1
ಲ,1
ಟ,1
ಮ,1
ಸ,1
禿,1
髮,1
ϳ,1
剥,1
隘,1
篆,1
垒,1
对,1
昂,1
ȁ,1
ȉ,1
ഔ,1
ഐ,1
എ,1
ഉ,1
ᕐ,1
ᕆ,1
Ἔ,1
鮭,1
汁,1
荔,1
尤,1
狦,1
尸,1
赫,1
𒀀,1
𒉺,1
𒊭,1
𐤍,1
𐤐,1
𐤎,1
𐤀,1
駿,1
ⱱ,1
ȗ,1
џ,1
십,1
삽,1
멍,1
텅,1
헛,1
켜,1
행,1
딱,1
계,1
래,1
당,1
폭,1
탄,1
彈,1
록,1
꺽,1
초,1
루,1
덕,1
둘,1
외,1
허,1
섬,1
혜,1
린,1
강,1
옥,1
崴,1
沃,1
托,1
筑,1
𐎫,1
𐏂,1
茄,1
彳,1
粴,1
錶,1
错,1
豸,1
麥,1
證,1
妞,1
妆,1
奿,1
妝,1
宀,1
邗,1
阞,1
飠,1
饣,1
鬯,1
鬱,1
Ģ,1
Ŗ,1
帮,1
幫,1
痕,1
ⵯ,1
咏,1
勁,1
蝴,1
Ơ,1
與,1
屮,1
吗,1
钚,1
歷,1
腺,1
单,1
异,1
丶,1
丷,1
դ,1
骆,1
驼,1
蕉,1
妳,1
袮,1
祂,1
捉,1
鼠,1
录,1
ਢ,1
Դ,1
袴,1
Ƕ,1
Ϟ,1
Պ,1
չ,1
Ҙ,1
Ҡ,1
Ҫ,1
Ҥ,1
Ӕ,1
ҧ,1
Ӄ,1
Ҧ,1
Ꚋ,1
Ӷ,1
Ԥ,1
Ҭ,1
ፋ,1
Տ,1
丙,1
乏,1
亜,1
亡,1
享,1
仰,1
企,1
伐,1
伴,1
伸,1
伺,1
但,1
低,1
仏,1
例,1
依,1
侮,1
侵,1
係,1
促,1
俊,1
俳,1
俵,1
併,1
倍,1
倣,1
値,1
偉,1
停,1
健,1
側,1
傍,1
傑,1
催,1
債,1
傷,1
傾,1
僚,1
偽,1
僧,1
価,1
億,1
倹,1
償,1
優,1
免,1
具,1
冊,1
再,1
冒,1
冗,1
冠,1
凍,1
凝,1
凶,1
刈,1
刊,1
初,1
判,1
券,1
削,1
剖,1
剰,1
副,1
剤,1
劣,1
努,1
劾,1
勅,1
勇,1
勘,1
労,1
募,1
勤,1
勲,1
励,1
勧,1
匹,1
匿,1
午,1
危,1
却,1
卵,1
卸,1
即,1
取,1
吟,1
否,1
含,1
呈,1
告,1
味,1
咲,1
唆,1
唯,1
唱,1
問,1
喚,1
喪,1
喫,1
噴,1
嚇,1
厳,1
嘱,1
囚,1
困,1
圏,1
囲,1
垂,1
型,1
執,1
培,1
堤,1
塊,1
塑,1
塗,1
墜,1
増,1
堕,1
墾,1
壇,1
塁,1
壊,1
壱,1
奏,1
契,1
奔,1
奪,1
奨,1
奮,1
妊,1
妨,1
妹,1
姉,1
姫,1
姻,1
姿,1
娯,1
娠,1
婿,1
媒,1
嫁,1
嫡,1
嬢,1
室,1
宰,1
害,1
容,1
寂,1
寄,1
寒,1
寡,1
寝,1
寛,1
寮,1
専,1
尋,1
対,1
導,1
尿,1
届,1
層,1
履,1
岩,1
峠,1
峡,1
崩,1
巣,1
差,1
帆,1
帳,1
幅,1
幹,1
幻,1
幼,1
床,1
序,1
底,1
庶,1
廊,1
廃,1
広,1
弊,1
弔,1
引,1
弧,1
彩,1
彫,1
彰,1
往,1
径,1
徴,1
忌,1
忘,1
忙,1
怠,1
急,1
怪,1
恒,1
恥,1
息,1
悦,1
患,1
悼,1
惑,1
惜,1
惰,1
悩,1
愉,1
愚,1
態,1
慌,1
惨,1
慢,1
慨,1
憂,1
憎,1
憤,1
憩,1
憶,1
憾,1
懇,1
懲,1
懐,1
懸,1
恋,1
戯,1
扱,1
扶,1
批,1
抄,1
抑,1
投,1
抱,1
抵,1
抽,1
払,1
拍,1
拒,1
抜,1
拘,1
拙,1
拝,1
括,1
拷,1
拾,1
捕,1
捨,1
掃,1
排,1
掘,1
採,1
控,1
措,1
描,1
掲,1
揮,1
援,1
損,1
揺,1
捜,1
搬,1
携,1
搾,1
撤,1
撮,1
撲,1
擁,1
択,1
撃,1
担,1
拠,1
擦,1
挙,1
拡,1
摂,1
収,1
叙,1
敵,1
敷,1
数,1
整,1
斜,1
斤,1
斥,1
断,1
旋,1
旨,1
昔,1
昨,1
晩,1
昼,1
晴,1
暇,1
暑,1
暖,1
暫,1
暮,1
曇,1
暁,1
替,1
朕,1
朽,1
材,1
束,1
析,1
架,1
柄,1
某,1
染,1
核,1
栽,1
械,1
棺,1
栄,1
概,1
標,1
枢,1
検,1
桜,1
欄,1
次,1
欲,1
欺,1
歓,1
歩,1
歳,1
歴,1
殉,1
殖,1
段,1
殴,1
毎,1
毒,1
氷,1
汗,1
汚,1
沸,1
沿,1
況,1
泌,1
泣,1
泳,1
浴,1
浸,1
渉,1
液,1
淡,1
浄,1
添,1
減,1
測,1
渇,1
準,1
溶,1
滋,1
滑,1
滞,1
漂,1
漆,1
漏,1
漸,1
潜,1
潤,1
渋,1
激,1
濁,1
濃,1
湿,1
済,1
濫,1
滝,1
灰,1
災,1
炊,1
炭,1
焦,1
煮,1
煩,1
熟,1
熱,1
燃,1
営,1
燥,1
牲,1
犠,1
犯,1
状,1
狂,1
狩,1
狭,1
猶,1
猟,1
獣,1
璽,1
産,1
畑,1
留,1
畜,1
畝,1
疎,1
疑,1
疫,1
疲,1
症,1
痛,1
痢,1
痴,1
癖,1
盆,1
盛,1
盗,1
盟,1
尽,1
監,1
盲,1
眠,1
睡,1
瞬,1
矛,1
矢,1
硝,1
硫,1
硬,1
碁,1
碑,1
確,1
磁,1
礁,1
祈,1
祉,1
祝,1
祭,1
禁,1
秒,1
租,1
秩,1
移,1
税,1
称,1
稲,1
穀,1
積,1
穂,1
穏,1
穫,1
窒,1
窯,1
窃,1
端,1
競,1
筆,1
等,1
答,1
箇,1
算,1
範,1
篤,1
籍,1
粗,1
粘,1
粋,1
糖,1
糧,1
糾,1
約,1
紋,1
納,1
級,1
紛,1
紡,1
索,1
累,1
細,1
紳,1
紺,1
終,1
組,1
絶,1
絞,1
絡,1
網,1
緊,1
締,1
縁,1
編,1
縛,1
縫,1
縮,1
縦,1
績,1
繁,1
繕,1
絵,1
繭,1
繰,1
継,1
繊,1
欠,1
罰,1
署,1
罷,1
翌,1
耕,1
耗,1
聴,1
粛,1
肖,1
肪,1
肯,1
胃,1
胎,1
胞,1
胴,1
胸,1
脂,1
脅,1
脱,1
腕,1
脳,1
腸,1
膚,1
膜,1
膨,1
臓,1
舎,1
舗,1
舶,1
艇,1
荒,1
荘,1
茎,1
菊,1
菌,1
菓,1
落,1
蒸,1
蓄,1
薄,1
薦,1
薫,1
芸,1
虐,1
虞,1
蚊,1
融,1
衆,1
衝,1
衰,1
衷,1
裂,1
補,1
裸,1
製,1
襲,1
規,1
覧,1
触,1
訂,1
討,1
託,1
訟,1
訪,1
訴,1
診,1
詐,1
評,1
詰,1
該,1
詳,1
誇,1
誌,1
認,1
誕,1
誘,1
調,1
請,1
諮,1
謁,1
謄,1
講,1
謝,1
謡,1
謹,1
識,1
訳,1
誉,1
豚,1
貨,1
販,1
責,1
貯,1
弐,1
貸,1
費,1
貿,1
賃,1
賄,1
賓,1
賠,1
売,1
質,1
頼,1
購,1
贈,1
賛,1
赦,1
走,1
赴,1
趣,1
距,1
跳,1
踏,1
践,1
軌,1
軒,1
軟,1
軸,1
較,1
輝,1
輩,1
輸,1
轄,1
転,1
弁,1
辱,1
込,1
返,1
逃,1
逆,1
透,1
途,1
逮,1
週,1
遇,1
遍,1
違,1
逓,1
遣,1
遭,1
遅,1
遺,1
邸,1
郊,1
郵,1
郷,1
配,1
酬,1
酪,1
酵,1
酷,1
酔,1
醜,1
醸,1
釈,1
針,1
鈍,1
鉛,1
銃,1
銘,1
鋭,1
錠,1
銭,1
錬,1
鍛,1
鎖,1
鎮,1
鐘,1
鋳,1
鉱,1
閉,1
閣,1
閥,1
閲,1
関,1
阻,1
附,1
陛,1
除,1
陪,1
陥,1
階,1
隔,1
障,1
隣,1
随,1
険,1
隠,1
隷,1
雇,1
雑,1
雷,1
需,1
震,1
霧,1
露,1
静,1
響,1
頂,1
項,1
預,1
頒,1
題,1
額,1
翻,1
飢,1
飼,1
飽,1
飾,1
養,1
餓,1
館,1
駐,1
騰,1
騒,1
駆,1
験,1
驚,1
駅,1
髄,1
魅,1
鯨,1
鳴,1
鶏,1
塩,1
点,1
鼓,1
鼻,1
斎,1
歯,1
齢,1
丞,1
亘,1
亦,1
匡,1
卯,1
吾,1
哉,1
圭,1
奈,1
寅,1
巳,1
悌,1
晃,1
暢,1
楠,1
橘,1
欣,1
欽,1
毅,1
猪,1
玲,1
琢,1
睦,1
稔,1
穣,1
綾,1
惣,1
聡,1
艶,1
蔦,1
辰,1
酉,1
錦,1
鯉,1
鯛,1
麿,1
亀,1
甚,1
冴,1
喬,1
怜,1
梢,1
瑠,1
瞳,1
紗,1
紘,1
絢,1
芙,1
茜,1
藍,1
鮎,1
葵,1
苺,1
遥,1
姦,1
淫,1
怨,1
痔,1
掬,1
濮,1
击,1
诱,1
敌,1
栾,1
郤,1
溱,1
偃,1
ﾞ,1
ﾟ,1
ʥ,1
ʸ,1
枷,1
Ᾰ,1
ਫ,1
ਕ,1
ਟ,1
ਨ,1
ਭ,1
ਵ,1
飒,1
ὺ,1
窩,1
𐎜,1
𐎂,1
𐎗,1
𐎚,1
ザ,1
羌,1
Ⲱ,1
ᖃ,1
ᔭ,1
ꝼ,1
ꞃ,1
ꞅ,1
ᵬ,1
ᵱ,1
ᵵ,1
ᵭ,1
ᵯ,1
ᵰ,1
ᵴ,1
ᵶ,1
ᵮ,1
ᵲ,1
ᵳ,1
ḭ,1
ṳ,1
ḛ,1
ṵ,1
ቢ,1
ቂ,1
壶,1
炁,1
皀,1
旡,1
灬,1
带,1
闾,1
脊,1
枕,1
髓,1
强,1
偷,1
칠,1
석,1
鵲,1
嶽,1
𐌱,1
𐌿,1
𐌲,1
蓬,1
涇,1
榅,1
桲,1
碼,1
訊,1
蠶,1
Ы,1
辉,1
蔘,1
麵,1
麩,1
Ͷ,1
Ւ,1
查,1
筝,1
嘴,1
颖,1
阁,1
犹,1
电,1
视,1
钟,1
舰,1
题,1
态,1
旺,1
线,1
纬,1
받,1
쓰,1
邢,1
娜,1
ㄚ,1
頤,1
叟,1
眞,1
韭,1
耽,1
霖,1
ほ,1
ǩ,1
显,1
ஞ,1
蟾,1
珏,1
枇,1
杷,1
Ɓ,1
속,1
까,1
으,1
는,1
ㄴ,1
냐,1
댁,1
俺,1
𐡔,1
ﺵ,1
ጸ,1
𐡑,1
ﺹ,1
Ⲥ,1
Ͻ,1
Ͼ,1
Ͽ,1
𐡐,1
ﻒ,1
ἷ,1
澤,1
迁,1
伍,1
膑,1
臏,1
计,1
谋,1
势,1
爭,1
变,1
詭,1
每,1
ᵊ,1
瑟,1
黍,1
鵰,1
侶,1
Ἆ,1
侨,1
雾,1
览,1
脯,1
荆,1
莞,1
赛,1
奎,1
库,1
勒,1
ʉ,1
Џ,1
Ћ,1
Ђ,1
ሞ,1
ሌ,1
ጨ,1
ው,1
ታ,1
ሪ,1
报,1
점,1
벌,1
毕,1
虾,1
胜,1
璇,1
ឡ,1
ឥ,1
澧,1
Ȼ,1
건,1
Й,1
顶,1
坡,1
抚,1
其,1
濬,1
藝,1
예,1
裔,1
휜,1
훤,1
씨,1
해,1
餃,1
આ,1
ઇ,1
ઈ,1
ઊ,1
ઋ,1
એ,1
ઐ,1
ઔ,1
ખ,1
ઘ,1
ઙ,1
ઞ,1
ઠ,1
ણ,1
ય,1
ળ,1
楷,1
沛,1
麋,1
竺,1
暹,1
輯,1
岱,1
豫,1
荊,1
茨,1
龜,1
墟,1
怛,1
嫂,1
량,1
ᔑ,1
ᓈ,1
ᐯ,1
ᒧ,1
ᐎ,1
碉,1
啤,1
渔,1
码,1
环,1
邹,1
涿,1
远,1
颛,1
顼,1
于,1
樟,1
增,1
扎,1
榆,1
庇,1
庚,1
沅,1
鹰,1
潭,1
应,1
氐,1
Ͳ,1
ͳ,1
Ὄ,1
エ,1
衍,1
肾,1
腑,1
络,1
础,1
ɚ,1
寰,1
泸,1
沱,1
函,1
牝,1
奕,1
胶,1
왜,1
란,1
鲜,1
ผ,1
Ȟ,1
巩,1
斟,1
鄩,1
堆,1
产,1
阶,1
贺,1
劲,1
矿,1
珲,1
珥,1
숙,1
钱,1
ұ,1
芜,1
阆,1
涟,1
浏,1
𒈥,1
𒌅,1
ធ,1
运,1
盈,1
통,1
Ƣ,1
ƣ,1
ᶇ,1
Ɵ,1
Ƶ,1
頎,1
카,1
롱,1
聯,1
臥,1
嘗,1
ᒡ,1
ɭ,1
棱,1
讷,1
济,1
攀,1
凉,1
來,1
Ĺ,1
ƭ,1
ˮ,1
餘,1
懵,1
련,1
Ḏ,1
沧,1
铜,1
营,1
萧,1
瑤,1
Ǐ,1
ฑ,1
ฆ,1
卡,1
ᴀ,1
ᴄ,1
손,1
约,1
諝,1
斌,1
尹,1
勳,1
脫,1
讓,1
鮑,1
陂,1
燮,1
褚,1
宛,1
頡,1
璆,1
祗,1
郗,1
饒,1
俱,1
潛,1
龔,1
秉,1
勃,1
邟,1
鄉,1
见,1
ឃ,1
ឌ,1
瓷,1
萝,1
卜,1
생,1
Ĳ,1
Ȋ,1
敕,1
劭,1
肃,1
按,1
訣,1
壓,1
硕,1
碩,1
𐤁,1
𐤓,1
𐤒,1
梭,1
傈,1
僳,1
傣,1
應,1
Ų,1
蕊,1
狀,1
彪,1
袈,1
裟,1
师,1
杖,1
钞,1
ĺ,1
缃,1
傌,1
腾,1
贯,1
昊,1
荣,1
孜,1
坝,1
熹,1
顾,1
篠,1
覺,1
凹,1
捷,1
壬,1
అ,1
డ,1
మ,1
క,1
బ,1
ద,1
ల,1
ਚ,1
ਗ,1
ੜ,1
ਹ,1
ں,1
茉,1
莉,1
萨,1
살,1
闚,1
陀,1
Ⲫ,1
Փ,1
𐌘,1
Ĝ,1
Ŷ,1
ˆ,1
례,1
내,1
첫,1
처,1
哥,1
ㄅ,1
ㄆ,1
ㄈ,1
ㄨ,1
슈,1
퍼,1
甫,1
އ,1
ތ,1
ޅ,1
ᚼ,1
열,1
ѱ,1
Ѕ,1
ꜩ,1
ѥ,1
ѭ,1
Ꙓ,1
ѿ,1
ѡ,1
ҵ,1
ԕ,1
ԗ,1
ԙ,1
Ϗ,1
և,1
ﬔ,1
ﬕ,1
ﬗ,1
ﬖ,1
ﬃ,1
ﬄ,1
Ὕ,1
Ⅎ,1
焚,1
冕,1
旒,1
娡,1
嫖,1
誼,1
晁,1
竇,1
嬰,1
蚡,1
甌,1
郢,1
濞,1
佗,1
眜,1
僕,1
聶,1
敖,1
朔,1
渾,1
屠,1
犍,1
縱,1
顏,1
欒,1
樛,1
禪,1
險,1
渠,1
거,1
涉,1
昆,1
芩,1
娶,1
鞮,1
犛,1
穰,1
戾,1
晔,1
佟,1
鳌,1
礽,1
禛,1
ペ,1
փ,1
Ỹ,1
Ą,1
协,1
议,1
筹,1
籌,1
涵,1
赵,1
槟,1
榔,1
ﻁ,1
龄,1
ⵒ,1
固,1
歸,1
铎,1
丕,1
嵇,1
勰,1
愈,1
祠,1
爷,1
稹,1
絕,1
歐,1
弗,1
闰,1
戍,1
轮,1
阑,1
听,1
冰,1
覽,1
銳,1
冯,1
笠,1
宪,1
紓,1
鶚,1
鹗,1
駝,1
骅,1
蠋,1
從,1
翰,1
粥,1
饼,1
Ỉ,1
颱,1
芾,1
尧,1
译,1
對,1
ẫ,1
軾,1
雕,1
潘,1
瓶,1
龐,1
喻,1
恆,1
拯,1
辯,1
辩,1
赳,1
ẏ,1
ḃ,1
ȯ,1
ռ,1
伟,1
统,1
眸,1
霞,1
释,1
迟,1
恪,1
畢,1
滎,1
煬,1
濂,1
樘,1
骢,1
垕,1
翊,1
鈞,1
洛,1
檢,1
炽,1
瞻,1
钰,1
潟,1
调,1
攘,1
塙,1
Ḩ,1
鳄,1
ഴ,1
汾,1
并,1
邺,1
Ǖ,1
Ǘ,1
Ǚ,1
ǜ,1
Ǜ,1
艳,1
收,1
鹅,1
Ǽ,1
ٹ,1
ཁ,1
ὲ,1
ἧ,1
ഥ,1
ᾍ,1
皖,1
术,1
璞,1
坎,1
犧,1
筠,1
Ṯ,1
饮,1
扑,1
ḣ,1
թ,1
Ꮳ,1
Ꮃ,1
Ꭹ,1
唵,1
嗡,1
禧,1
简,1
总,1
须,1
鬚,1
簽,1
叠,1
啰,1
蜣,1
蜋,1
프,1
레,1
丂,1
撇,1
捺,1
巛,1
厶,1
ⵈ,1
霹,1
雳,1
倪,1
绪,1
湉,1
甜,1
猿,1
Ǵ,1
韦,1
嫪,1
毐,1
兎,1
𐡓,1
𐡕,1
Ⲧ,1
የ,1
Ⲓ,1
Ի,1
Հ,1
鷺,1
올,1
드,1
ȧ,1
ẗ,1
ᚫ,1
𐡌,1
Ⲙ,1
Մ,1
Ⲑ,1
Ⲟ,1
Ո,1
Ⲉ,1
Է,1
ﻝ,1
Լ,1
𐡅,1
Ⱶ,1
Ʊ,1
Ѵ,1
Ⲩ,1
𐡍,1
ﻥ,1
Ⲛ,1
𐡎,1
ﺱ,1
Ѡ,1
Ѧ,1
Ѫ,1
Ⲝ,1
ﻙ,1
Ⲭ,1
𐌙,1
Ґ,1
Զ,1
Ⲯ,1
ﻑ,1
泡,1
费,1
ὔ,1
উ,1
야,1
鷹,1
Ｄ,1
Ａ,1
엔,1
矣,1
识,1
网,1
獎,1
ﻟ,1
ﺻ,1
ﻓ,1
ﯾ,1
ﺔ,1
ڄ,1
ٺ,1
ٽ,1
ٿ,1
ڀ,1
ٻ,1
ڙ,1
ڍ,1
ڊ,1
ڏ,1
ڌ,1
ڇ,1
ڃ,1
ڦ,1
ڻ,1
ڱ,1
ڳ,1
ʱ,1
ɶ,1
ⵂ,1
蓝,1
苹,1
琪,1
棉,1
剌,1
抹,1
孛,1
已,1
郛,1
圍,1
𐎴,1
𐎶,1
뽀,1
빠,1
𝒫,1
贞,1
粹,1
芬,1
Ⱌ,1
ⱌ,1
ന,1
旻,1
զ,1
濤,1
鋒,1
ಜ,1
ನ,1
ತ,1
எ,1
ஜ,1
ஆ,1
惯,1
歇,1
耙,1
趴,1
ⲝ,1
ፊ,1
ῴ,1
바,1
둑,1
ὥ,1
ӱ,1
ӹ,1
ソ,1
충,1
녕,1
온,1
비,1
릉,1
ẚ,1
ꞡ,1
ꞣ,1
ꞥ,1
ꞧ,1
ῄ,1
ㅅ,1
ㅁ,1
ㅎ,1
ㅍ,1
ㅜ,1
ㅠ,1
崮,1
莔,1
卣,1
呆,1
ዓ,1
ይ,1
冨,1
ኛ,1
楞,1
伽,1
ἤ,1
북,1
ӑ,1
এ,1
ণ,1
綽,1
Ꝃ,1
ᛞ,1
ᚷ,1
Ꮤ,1
Ꮎ,1
Ꮟ,1
ὣ,1
铺,1
晚,1
禹,1
ሀ,1
ሡ,1
ﺀ,1
鏑,1
賤,1
ヶ,1
ḻ,1
ἣ,1
ᵑ,1
ස,1
හ,1
ල,1
ᑐ,1
ɵ,1
ゅ,1
ぢ,1
づ,1
ﺧ,1
ﻢ,1
ﻛ,1
ﻞ,1
ﺶ,1
ﺖ,1
ﮔ,1
ﺮ,1
Ύ,1
欸,1
埲,1
扃,1
隙,1
梗,1
擴,1
胚,1
錐,1
痂,1
謋,1
揈,1
耷,1
仄,1
懶,1
粵,1
戲,1
氓,1
ӡ,1
ђ,1
ぃ,1
ぅ,1
ぉ,1
ᇁ,1
ㄱ,1
ㄷ,1
ㅈ,1
Ἥ,1
搖,1
勾,1
坐,1
む,1
ছ,1
ॲ,1
ऑ,1
ॠ,1
ऌ,1
ॡ,1
ऐ,1
凛,1
錢,1
အ,1
ဈ,1
ထ,1
ဇ,1
ဖ,1
ѓ,1
Ќ,1
Ѓ,1
𥝤,1
氾,1
椄,1
廋,1
砀,1
ↄ,1
釧,1
ᚨ,1
ᛈ,1
ᛊ,1
ᛐ,1
螺,1
汞,1
𝔽,1
ギ,1
ṉ,1
Ợ,1
魄,1
荀,1
莽,1
讖,1
작,1
휴,1
ஓ,1
품,1
극,1
ʤ,1
ݾ,1
ڭ,1
ڒ,1
ژ,1
ڥ,1
Ў,1
ϲ,1
직,1
할,1
壌,1
택,1
편,1
釵,1
ぱ,1
蔡,1
噶,1
热,1
ワ,1
Ｉ,1
Ｍ,1
Ｅ,1
특,1
별,1
광,1
ጀ,1
ጅ,1
ማ,1
ዳ,1
豔,1
樓,1
檟,1
荈,1
茗,1
ᕼ,1
ᐦ,1
ƚ,1
鏵,1
瓊,1
ժ,1
ʟ,1
ʶ,1
ฮ,1
嵐,1
ใ,1
ⲭ,1
Ŭ,1
ホ,1
Ɖ,1
蔭,1
權,1
欅,1
ჟ,1
蚩,1
ㄦ,1
ㄝ,1
呀,1
忧,1
蛙,1
窝,1
歪,1
汪,1
袄,1
ຳ,1
ຜ,1
ໝ,1
蛄,1
립,1
ঙ,1
ট,1
ಗ,1
ಧ,1
ವ,1
గ,1
ధ,1
闥,1
跃,1
Ạ,1
Ẹ,1
Ʒ,1
傻,1
逼,1
ሊ,1
ሮ,1
ሃ,1
庐,1
裴,1
濳,1
彌,1
晏,1
惇,1
冏,1
狄,1
邽,1
沓,1
閻,1
棘,1
贡,1
ɘ,1
壽,1
结,1
护,1
荡,1
寇,1
仓,1
骑,1
ʨ,1
睛,1
這,1
什,1
麼,1
乜,1
꽃,1
잎,1
ᑯ,1
ᐅ,1
ᐸ,1
ᔪ,1
찬,1
產,1
仔,1
범,1
근,1
ฎ,1
ฬ,1
ฯ,1
Ễ,1
Ớ,1
薌,1
笼,1
挂,1
籠,1
혈,1
칼,1
팡,1
쌍,1
절,1
곤,1
용,1
ཙ,1
ན,1
Ḷ,1
흙,1
靑,1
흑,1
오,1
변,1
안,1
파,1
운,1
달,1
령,1
ཕ,1
驃,1
婉,1
람,1
메,1
뫼,1
림,1
쇄,1
책,1
ɮ,1
ɬ,1
ḿ,1
ழ,1
ண,1
鷄,1
