י,46613243
ו,46167902
ה,35745126
ל,26322798
ר,25033730
ב,23255769
ת,22986750
מ,20977951
א,19104645
ש,17976328
נ,14993134
ע,10968674
ם,10868848
ד,10688297
ק,10032186
ח,9397717
פ,9200557
ס,8773804
כ,8034284
ג,6643641
ט,6472985
צ,5378783
ן,5325272
ז,3738254
ך,1631587
ף,954329
e,793002
a,705420
ץ,587952
o,587744
r,563639
i,542977
n,494298
t,420741
l,409879
s,374386
u,305731
m,230296
d,211457
h,206574
c,203758
A,156396
S,151919
f,143796
C,140330
g,128801
T,124553
M,118680
y,114588
B,113427
p,109616
P,95373
I,87585
D,87302
R,81068
L,78402
b,76101
N,75865
k,73260
v,72444
F,69508
E,68372
H,64586
G,62476
W,57229
w,53148
O,52554
V,42719
K,31676
J,31075
z,29642
U,28338
x,26462
а,19227
о,18593
X,18112
и,17276
Y,16239
е,14365
ا,13977
н,13455
р,12518
j,11523
q,11317
é,10600
в,10116
с,9925
ل,9780
Z,9015
л,8981
к,8661
т,7971
ي,6764
Q,6520
م,6045
ر,5771
ن,5174
д,5073
ب,4801
й,4594
á,4573
α,4564
у,4333
м,4286
و,4122
ο,3945
د,3911
ü,3757
ó,3374
ч,3342
я,3250
ς,3194
س,3114
г,3056
ь,3017
б,2974
ة,2916
ع,2833
ι,2782
ν,2780
ρ,2740
í,2684
ö,2666
С,2563
п,2535
ح,2405
ы,2319
λ,2221
τ,2190
ä,2060
ت,2041
ε,1947
М,1916
А,1910
з,1888
ი,1867
К,1863
ه,1837
В,1819
ă,1801
ف,1785
ა,1729
è,1675
ق,1648
κ,1600
ج,1560
ц,1532
σ,1528
П,1505
Р,1496
х,1396
μ,1387
η,1385
і,1352
ش,1324
ك,1317
ί,1307
π,1282
Б,1281
ı,1212
ç,1196
Г,1195
ی,1155
ά,1152
ş,1126
γ,1120
υ,1117
â,1115
أ,1065
Н,1063
ز,1043
ш,1018
Д,1006
ό,1003
δ,1001
ط,961
É,957
ú,953
à,953
И,941
ص,909
β,887
ω,866
ე,857
Л,845
ж,840
О,826
Т,799
خ,781
ł,776
ա,759
Ф,756
ñ,743
ф,741
ā,735
θ,729
ß,728
š,712
რ,705
ლ,702
ს,690
έ,609
ო,593
ή,584
ã,556
ё,538
ō,526
Π,505
φ,503
Κ,493
Α,487
χ,486
ნ,483
З,476
ю,474
ύ,472
č,460
Σ,436
ţ,432
ć,431
э,430
ë,428
ვ,417
å,407
У,403
Е,401
ø,399
ê,394
ն,390
ъ,389
غ,383
ô,381
მ,379
Μ,379
إ,374
ī,370
Х,369
ى,366
ğ,361
Ö,360
ბ,355
თ,354
უ,354
र,352
Á,350
ő,348
î,347
ș,344
æ,332
Δ,330
ض,325
ð,319
Ш,301
ث,298
ー,296
ț,294
ə,289
ր,288
Ч,285
ک,285
щ,281
ž,274
Ε,272
ء,271
ū,268
ո,263
ظ,261
ń,261
ј,260
ტ,255
ώ,255
Ц,252
ン,251
Я,243
ի,243
Å,240
გ,238
ì,237
დ,236
大,233
İ,232
ხ,225
ћ,224
ئ,224
ē,222
ζ,217
ײ,212
ò,211
ė,205
შ,202
Λ,202
ξ,201
ù,197
Š,197
า,195
Ю,195
ե,195
ï,194
კ,192
Э,190
ї,190
ę,188
न,187
Ş,187
ś,186
ý,185
آ,185
の,184
Τ,184
յ,183
山,182
Φ,173
Ἀ,171
Β,169
म,168
Ü,165
ル,164
Ж,163
ż,162
ě,162
ذ,161
ـ,158
中,157
Ν,156
ร,153
Γ,153
त,151
Ç,151
پ,151
国,150
ˈ,148
ւ,148
Ι,142
子,142
Č,141
ス,140
Ο,138
ą,136
Χ,135
ქ,130
گ,126
ǎ,126
ल,125
स,125
տ,125
द,122
天,122
日,121
Ó,120
य,119
本,119
Θ,118
ト,117
ﬠ,117
ग,116
ː,116
ř,116
क,116
海,115
น,114
կ,113
ზ,112
公,111
व,110
ძ,108
Ž,107
ც,107
Î,106
Ż,105
प,102
œ,100
ܐ,100
会,100
ў,100
三,99
ψ,97
õ,97
タ,97
º,97
װ,96
ہ,96
ῖ,95
ս,95
ก,94
ア,93
û,92
市,92
リ,92
Ա,92
上,92
Ú,91
司,90
ἀ,89
ር,88
ܝ,88
Ł,86
ラ,86
ት,86
ʻ,86
ფ,85
ッ,85
ย,84
ク,84
田,84
人,84
島,84
王,83
አ,83
Ś,83
東,83
լ,82
イ,82
პ,81
车,81
汽,81
平,80
國,80
ม,80
ǐ,79
Ω,78
京,78
北,77
ን,76
ὁ,76
ǔ,75
រ,75
社,74
神,74
ド,74
ʃ,74
І,74
մ,73
ว,73
道,72
Հ,72
ह,70
南,70
新,70
ų,69
เ,68
Η,68
Ρ,68
Í,67
ท,67
式,66
ज,66
有,66
ῆ,65
シ,65
ง,64
ब,64
太,64
წ,64
ⴰ,63
文,63
一,63
Æ,62
ስ,62
ჩ,61
明,61
限,61
ؤ,60
ர,60
ὶ,60
վ,60
ө,60
श,59
อ,59
Ј,59
金,59
ჯ,58
ٱ,58
Ά,58
Þ,58
モ,57
江,57
ყ,56
皇,56
Ä,56
դ,56
ἐ,56
林,55
株,55
民,55
Ø,55
Đ,55
ῶ,55
和,55
西,55
พ,55
க,54
安,54
武,54
ም,53
戦,53
À,53
ロ,52
đ,52
Ζ,52
þ,52
چ,52
川,51
城,51
ड,50
ܪ,50
ħ,50
ἰ,50
Մ,50
郎,50
寺,50
小,49
ይ,49
Ţ,49
ट,49
ź,49
股,49
代,48
च,48
ባ,48
ジ,48
家,48
ห,48
ሰ,48
ப,48
と,48
भ,47
い,47
コ,47
Ἰ,47
պ,47
ம,46
љ,46
қ,46
ǒ,46
ܘ,45
ん,45
Υ,45
국,45
空,45
ә,45
թ,45
ส,45
ያ,44
木,44
ῦ,44
զ,44
조,44
র,43
த,43
マ,43
መ,43
գ,43
り,43
ダ,43
キ,43
野,43
հ,43
њ,43
ะ,43
美,42
ध,42
Ս,42
カ,42
ニ,42
場,42
ボ,42
士,42
正,42
ด,42
ล,42
ต,42
선,42
ण,41
ღ,41
Έ,41
県,41
ք,41
高,41
立,41
ស,41
ű,41
原,40
オ,40
이,40
ɔ,40
工,40
ម,40
ብ,40
ድ,40
ჭ,40
ช,39
Й,39
ন,39
帝,39
バ,39
շ,39
華,39
မ,39
Ξ,38
민,38
ケ,38
բ,38
ष,38
ナ,38
フ,38
州,38
ɡ,38
清,38
Ἐ,38
ል,38
村,38
ʔ,38
ង,38
地,38
ὐ,37
ɛ,37
ղ,37
内,37
集,37
주,37
行,37
ň,36
ܕ,36
ተ,36
女,36
き,36
港,36
ϊ,36
ђ,36
白,36
信,36
石,36
份,36
生,35
ደ,35
水,35
法,35
ポ,35
グ,35
元,35
プ,35
松,35
ミ,35
ገ,35
藤,35
ʼ,35
ھ,34
ィ,34
ল,34
अ,34
东,34
宮,34
香,34
區,34
之,34
ү,34
ச,34
通,34
吉,34
し,33
ম,33
ѣ,33
茶,33
ἄ,33
仁,33
義,33
ὸ,33
五,33
河,33
দ,33
ὰ,33
ܬ,33
門,33
Ș,32
学,32
є,32
物,32
ʲ,32
軍,32
ハ,32
世,32
ウ,32
ŋ,32
光,32
都,31
ረ,31
パ,31
ܠ,31
ˤ,31
ʁ,31
ব,31
記,31
語,31
ュ,31
院,31
Ō,31
한,31
四,30
ܢ,30
政,30
ራ,30
ས,30
古,30
Щ,30
ʷ,30
る,30
区,30
ʒ,30
岡,30
인,30
ត,30
시,30
ማ,30
Կ,30
下,30
方,30
少,29
በ,29
書,29
आ,29
µ,29
ց,29
長,29
ム,29
대,29
ܡ,29
館,29
レ,29
時,29
ல,29
花,29
か,29
第,29
ゴ,28
ャ,28
ﺍ,28
テ,28
ግ,28
Ψ,28
성,28
口,28
ላ,28
ក,28
富,28
自,28
治,28
周,28
ɬ,28
మ,28
ʰ,27
二,27
部,27
里,27
航,27
心,27
星,27
台,27
重,27
ዮ,27
ġ,27
ⵜ,27
夫,27
इ,26
主,26
Ἑ,26
Ὀ,26
チ,26
こ,26
ক,26
ヤ,26
作,26
Ἱ,26
ツ,26
業,26
龍,26
ኢ,26
ұ,26
화,26
ន,26
ত,25
ख,25
ቀ,25
ⵉ,25
ɪ,25
な,25
ܒ,25
Қ,25
ʧ,25
ɣ,25
福,25
ɑ,25
土,25
ٹ,25
玉,25
李,25
関,25
މ,25
ɾ,25
团,25
み,24
く,24
ར,24
동,24
ⵏ,24
号,24
園,24
ค,24
ち,24
김,24
術,24
স,24
朝,24
ヨ,24
學,24
Վ,24
ŭ,24
공,24
ለ,24
의,24
ľ,24
Ἡ,24
ʉ,24
ů,23
ガ,23
お,23
た,23
ర,23
ṣ,23
ἱ,23
流,23
劇,23
漢,23
デ,23
บ,23
ክ,23
章,23
九,23
宝,23
እ,23
ነ,23
室,23
ன,23
省,23
แ,23
ệ,23
정,23
소,23
党,23
堂,22
事,22
字,22
য,22
前,22
ṭ,22
ང,22
博,22
ブ,22
थ,22
ὴ,22
জ,22
Œ,22
스,22
動,22
ὀ,22
ប,22
ไ,22
陽,22
Ā,22
成,22
ፍ,22
サ,22
ำ,22
湖,22
គ,22
版,22
ĕ,22
ⲁ,22
ũ,22
名,21
忠,21
བ,21
八,21
族,21
ビ,21
ả,21
ܣ,21
የ,21
ベ,21
È,21
ជ,21
ዝ,21
ť,21
エ,21
良,21
တ,21
ے,21
ป,21
기,21
崎,21
う,21
紀,21
ዳ,20
Բ,20
永,20
さ,20
ズ,20
𐤋,20
谷,20
昌,20
青,20
真,20
ព,20
ቅ,20
所,20
車,20
唐,20
Գ,20
宗,20
ڤ,20
ዊ,20
도,20
사,20
ර,20
է,20
係,20
އ,20
ạ,20
త,20
จ,20
ந,19
す,19
হ,19
ョ,19
ἴ,19
音,19
শ,19
風,19
伊,19
橋,19
千,19
泰,19
ņ,19
리,19
ર,19
友,19
园,19
ए,19
ပ,19
ᾶ,19
າ,19
ѧ,19
ธ,19
克,19
津,19
十,18
屋,18
ⴷ,18
え,18
科,18
Ό,18
ག,18
ピ,18
ノ,18
親,18
衛,18
호,18
ں,18
火,18
沙,18
ռ,18
春,18
ட,18
ሐ,18
ካ,18
康,18
வ,18
雄,18
布,18
竹,18
ェ,18
セ,18
Ț,18
ศ,18
史,18
ⴻ,18
ދ,18
塔,18
Ն,18
英,18
镇,18
ರ,17
ま,17
ወ,17
汉,17
ⵍ,17
མ,17
も,17
建,17
ザ,17
分,17
ङ,17
ἔ,17
保,17
路,17
Ἄ,17
ὄ,17
ታ,17
န,17
技,17
Ì,17
ژ,17
ホ,17
ய,17
ư,17
あ,17
佐,17
彦,17
က,17
超,17
Ħ,16
外,16
年,16
ɲ,16
陳,16
ܥ,16
井,16
男,16
խ,16
ⵎ,16
ワ,16
风,16
ʕ,16
𐤌,16
𐤓,16
月,16
长,16
ܫ,16
Ñ,16
球,16
銀,16
ァ,16
门,16
દ,16
Դ,16
โ,16
제,16
න,16
华,16
ⵓ,16
보,16
广,16
క,16
న,16
Ə,15
府,15
ዓ,15
ན,15
ठ,15
ユ,15
や,15
体,15
メ,15
Ί,15
拳,15
গ,15
չ,15
𐤕,15
歌,15
手,15
教,15
ܩ,15
孫,15
豊,15
ሳ,15
喜,15
憲,15
ら,15
ʌ,15
隆,15
际,15
Ē,15
ข,15
경,15
县,15
に,15
ồ,15
志,15
Є,15
奇,15
龙,15
念,15
ⲓ,15
徳,15
ލ,15
れ,15
瑞,15
យ,15
無,15
业,15
不,15
ວ,14
が,14
任,14
張,14
昭,14
団,14
ḫ,14
ད,14
草,14
उ,14
陸,14
ɐ,14
馬,14
見,14
尼,14
ቤ,14
洲,14
Ё,14
久,14
일,14
老,14
足,14
魏,14
ң,14
ŏ,14
臣,14
ณ,14
德,14
장,14
Ь,14
嘉,14
ሥ,14
Տ,14
ế,14
劉,14
구,14
智,14
ʊ,14
ἡ,14
马,14
丹,14
អ,14
张,14
基,14
楼,14
孝,14
자,14
画,14
ల,14
ቲ,14
ӏ,14
घ,13
知,13
を,13
ソ,13
者,13
化,13
ﻟ,13
愛,13
ろ,13
ە,13
界,13
ܟ,13
越,13
Ө,13
ጋ,13
洋,13
師,13
ና,13
ዕ,13
乐,13
夏,13
ĳ,13
Â,13
ዘ,13
飯,13
ហ,13
菱,13
关,13
洞,13
け,13
안,13
紅,13
胡,13
신,13
居,13
Պ,13
फ,13
用,13
控,13
百,13
ⲛ,13
ⲉ,13
易,13
ḍ,13
秦,13
直,13
영,13
戸,13
ɨ,13
记,13
特,13
𐤁,13
交,12
ÿ,12
盛,12
ⵙ,12
ⴼ,12
ལ,12
ſ,12
ञ,12
舟,12
機,12
ṛ,12
ネ,12
び,12
ộ,12
Ê,12
魔,12
合,12
𐤇,12
박,12
지,12
ܛ,12
라,12
ទ,12
吳,12
Ἁ,12
ዲ,12
全,12
つ,12
ば,12
ܦ,12
赤,12
ລ,12
ギ,12
加,12
座,12
雅,12
다,12
우,12
仙,12
灣,12
င,12
고,12
문,12
ⵔ,12
珠,12
經,12
经,12
梅,12
秋,12
ई,12
비,12
ܚ,12
阿,12
万,12
ⲣ,12
巴,12
红,12
命,12
방,12
米,12
ނ,12
양,12
စ,12
同,12
勇,12
평,12
ժ,12
బ,12
毛,12
현,12
羽,12
ው,12
酒,12
트,12
ɰ,12
次,12
𐤍,12
𐤀,12
छ,11
て,11
鳥,11
유,11
ሃ,11
宇,11
黃,11
隊,11
ద,11
འ,11
亚,11
淮,11
阳,11
ヒ,11
冒,11
険,11
중,11
남,11
ị,11
ใ,11
Ὑ,11
ΐ,11
絵,11
杉,11
系,11
列,11
は,11
Շ,11
ዋ,11
ល,11
角,11
ழ,11
宁,11
ක,11
Ђ,11
և,11
ҧ,11
聖,11
Ć,11
场,11
恵,11
共,11
ங,11
利,11
廣,11
에,11
လ,11
出,11
樓,11
七,11
전,11
祖,11
교,11
마,11
Ե,11
명,11
电,11
ĝ,11
ļ,11
群,11
Ῥ,11
商,11
桜,11
ɓ,11
丸,11
進,11
ট,11
氏,11
ғ,11
ⵣ,11
众,11
介,11
後,11
侯,11
連,11
近,11
根,11
ރ,11
ጵ,11
庐,11
প,10
ര,10
ﻠ,10
君,10
令,10
ಕ,10
定,10
书,10
黄,10
해,10
湯,10
미,10
ṇ,10
军,10
母,10
岛,10
ህ,10
首,10
փ,10
ሪ,10
藏,10
ἑ,10
ﺮ,10
ὑ,10
能,10
宫,10
泉,10
浦,10
宋,10
Լ,10
મ,10
서,10
울,10
守,10
奈,10
Թ,10
ሱ,10
杨,10
佛,10
어,10
위,10
湾,10
Ġ,10
黒,10
達,10
じ,10
雨,10
ơ,10
夢,10
登,10
朱,10
ⴱ,10
ษ,10
種,10
达,10
ʂ,10
體,10
계,10
ŵ,10
理,10
ⲙ,10
ễ,10
鈴,10
岳,10
연,10
ḥ,10
Է,10
ބ,10
ⲟ,10
威,10
協,10
樹,10
比,10
ⵢ,10
ጉ,10
徐,10
岩,10
ത,10
య,10
ಮ,10
Ő,10
원,10
ǫ,10
나,10
체,10
ゞ,10
鹿,10
葉,10
殿,10
డ,10
秀,10
ᐃ,10
爵,10
匈,10
ढ,9
ჰ,9
め,9
ܗ,9
Ò,9
議,9
ሚ,9
ሌ,9
ܙ,9
Խ,9
ѹ,9
ప,9
ɕ,9
琴,9
力,9
総,9
ƒ,9
ێ,9
兵,9
ʦ,9
六,9
旅,9
ね,9
摩,9
順,9
船,9
庭,9
景,9
弘,9
卫,9
ὕ,9
広,9
禅,9
ች,9
ጽ,9
ሲ,9
ሊ,9
后,9
ﻴ,9
夷,9
森,9
気,9
塚,9
ည,9
ճ,9
遊,9
解,9
約,9
丘,9
件,9
џ,9
刘,9
楽,9
മ,9
લ,9
改,9
ම,9
話,9
郭,9
ծ,9
ջ,9
아,9
관,9
裕,9
ʈ,9
ど,9
학,9
健,9
来,9
그,9
佳,9
起,9
វ,9
ដ,9
吾,9
以,9
夜,9
责,9
로,9
校,9
오,9
산,9
弥,9
造,9
倉,9
韓,9
ތ,9
鼓,9
相,9
ນ,9
话,9
戰,9
結,9
니,9
諸,9
由,9
飛,9
𐤏,9
客,9
Ӏ,8
孔,8
先,8
ሮ,8
犬,8
ゲ,8
最,8
艦,8
若,8
游,8
Ў,8
鉄,8
楚,8
紫,8
樂,8
ず,8
ሽ,8
恩,8
っ,8
芳,8
ਰ,8
勝,8
ɦ,8
算,8
言,8
御,8
多,8
面,8
斗,8
ቡ,8
ቦ,8
寿,8
ල,8
ჟ,8
運,8
ʐ,8
放,8
蘭,8
ሴ,8
ἶ,8
ố,8
云,8
浪,8
牛,8
ϕ,8
အ,8
茂,8
厦,8
だ,8
왕,8
初,8
Ľ,8
研,8
究,8
ĉ,8
想,8
ʤ,8
만,8
柴,8
蔡,8
ګ,8
育,8
节,8
必,8
천,8
ਨ,8
判,8
청,8
ڈ,8
沢,8
哈,8
賀,8
取,8
ĥ,8
ڑ,8
상,8
战,8
央,8
আ,8
振,8
尔,8
域,8
최,8
陵,8
肉,8
条,8
程,8
楊,8
澳,8
수,8
番,8
で,8
하,8
局,8
Ү,8
奥,8
ᠠ,8
雲,8
間,8
源,8
強,8
波,8
ሻ,8
普,8
鮨,8
線,8
𐤄,8
𐤊,8
ക,7
ನ,7
郡,7
澤,7
ⵡ,7
ὺ,7
拉,7
ऋ,7
善,7
은,7
석,7
ひ,7
極,7
ṅ,7
ぎ,7
ἅ,7
獣,7
将,7
ḗ,7
使,7
ሬ,7
ҡ,7
ĭ,7
ჲ,7
節,7
铁,7
औ,7
屬,7
ἠ,7
観,7
ሕ,7
ሀ,7
ヌ,7
禪,7
論,7
ஜ,7
机,7
વ,7
未,7
ງ,7
ⵕ,7
ょ,7
弁,7
芸,7
항,7
강,7
丽,7
黑,7
સ,7
ન,7
ậ,7
觀,7
錦,7
Ы,7
을,7
태,7
북,7
わ,7
ය,7
ጅ,7
ሞ,7
蘇,7
ぶ,7
ண,7
罗,7
遠,7
가,7
貴,7
彭,7
군,7
ஸ,7
단,7
玄,7
寶,7
爆,7
靖,7
可,7
𝜏,7
際,7
ස,7
句,7
裁,7
關,7
禮,7
무,7
矢,7
ড,7
ڬ,7
死,7
ǝ,7
창,7
타,7
ը,7
虎,7
斯,7
桂,7
స,7
倭,7
Ô,7
熊,7
ǃ,7
興,7
광,7
坂,7
ⲧ,7
思,7
會,7
沈,7
漠,7
与,7
員,7
官,7
産,7
回,7
脈,7
ถ,7
ະ,7
农,7
梁,7
護,7
曲,7
沖,7
敬,7
半,7
円,7
藩,7
萬,7
維,7
ɮ,7
ᒃ,7
ᑦ,7
幸,7
璽,7
银,7
ڠ,7
鳳,6
ດ,6
ぐ,6
ۆ,6
ኦ,6
征,6
爾,6
寧,6
へ,6
ձ,6
ཚ,6
ཀ,6
姫,6
ぴ,6
ふ,6
झ,6
迪,6
Ք,6
ዴ,6
栄,6
ױ,6
賢,6
那,6
삼,6
ओ,6
ગ,6
横,6
ἁ,6
ፋ,6
閣,6
町,6
菜,6
峡,6
ሔ,6
ኮ,6
ፈ,6
端,6
亜,6
Ә,6
즈,6
ῥ,6
盆,6
ቆ,6
语,6
双,6
條,6
競,6
ല,6
ທ,6
刀,6
坡,6
駅,6
ಗ,6
ҳ,6
ﻳ,6
ผ,6
深,6
敏,6
鮮,6
派,6
济,6
희,6
ခ,6
務,6
渤,6
부,6
개,6
ⴳ,6
麦,6
争,6
舞,6
味,6
Ű,6
羅,6
Ǝ,6
ờ,6
蔵,6
ヴ,6
伝,6
兴,6
浩,6
辺,6
차,6
ญ,6
ច,6
街,6
드,6
貞,6
惠,6
준,6
ủ,6
ĩ,6
ⲏ,6
房,6
ဘ,6
သ,6
経,6
재,6
ゼ,6
과,6
탑,6
郑,6
용,6
細,6
Њ,6
融,6
Ὁ,6
역,6
宿,6
祥,6
ቴ,6
ऊ,6
ខ,6
ណ,6
是,6
义,6
ʇ,6
림,6
怪,6
ከ,6
実,6
ಯ,6
ಸ,6
ভ,6
티,6
Ғ,6
季,6
別,6
電,6
漫,6
馆,6
聯,6
터,6
身,6
傳,6
甲,6
選,6
ጊ,6
봉,6
匹,6
果,6
店,6
乌,6
ʀ,6
ď,6
委,6
ዱ,6
支,6
홍,6
慧,6
ሓ,6
ኤ,6
ጥ,6
艾,6
笠,6
衆,6
照,6
今,6
臺,6
仮,6
独,6
切,6
ᖅ,6
売,6
峰,6
陶,6
媛,6
蛮,6
𐤅,6
何,5
ﻌ,5
々,5
植,5
芝,5
ϛ,5
ʹ,5
指,5
殺,5
승,5
황,5
ﻮ,5
映,5
ⴽ,5
魚,5
ắ,5
포,5
发,5
飞,5
Ռ,5
ぷ,5
恒,5
ご,5
토,5
陈,5
鬼,5
宣,5
ત,5
朗,5
毅,5
役,5
ऐ,5
剛,5
ኣ,5
ጣ,5
ˌ,5
ዚ,5
禁,5
微,5
故,5
Ի,5
ත,5
ɒ,5
건,5
齊,5
優,5
境,5
અ,5
종,5
希,5
斬,5
錄,5
当,5
Ὕ,5
意,5
ኃ,5
级,5
慶,5
ቢ,5
頭,5
ҭ,5
Ἥ,5
ዎ,5
窟,5
雪,5
ǜ,5
બ,5
僕,5
恋,5
律,5
尾,5
ﻲ,5
ﺪ,5
Ð,5
여,5
油,5
언,5
ฝ,5
苏,5
ゃ,5
ﻧ,5
ʿ,5
紙,5
ῳ,5
Ἠ,5
屯,5
壇,5
Џ,5
ɖ,5
輝,5
洪,5
송,5
枝,5
響,5
盟,5
녀,5
渡,5
ὅ,5
烈,5
혜,5
Ĥ,5
ớ,5
Ğ,5
印,5
在,5
ව,5
統,5
崇,5
財,5
ရ,5
务,5
头,5
速,5
素,5
진,5
철,5
ও,5
ሜ,5
ཐ,5
ຊ,5
始,5
終,5
반,5
룡,5
ầ,5
ڪ,5
권,5
Ұ,5
Ɔ,5
브,5
ọ,5
匡,5
拓,5
ತ,5
维,5
ள,5
也,5
ዛ,5
制,5
计,5
我,5
丁,5
카,5
亭,5
范,5
撃,5
頤,5
仲,5
Ъ,5
瀬,5
물,5
ἵ,5
猪,5
修,5
Љ,5
防,5
望,5
ⲕ,5
ⲥ,5
查,5
展,5
岭,5
左,5
ᠨ,5
ᡳ,5
ᠣ,5
ᡤ,5
ǚ,5
革,5
色,5
敖,5
尹,5
룹,5
ޅ,5
ޑ,5
庁,5
湘,5
ኖ,5
淵,5
対,5
悟,5
观,5
케,5
筑,5
呂,5
殷,5
震,5
ﻣ,5
儀,5
織,5
薩,5
ภ,5
Ύ,5
焼,5
ῷ,5
먼,5
溪,5
ጎ,5
幕,5
జ,5
𐤔,5
ᓄ,5
气,5
血,5
ɵ,5
陰,5
篆,5
報,5
管,5
縣,5
児,5
피,5
舜,5
涌,5
랑,5
桥,5
ڨ,5
密,5
엔,5
테,5
ന,5
阙,5
ళ,5
గ,5
ѫ,5
奴,5
𐤐,5
𐤎,5
ພ,4
ϱ,4
Ѕ,4
怡,4
べ,4
శ,4
点,4
ཛ,4
伏,4
羲,4
卦,4
勤,4
籠,4
Ջ,4
侠,4
Ṣ,4
ṃ,4
父,4
象,4
炮,4
墓,4
賞,4
һ,4
চ,4
ϐ,4
納,4
量,4
珍,4
Յ,4
ਮ,4
ਬ,4
运,4
온,4
অ,4
浜,4
董,4
Ἵ,4
ኛ,4
表,4
ᾱ,4
ォ,4
ﻋ,4
Ѓ,4
亂,4
坝,4
회,4
ሠ,4
ሉ,4
ሺ,4
庫,4
ܨ,4
硫,4
Ղ,4
ʑ,4
ⱑ,4
ຫ,4
വ,4
辻,4
합,4
운,4
Ī,4
阪,4
ⵛ,4
栗,4
剣,4
斎,4
逆,4
涛,4
洗,4
ಬ,4
形,4
功,4
Ҷ,4
柔,4
韶,4
圳,4
ቂ,4
宙,4
ấ,4
鴨,4
送,4
약,4
穂,4
导,4
Զ,4
亞,4
鯉,4
Ë,4
려,4
隋,4
덕,4
よ,4
ග,4
ċ,4
皮,4
捷,4
Չ,4
Ћ,4
裏,4
開,4
掌,4
ề,4
岗,4
莲,4
伍,4
난,4
ਲ,4
악,4
ශ,4
හ,4
丝,4
規,4
骨,4
打,4
ʋ,4
典,4
图,4
昆,4
吴,4
백,4
汗,4
荒,4
ⲭ,4
潘,4
均,4
影,4
པ,4
ජ,4
鶴,4
郷,4
ਕ,4
転,4
레,4
型,4
ƿ,4
苑,4
俊,4
动,4
乱,4
环,4
ⲩ,4
營,4
ŷ,4
Ū,4
봄,4
투,4
曹,4
悦,4
ཁ,4
ထ,4
ថ,4
為,4
向,4
ঙ,4
ɹ,4
җ,4
혁,4
ই,4
熱,4
乾,4
ښ,4
ፉ,4
헤,4
ķ,4
突,4
稔,4
ゥ,4
诚,4
顶,4
ষ,4
滝,4
歩,4
వ,4
ʨ,4
粿,4
莊,4
目,4
ۂ,4
모,4
丰,4
邑,4
视,4
텔,4
ⵇ,4
콤,4
荣,4
麻,4
異,4
Õ,4
ቱ,4
非,4
ὠ,4
嫦,4
娥,4
沼,4
佑,4
鄭,4
ⲡ,4
ϫ,4
冠,4
야,4
ފ,4
Ἅ,4
齐,4
喀,4
走,4
邪,4
因,4
而,4
旗,4
ᠩ,4
略,4
ᠰ,4
灵,4
堯,4
连,4
历,4
哲,4
ປ,4
医,4
苗,4
右,4
세,4
ಡ,4
承,4
ކ,4
ὤ,4
Ř,4
辰,4
孙,4
精,4
炎,4
げ,4
竜,4
ゅ,4
過,4
奉,4
蔚,4
激,4
活,4
反,4
简,4
హ,4
음,4
ᠢ,4
輪,4
址,4
敷,4
阜,4
ﺗ,4
ﻢ,4
ቶ,4
沟,4
ቸ,4
鲁,4
į,4
Ἴ,4
ﺎ,4
报,4
Ă,4
池,4
坊,4
글,4
號,4
趙,4
ጭ,4
ӣ,4
ḏ,4
常,4
ɫ,4
申,4
艺,4
片,4
尚,4
你,4
们,4
翠,4
氹,4
現,4
猫,4
氣,4
参,4
Ή,4
姚,4
脉,4
ⵟ,4
慎,4
說,4
早,4
ኒ,4
注,4
板,4
墨,4
淳,4
ṯ,4
霊,4
掛,4
農,4
酢,4
潟,4
灯,4
歳,4
迹,4
格,4
笏,4
宅,4
豪,4
峻,4
席,4
绿,4
ǂ,4
淘,4
ซ,4
Ḥ,4
類,4
说,4
敦,4
陀,4
𐤃,4
ẽ,4
𐤂,4
ḷ,3
ﻗ,3
ﺔ,3
ಟ,3
楠,3
藝,3
忍,3
萨,3
Փ,3
Ώ,3
邓,3
萍,3
실,3
ɯ,3
臼,3
尤,3
引,3
ﺏ,3
碁,3
的,3
組,3
顧,3
む,3
參,3
將,3
垂,3
ゾ,3
开,3
滩,3
𐤒,3
满,3
浮,3
ϝ,3
ﭏ,3
ঠ,3
糸,3
覇,3
Ѵ,3
借,3
ਹ,3
筋,3
뮤,3
Ƿ,3
帯,3
ὖ,3
虹,3
ର,3
જ,3
其,3
ȟ,3
菊,3
ﻘ,3
ﺼ,3
ѓ,3
巾,3
嵐,3
ሶ,3
ጀ,3
Ὠ,3
ፀ,3
ጸ,3
ኀ,3
ቄ,3
ቃ,3
巡,3
ළ,3
ට,3
ﻞ,3
純,3
ɟ,3
声,3
俳,3
அ,3
環,3
霞,3
പ,3
ጦ,3
ɤ,3
拼,3
노,3
慈,3
ಳ,3
翔,3
枕,3
ҟ,3
鲜,3
葵,3
ῑ,3
輸,3
ヘ,3
술,3
치,3
복,3
寨,3
潭,3
统,3
ક,3
ભ,3
妹,3
യ,3
હ,3
榮,3
ﻕ,3
ㅜ,3
쉽,3
碼,3
ĵ,3
저,3
발,3
요,3
통,3
ච,3
ද,3
ඩ,3
ґ,3
留,3
破,3
𐎠,3
折,3
薬,3
発,3
權,3
Օ,3
Җ,3
惟,3
두,3
瑾,3
俠,3
근,3
행,3
꽃,3
향,3
ণ,3
完,3
ވ,3
ހ,3
월,3
笼,3
幾,3
廠,3
朋,3
ℒ,3
襲,3
辛,3
란,3
许,3
孟,3
당,3
ῗ,3
ϩ,3
ˑ,3
Ҳ,3
顺,3
才,3
ධ,3
Ŭ,3
貿,3
玲,3
ਪ,3
礼,3
ප,3
舰,3
업,3
柳,3
汪,3
伸,3
ယ,3
ळ,3
ޔ,3
ގ,3
Ἕ,3
ⵄ,3
誠,3
키,3
盤,3
温,3
ὲ,3
ŝ,3
범,3
ǣ,3
ʱ,3
耶,3
는,3
Ｓ,3
Ｉ,3
ƀ,3
바,3
ډ,3
ဒ,3
ភ,3
ធ,3
黨,3
從,3
貫,3
ཕ,3
ʎ,3
올,3
ֆ,3
讯,3
暗,3
ɳ,3
ⵀ,3
블,3
ほ,3
庄,3
內,3
鄉,3
ʾ,3
亮,3
러,3
徽,3
无,3
则,3
弦,3
器,3
ģ,3
計,3
廳,3
兼,3
秘,3
设,3
企,3
束,3
খ,3
Ï,3
性,3
短,3
頌,3
晃,3
网,3
함,3
懷,3
鬻,3
豫,3
ќ,3
己,3
許,3
ằ,3
년,3
宏,3
헌,3
ཆ,3
육,3
謙,3
製,3
誕,3
仏,3
념,3
夔,3
戎,3
阴,3
如,3
엑,3
ച,3
ಜ,3
快,3
ѝ,3
染,3
病,3
播,3
ⲑ,3
息,3
雷,3
친,3
調,3
할,3
렐,3
級,3
升,3
降,3
盃,3
爱,3
ধ,3
嶼,3
薇,3
盾,3
库,3
察,3
巫,3
料,3
隱,3
仍,3
去,3
ᡠ,3
ᡵ,3
ᠴ,3
ᠪ,3
ᡝ,3
郁,3
鋼,3
ສ,3
ຍ,3
莫,3
屈,3
彝,3
씨,3
ವ,3
데,3
净,3
护,3
병,3
ⵖ,3
継,3
隸,3
架,3
员,3
ڵ,3
队,3
警,3
ỳ,3
ὼ,3
传,3
詩,3
极,3
燃,3
钱,3
鹰,3
陆,3
ᠬ,3
ᠯ,3
Ϯ,3
ⲅ,3
纪,3
Ἔ,3
遗,3
隠,3
ﻨ,3
ứ,3
ợ,3
烏,3
ቑ,3
ዶ,3
ۈ,3
赣,3
梨,3
ሎ,3
ﻔ,3
ⲃ,3
术,3
联,3
絶,3
丈,3
ཇ,3
攻,3
歼,3
ۇ,3
渕,3
赛,3
然,3
静,3
曆,3
陛,3
廟,3
嶺,3
ʝ,3
చ,3
ሩ,3
伯,3
资,3
晉,3
燕,3
葛,3
ﭺ,3
允,3
ﻭ,3
贤,3
喝,3
他,3
咱,3
ˁ,3
墟,3
鮓,3
醢,3
團,3
ᓗ,3
胴,3
祭,3
数,3
槍,3
ሁ,3
ᓇ,3
ᐊ,3
ǁ,3
ҷ,3
爭,3
ዩ,3
拔,3
ࠓ,3
ࠉ,3
𐌿,3
𐌹,3
熙,3
情,3
琵,3
琶,3
潮,3
読,3
追,3
ސ,3
吐,3
岐,3
了,3
噌,3
勲,3
昇,3
堺,3
槻,3
ಲ,3
ಣ,3
鎮,3
押,3
旭,3
要,3
虞,3
尊,3
ụ,3
習,3
封,3
ஆ,3
彰,3
則,3
施,3
ὗ,3
步,3
ῴ,3
ҙ,3
泽,3
筆,3
燒,3
ਜ,3
ฟ,3
ぼ,3
榊,3
ﻪ,3
엽,3
类,3
賦,3
嵩,3
崗,3
芙,3
及,3
衍,3
卑,3
呼,3
靜,3
파,3
𐤑,3
Ĕ,3
𐤉,3
砕,3
ള,2
ṁ,2
凤,2
Ů,2
辉,2
Ϙ,2
Ὄ,2
Ֆ,2
ధ,2
抹,2
煎,2
闘,2
包,2
牺,2
昊,2
藍,2
蚩,2
ϑ,2
ざ,2
徒,2
問,2
零,2
枯,2
握,2
岑,2
ॐ,2
帥,2
策,2
度,2
验,2
ፌ,2
滿,2
演,2
Ã,2
Ϝ,2
ﬂ,2
Ĳ,2
ﳌ,2
濤,2
ѵ,2
Ѳ,2
ѳ,2
Ѱ,2
ѱ,2
ѡ,2
ਦ,2
ਸ,2
散,2
载,2
箭,2
ڭ,2
皓,2
雯,2
截,2
Ń,2
ଓ,2
ଡ,2
ଶ,2
ବ,2
ନ,2
Ո,2
령,2
ፐ,2
垣,2
庙,2
ඹ,2
අ,2
ﺳ,2
ỹ,2
𐎣,2
Ņ,2
聞,2
豚,2
遼,2
𐎒,2
籌,2
ʥ,2
魯,2
禹,2
鱲,2
ⱄ,2
ⱀ,2
ⰳ,2
ⱏ,2
譚,2
呉,2
蹴,2
ເ,2
ΰ,2
來,2
啟,2
ヶ,2
ｔ,2
ⰻ,2
干,2
ჳ,2
ﺯ,2
ҕ,2
ὡ,2
𐭬,2
ങ,2
ﭖ,2
弾,2
醬,2
酱,2
烤,2
饼,2
蛋,2
卷,2
伟,2
離,2
渠,2
궁,2
扇,2
沧,2
ઇ,2
歆,2
ዐ,2
袋,2
莞,2
啓,2
ﺒ,2
鐵,2
말,2
ᅵ,2
ᅦ,2
ㅡ,2
급,2
애,2
ㅗ,2
ㅣ,2
게,2
塘,2
仔,2
ဆ,2
圈,2
圏,2
Ɛ,2
순,2
Ґ,2
ጂ,2
锋,2
鋒,2
ற,2
伎,2
得,2
序,2
急,2
ꙋ,2
𐎼,2
𐎫,2
𐏁,2
喬,2
ﻤ,2
𐩣,2
変,2
態,2
供,2
Ŋ,2
縄,2
汁,2
助,2
ፊ,2
ⵚ,2
칠,2
璋,2
庸,2
锦,2
衣,2
冰,2
ਵ,2
ਟ,2
ừ,2
緒,2
猛,2
謀,2
棒,2
감,2
隅,2
疆,2
创,2
腾,2
恭,2
稲,2
蓮,2
斌,2
視,2
ᐸ,2
ӑ,2
낙,2
翁,2
ઈ,2
પ,2
ཟ,2
桑,2
玛,2
勞,2
犹,2
喇,2
延,2
Ď,2
겨,2
眞,2
弹,2
盈,2
Ọ,2
ஹ,2
ກ,2
ﷲ,2
服,2
ⴹ,2
Ý,2
립,2
抄,2
ɽ,2
쓰,2
를,2
속,2
Ｅ,2
Ｔ,2
Ｈ,2
ᒧ,2
ᑯ,2
邦,2
俱,2
浙,2
咖,2
ጌ,2
ړ,2
樊,2
ဖ,2
ញ,2
ឮ,2
ផ,2
咨,2
夙,2
匪,2
懈,2
徹,2
进,2
漬,2
そ,2
せ,2
挙,2
와,2
번,2
판,2
午,2
픽,2
디,2
앙,2
説,2
铃,2
磡,2
继,2
এ,2
決,2
ڳ,2
օ,2
찬,2
脩,2
𒊏,2
專,2
ർ,2
赵,2
庆,2
磊,2
拜,2
单,2
ਫ,2
책,2
厥,2
𐰇,2
ሾ,2
强,2
约,2
戊,2
ట,2
哉,2
粽,2
粉,2
임,2
鸡,2
遥,2
餅,2
杵,2
沛,2
耳,2
蛇,2
肥,2
兰,2
椎,2
芈,2
汝,2
寒,2
氷,2
昕,2
栂,2
妍,2
법,2
쌍,2
雙,2
個,2
輔,2
ḱ,2
ǵ,2
裂,2
舎,2
坐,2
積,2
磯,2
圓,2
虫,2
箱,2
像,2
临,2
虚,2
迁,2
釋,2
鎖,2
ἢ,2
ಪ,2
루,2
兒,2
篠,2
설,2
ⲇ,2
栖,2
慕,2
麟,2
賽,2
棠,2
娛,2
鳴,2
杯,2
権,2
乡,2
辽,2
燈,2
崖,2
壁,2
壮,2
偵,2
與,2
簾,2
旻,2
止,2
琰,2
繁,2
處,2
諱,2
賊,2
卒,2
曉,2
朕,2
此,2
諭,2
雞,2
堡,2
韜,2
混,2
沌,2
甘,2
蕭,2
珊,2
鸣,2
诺,2
𐩬,2
欣,2
别,2
済,2
鱼,2
ǘ,2
偉,2
凉,2
환,2
邊,2
睦,2
ŕ,2
梵,2
凰,2
頂,2
勒,2
櫻,2
래,2
ȣ,2
瑪,2
豆,2
ບ,2
笔,2
烟,2
食,2
충,2
咲,2
Ù,2
ȳ,2
Ѐ,2
ѐ,2
Ѝ,2
넥,2
糍,2
糕,2
ቁ,2
鹏,2
滇,2
ߊ,2
ߓ,2
ߋ,2
遇,2
崔,2
益,2
億,2
復,2
誰,2
幻,2
晶,2
击,2
规,2
栲,2
ణ,2
커,2
션,2
渚,2
ٽ,2
𑐟,2
洛,2
ᠡ,2
实,2
蒼,2
ޙ,2
堤,2
契,2
ɸ,2
嶽,2
இ,2
入,2
ኞ,2
ፓ,2
須,2
树,2
煕,2
娃,2
潔,2
ኩ,2
ኝ,2
ሣ,2
叉,2
弓,2
ﻥ,2
岸,2
斉,2
ፅ,2
ﻄ,2
ﻜ,2
軽,2
標,2
巌,2
Ấ,2
騫,2
骞,2
없,2
Ќ,2
낱,2
淹,2
紂,2
班,2
鲨,2
ﭪ,2
受,2
머,2
鈞,2
潤,2
歲,2
爺,2
妃,2
繼,2
實,2
獻,2
韞,2
錫,2
溥,2
ϯ,2
泳,2
図,2
ቋ,2
瑠,2
飾,2
ﭼ,2
ﺭ,2
윤,2
熟,2
ݢ,2
ݣ,2
牙,2
ﻱ,2
ﻛ,2
砂,2
밀,2
돼,2
린,2
별,2
빠,2
ﺘ,2
时,2
毕,2
戈,2
邇,2
ዜ,2
寇,2
标,2
ɻ,2
您,2
硬,2
軟,2
ஐ,2
踏,2
謂,2
菩,2
提,2
踊,2
軒,2
逸,2
魂,2
妖,2
ϰ,2
례,2
套,2
段,2
腹,2
ᓱ,2
ዬ,2
𒉡,2
庵,2
ỏ,2
廉,2
ᠦ,2
𒂊,2
ɢ,2
刮,2
痧,2
ࠄ,2
ࠂ,2
ࠆ,2
ࠌ,2
姜,2
圖,2
Ї,2
𐌸,2
𐌳,2
𐌰,2
楷,2
簡,2
贝,2
射,2
ᖃ,2
甜,2
酸,2
証,2
黙,2
諜,2
褚,2
祁,2
辶,2
辵,2
寸,2
刻,2
암,2
굴,2
剧,2
笙,2
覽,2
看,2
猿,2
捉,2
昔,2
鳩,2
羊,2
ಅ,2
緑,2
儿,2
ቍ,2
ᚢ,2
ᚦ,2
ᚱ,2
幹,2
过,2
晴,2
褒,2
位,2
障,2
好,2
质,2
銑,2
ஷ,2
ಷ,2
失,2
招,2
ሙ,2
녕,2
墳,2
櫟,2
ໄ,2
唄,2
桐,2
翼,2
ぬ,2
ᾠ,2
누,2
禎,2
ᑎ,2
ᑐ,2
ᐅ,2
숙,2
備,2
瓊,2
稚,2
ϖ,2
迅,2
필,2
謝,2
曽,2
欧,2
𐭠,2
淡,2
蜩,2
茨,2
攘,2
閥,2
等,2
住,2
探,2
ጐ,2
呦,2
投,2
設,2
資,2
坑,2
帶,2
ৎ,2
ᛉ,2
抗,2
僧,2
釣,2
艇,2
賓,2
霧,2
冬,2
枪,2
媧,2
簧,2
歯,2
露,2
𐭕,2
𐭉,2
𐭓,2
着,2
钦,2
愈,2
哀,2
婦,2
滴,2
俄,2
ἥ,2
宽,2
탄,2
轉,2
没,2
悼,2
祈,2
頼,2
ゆ,2
凶,2
悠,2
駿,2
勢,2
彌,2
ὢ,2
ἒ,2
饒,2
閩,2
顥,2
堅,2
Į,2
സ,2
索,2
裴,2
Һ,2
ᑖ,2
岷,2
ペ,2
览,2
嚴,2
姻,2
극,2
蓉,2
𓉔,2
𓂋,2
ⵊ,2
ണ,2
耀,2
启,2
跋,2
充,2
碉,2
搜,2
劈,2
划,2
葬,2
圭,2
ఎ,2
ฑ,2
ῤ,2
廬,2
軾,2
朴,2
聚,2
అ,2
期,2
搖,2
𓏏,2
轮,2
纳,2
ﺶ,2
們,2
筒,2
Û,2
戯,2
詞,2
把,2
Ċ,2
𐤆,2
𐤈,2
厘,2
葡,2
鏞,2
鵝,2
ਚ,2
ਯ,2
Ḩ,1
ḩ,1
涯,1
Ϟ,1
ϙ,1
ϟ,1
Ϡ,1
ϡ,1
買,1
ዞ,1
扁,1
樫,1
尻,1
ఆ,1
甕,1
庖,1
犧,1
宓,1
盘,1
ϴ,1
励,1
ﮔ,1
ﮐ,1
ﻫ,1
暴,1
姐,1
詰,1
漂,1
帖,1
瓜,1
犁,1
棋,1
ǭ,1
假,1
综,1
试,1
誉,1
Ϛ,1
ﬁ,1
ﬀ,1
ﬃ,1
ﬄ,1
Ϻ,1
ϻ,1
寛,1
Ѯ,1
ѯ,1
Ҁ,1
ҁ,1
Ѡ,1
點,1
메,1
플,1
挑,1
隔,1
ଆ,1
ଭ,1
舍,1
柚,1
紋,1
ʏ,1
ﺛ,1
ﻩ,1
仕,1
ڕ,1
祇,1
瑟,1
ጰ,1
ጼ,1
砖,1
狩,1
廷,1
稷,1
ﺇ,1
ﻓ,1
𐎲,1
𐎢,1
𐎪,1
𐎡,1
𐎹,1
摺,1
鉢,1
郵,1
蝦,1
毎,1
𐎋,1
𐎘,1
𐎗,1
𐎆,1
𐎃,1
ẖ,1
ဉ,1
ﻷ,1
創,1
価,1
曾,1
ꝣ,1
鞠,1
ĺ,1
ഷ,1
ദ,1
綜,1
ｗ,1
ｅ,1
ｎ,1
ｙ,1
ｆ,1
ｏ,1
ｕ,1
ｒ,1
噴,1
Ⱋ,1
Ⱎ,1
Ⱌ,1
Ⰲ,1
ⰽ,1
ⱂ,1
ⰴ,1
ⰺ,1
緋,1
抜,1
刃,1
冤,1
糒,1
腰,1
伴,1
楨,1
𒄑,1
𒉈,1
𒂵,1
𒈩,1
𐭦,1
𐭣,1
𐭪,1
ዉ,1
榴,1
鸭,1
荷,1
叶,1
螳,1
螂,1
杭,1
渎,1
凌,1
陡,1
澜,1
砻,1
胜,1
泸,1
沽,1
禄,1
菲,1
宾,1
ឈ,1
ણ,1
ᅡ,1
ᅩ,1
ᅢ,1
ᅥ,1
눈,1
응,1
낲,1
읽,1
ᅣ,1
ᅲ,1
ᅭ,1
ᅧ,1
ᅨ,1
ᅤ,1
옆,1
ㅘ,1
ㅏ,1
ㅝ,1
ㅓ,1
ᅴ,1
ᅳ,1
ㅙ,1
ㅐ,1
ㅞ,1
ㅔ,1
왜,1
埗,1
尖,1
旺,1
ဗ,1
옥,1
예,1
බ,1
蕎,1
粥,1
铸,1
鑄,1
醤,1
苔,1
𐎧,1
𐏂,1
醂,1
𐩩,1
𐩲,1
𐩵,1
鱀,1
倍,1
ﻯ,1
ﺁ,1
構,1
貢,1
埔,1
杖,1
Ӂ,1
盐,1
ӈ,1
면,1
眀,1
訓,1
Ą,1
Ę,1
甄,1
魅,1
鉴,1
鑑,1
绍,1
竞,1
써,1
Ձ,1
敎,1
ਉ,1
ਆ,1
ඉ,1
牦,1
ମ,1
ୟ,1
顏,1
收,1
编,1
Ꝛ,1
ꝛ,1
斛,1
ℝ,1
컵,1
袍,1
熏,1
烘,1
狼,1
阵,1
炸,1
舫,1
ˡ,1
쪽,1
잠,1
晟,1
슬,1
ᑁ,1
鷗,1
鴎,1
茵,1
瑛,1
谋,1
옹,1
ટ,1
ᚫ,1
ᛟ,1
웨,1
旦,1
卓,1
韩,1
ཅ,1
侘,1
寂,1
錆,1
滨,1
孩,1
ẵ,1
嘛,1
ḵ,1
ػ,1
嶋,1
驱,1
逐,1
渥,1
堆,1
茉,1
總,1
莉,1
各,1
ແ,1
ຂ,1
Ṭ,1
喪,1
Ṛ,1
兆,1
滔,1
贸,1
손,1
秒,1
Ἤ,1
ټ,1
ﮭ,1
Ɓ,1
ɗ,1
穌,1
稽,1
름,1
견,1
뎌,1
들,1
Ａ,1
Ｃ,1
ᖹ,1
ᐟ,1
ᐧ,1
ᒣ,1
險,1
𝕸,1
饶,1
抖,1
팥,1
领,1
ㄹ,1
네,1
ڽ,1
ဝ,1
ṵ,1
ឃ,1
ឋ,1
ឱ,1
为,1
从,1
贯,1
彻,1
终,1
璎,1
屍,1
점,1
움,1
ゝ,1
빈,1
ぱ,1
Ṅ,1
耆,1
랙,1
핑,1
크,1
沸,1
ऱ,1
ۀ,1
𒄯,1
𒄷,1
𒇧,1
𒈝,1
ஶ,1
ẹ,1
ঞ,1
帕,1
闪,1
ৱ,1
龄,1
ડ,1
濂,1
햇,1
볕,1
𐱅,1
𐰼,1
𐰰,1
𐰜,1
𐰛,1
刈,1
溫,1
层,1
ఖ,1
冼,1
脞,1
幼,1
炒,1
춘,1
腿,1
漱,1
枌,1
榆,1
媪,1
泗,1
芒,1
碭,1
增,1
傷,1
频,1
响,1
茸,1
ꓕ,1
穴,1
附,1
沮,1
賾,1
赜,1
臧,1
忌,1
丑,1
胤,1
ၾ,1
椒,1
间,1
薫,1
확,1
칙,1
佟,1
랜,1
諺,1
ܓ,1
습,1
訪,1
ἕ,1
毫,1
ẞ,1
矗,1
銅,1
釈,1
迦,1
편,1
琢,1
磨,1
鰐,1
铜,1
陕,1
潼,1
俑,1
纹,1
詳,1
童,1
ℓ,1
ഞ,1
첸,1
ۏ,1
놀,1
낭,1
맥,1
퓨,1
쎈,1
晨,1
庶,1
ᾳ,1
誼,1
죤,1
ⲫ,1
候,1
鸟,1
邱,1
코,1
끼,1
돌,1
핀,1
얄,1
难,1
忘,1
钢,1
槌,1
づ,1
谭,1
仑,1
廊,1
雒,1
허,1
금,1
융,1
祺,1
归,1
歸,1
帘,1
听,1
聽,1
奕,1
詝,1
绵,1
顒,1
萩,1
嵜,1
難,1
亦,1
姓,1
ᡴ,1
ᠮ,1
ᠵ,1
蒙,1
衙,1
努,1
靉,1
ᡥ,1
ᡨ,1
剩,1
歴,1
雀,1
芾,1
专,1
萧,1
译,1
圩,1
遺,1
炭,1
漆,1
𐩢,1
鲍,1
詠,1
柯,1
疗,1
携,1
笋,1
冻,1
涿,1
傜,1
嬭,1
酓,1
庞,1
煖,1
輿,1
寢,1
鄢,1
蕲,1
惊,1
考,1
鬭,1
塗,1
郢,1
ꆈ,1
ꌠ,1
煥,1
属,1
롯,1
କ,1
ଇ,1
刺,1
牂,1
牁,1
妙,1
ˇ,1
毒,1
질,1
본,1
ጁ,1
伽,1
椰,1
닛,1
줄,1
좋,1
ށ,1
聲,1
鎌,1
闻,1
刊,1
养,1
Ģ,1
噶,1
ຈ,1
繕,1
蒔,1
觉,1
蚂,1
蚁,1
串,1
疾,1
预,1
담,1
热,1
생,1
賜,1
藥,1
ቕ,1
ኅ,1
捨,1
塾,1
援,1
Ầ,1
Ằ,1
Ề,1
Ḕ,1
ḕ,1
ɚ,1
Ǹ,1
ǹ,1
Ờ,1
Ồ,1
Ṑ,1
ṑ,1
Ǜ,1
Ừ,1
Ẁ,1
ẁ,1
Ỳ,1
Ȳ,1
Ὰ,1
Ὲ,1
Ὴ,1
Ὶ,1
ῒ,1
Ὸ,1
Ὺ,1
ῢ,1
Ὼ,1
ῐ,1
쏘,1
糭,1
糉,1
饭,1
率,1
蓓,1
飘,1
扬,1
钟,1
娟,1
犀,1
榄,1
ῡ,1
含,1
笑,1
冈,1
乔,1
ߟ,1
谣,1
遭,1
ẩ,1
蹺,1
欽,1
閏,1
咒,1
壤,1
蒂,1
兹,1
斷,1
層,1
Ｚ,1
Ｆ,1
霸,1
对,1
對,1
鄧,1
欢,1
歡,1
ỉ,1
饺,1
톡,1
栋,1
𑐏,1
𑐳,1
𑐩,1
𑐴,1
𑐔,1
𑐫,1
款,1
ᠥ,1
Ⲙ,1
Ⲛ,1
勉,1
導,1
ޞ,1
壊,1
繭,1
瑶,1
低,1
ጓ,1
偰,1
𝑒,1
遷,1
훈,1
脊,1
霍,1
狗,1
蛭,1
帽,1
币,1
块,1
洼,1
豹,1
瓷,1
협,1
洁,1
乃,1
透,1
鄱,1
ﻑ,1
ﻍ,1
Ⲃ,1
ٺ,1
ﺑ,1
ﻝ,1
ﺰ,1
ዌ,1
Ꭰ,1
Ꮒ,1
Ᏼ,1
Ꮻ,1
Ꮿ,1
數,1
Ｋ,1
Ｎ,1
ኔ,1
ﺸ,1
ﺓ,1
殻,1
纏,1
缠,1
ⵃ,1
Ͱ,1
ͱ,1
ㅢ,1
闔,1
閭,1
阖,1
闾,1
项,1
ヂ,1
篮,1
职,1
ጆ,1
潞,1
瀋,1
쇼,1
심,1
翊,1
余,1
粤,1
贡,1
虔,1
旨,1
嫡,1
叩,1
當,1
謚,1
駕,1
崩,1
嬪,1
竇,1
瞿,1
庾,1
贛,1
贄,1
肩,1
栅,1
欄,1
锡,1
禧,1
ϭ,1
ኑ,1
থ,1
鷹,1
ཤ,1
ǽ,1
聶,1
梓,1
撫,1
浄,1
璃,1
枚,1
严,1
咏,1
贏,1
拾,1
鞍,1
ѷ,1
ڌ,1
紐,1
埠,1
梭,1
腕,1
ʢ,1
ʡ,1
ڢ,1
仓,1
ڧ,1
Ź,1
ﺟ,1
ẻ,1
ﺴ,1
郅,1
骸,1
훗,1
날,1
札,1
幌,1
ӡ,1
ﺐ,1
ﻙ,1
ﺕ,1
脳,1
漕,1
虛,1
ª,1
拙,1
阊,1
澄,1
碧,1
網,1
旬,1
珉,1
璙,1
揆,1
蘧,1
蒋,1
楫,1
求,1
沅,1
狮,1
圃,1
耦,1
退,1
麿,1
幣,1
尋,1
ヰ,1
ヱ,1
磔,1
侍,1
両,1
ঢ,1
準,1
准,1
吗,1
怎,1
么,1
骑,1
έ,1
翡,1
ﻦ,1
ŀ,1
ʸ,1
儒,1
ἓ,1
ష,1
ゐ,1
ゑ,1
직,1
亥,1
妓,1
酌,1
魁,1
襟,1
替,1
検,1
揚,1
甬,1
悪,1
ᒡ,1
締,1
桶,1
築,1
ᵵ,1
ᵶ,1
ᵴ,1
ᵭ,1
ḳ,1
ʞ,1
圧,1
ﺩ,1
ʽ,1
ὔ,1
Ϳ,1
ϳ,1
ἦ,1
𐏋,1
祀,1
ۍ,1
絲,1
綢,1
绸,1
摔,1
跤,1
擂,1
髓,1
芭,1
蕉,1
殉,1
ঘ,1
漏,1
撲,1
诸,1
弩,1
持,1
脇,1
差,1
ጤ,1
娘,1
箸,1
ဦ,1
嫘,1
僵,1
蠶,1
ᓯ,1
ᕗ,1
𒌷,1
𒉌,1
𒀀,1
𒀏,1
末,1
蔣,1
齡,1
薙,1
偃,1
腐,1
跃,1
畝,1
避,1
莎,1
ઝ,1
ꦗ,1
ꦮ,1
ǀ,1
ᠭ,1
边,1
𒈠,1
𒇺,1
两,1
ፄ,1
液,1
络,1
督,1
罐,1
峯,1
恰,1
脑,1
𐌲,1
𐍄,1
특,1
벌,1
伐,1
貝,1
贪,1
貪,1
贴,1
貼,1
寫,1
写,1
販,1
粵,1
赳,1
孜,1
専,1
券,1
ȝ,1
煮,1
炊,1
鍋,1
锅,1
더,1
ጫ,1
ዖ,1
Ѹ,1
𐍂,1
𐌴,1
𐌺,1
𐍃,1
刚,1
谍,1
譜,1
惲,1
曰,1
謨,1
勳,1
爲,1
就,1
檤,1
彳,1
亍,1
装,1
택,1
섬,1
출,1
笛,1
箏,1
唢,1
呐,1
ཞ,1
芦,1
细,1
拍,1
劃,1
鞅,1
害,1
猴,1
湛,1
綾,1
ದ,1
颛,1
顼,1
顓,1
頊,1
离,1
骚,1
梼,1
杌,1
喾,1
嚳,1
棄,1
ޤ,1
입,1
겿,1
결,1
懸,1
ಥ,1
艚,1
彧,1
談,1
ᚠ,1
ᚬ,1
ᚲ,1
ᚴ,1
ᚳ,1
ᚺ,1
ᚻ,1
ᚼ,1
俣,1
絹,1
霖,1
Ὧ,1
祝,1
黎,1
禿,1
妘,1
斟,1
羋,1
鵄,1
従,1
调,1
養,1
濱,1
騏,1
羹,1
欠,1
Ⲡ,1
Ⲁ,1
Ϣ,1
拝,1
簿,1
ᒍ,1
ᑕ,1
탕,1
補,1
추,1
된,1
분,1
萤,1
満,1
休,1
ፎ,1
ȩ,1
隈,1
宰,1
奎,1
畳,1
襖,1
床,1
篤,1
ᾷ,1
Ӝ,1
ӝ,1
Ӟ,1
ӟ,1
Ӥ,1
ӥ,1
Ӧ,1
ӧ,1
Ӵ,1
ӵ,1
絃,1
棹,1
駒,1
於,1
灘,1
ฯ,1
厚,1
労,1
働,1
綬,1
賛,1
隣,1
紘,1
綱,1
론,1
傑,1
Ǧ,1
组,1
织,1
엠,1
축,1
련,1
맹,1
초,1
룩,1
剪,1
倫,1
應,1
ⲱ,1
蒲,1
冀,1
ɜ,1
鐘,1
ぅ,1
ĸ,1
ᓂ,1
ᔮ,1
ɴ,1
ɱ,1
绪,1
孁,1
絙,1
某,1
弟,1
狭,1
阎,1
决,1
욱,1
錢,1
畑,1
ቨ,1
帅,1
ਗ,1
Ӣ,1
Ӯ,1
狂,1
따,1
윈,1
매,1
외,1
懿,1
閔,1
琪,1
독,1
弐,1
Ἃ,1
ʣ,1
紳,1
习,1
燧,1
Ŝ,1
菓,1
𐏃,1
𐎥,1
𐎶,1
𐎴,1
𐭧,1
𐭲,1
𐭭,1
凡,1
綏,1
尺,1
査,1
操,1
濃,1
鳰,1
Ѣ,1
舒,1
ሆ,1
躍,1
茅,1
頃,1
厳,1
矮,1
ಶ,1
ಚ,1
歓,1
壌,1
択,1
騨,1
具,1
審,1
젓,1
ጠ,1
姶,1
屠,1
梶,1
础,1
礎,1
覚,1
祐,1
ἤ,1
열,1
ᅇ,1
圆,1
戶,1
ᛘ,1
ᛋ,1
ᛦ,1
议,1
ঝ,1
苦,1
愚,1
𒀭,1
𒅖,1
𒁉,1
𒀴,1
豐,1
쁨,1
托,1
珀,1
移,1
磁,1
尽,1
盡,1
傅,1
莱,1
榛,1
寅,1
矩,1
厩,1
迫,1
芥,1
牧,1
泛,1
鎬,1
届,1
阅,1
閱,1
叡,1
흥,1
汕,1
彗,1
懺,1
悔,1
謎,1
予,1
ሄ,1
ㇼ,1
ㇽ,1
𐭃,1
付,1
醒,1
袖,1
雛,1
昱,1
囿,1
艮,1
徵,1
兔,1
晋,1
菴,1
窓,1
疎,1
韬,1
ᒥ,1
알,1
滋,1
乙,1
慰,1
娼,1
減,1
험,1
暨,1
쿠,1
틱,1
塹,1
协,1
瀧,1
색,1
몬,1
큐,1
빅,1
히,1
螢,1
규,1
ဟ,1
ဂ,1
갸,1
뚱,1
鼠,1
辭,1
渭,1
雌,1
릉,1
炳,1
钧,1
거,1
절,1
挂,1
娜,1
梯,1
辖,1
姉,1
ﻰ,1
吕,1
埼,1
彈,1
圣,1
麗,1
Ŷ,1
怜,1
敕,1
椋,1
曳,1
岬,1
ې,1
ﺣ,1
튜,1
르,1
ฆ,1
祿,1
彫,1
釧,1
复,1
庇,1
俵,1
災,1
颱,1
燦,1
鴻,1
聡,1
漓,1
栃,1
告,1
嗣,1
譲,1
ፃ,1
迎,1
雜,1
杂,1
翱,1
颐,1
枞,1
龟,1
ᔪ,1
불,1
鷺,1
配,1
便,1
註,1
赋,1
題,1
ബ,1
ฎ,1
选,1
隐,1
讖,1
緯,1
谶,1
纬,1
ˠ,1
釵,1
எ,1
배,1
틀,1
致,1
ᓕ,1
ȵ,1
邛,1
崃,1
霄,1
径,1
幽,1
杜,1
堰,1
断,1
ቫ,1
抱,1
廈,1
샤,1
线,1
鈔,1
钞,1
异,1
囍,1
忻,1
殊,1
涼,1
婚,1
昏,1
巨,1
ⵅ,1
邸,1
ᠶ,1
鈎,1
钩,1
沉,1
倒,1
効,1
ஏ,1
உ,1
았,1
𓇌,1
𓂝,1
𓈎,1
𓃀,1
螺,1
桢,1
槐,1
占,1
ʴ,1
勿,1
ട,1
畢,1
镠,1
积,1
蜷,1
並,1
仰,1
杰,1
餡,1
鍾,1
슨,1
措,1
残,1
續,1
檀,1
逢,1
ሂ,1
ѥ,1
ꙗ,1
𐭀,1
𐭔,1
𐭊,1
巅,1
怀,1
翟,1
ฮ,1
ഹ,1
ൽ,1
ߡ,1
ߏ,1
ߘ,1
ߌ,1
ߐ,1
ߞ,1
ߕ,1
ఫ,1
袁,1
凱,1
ẓ,1
樽,1
Ķ,1
削,1
炉,1
叠,1
瀑,1
寻,1
巢,1
歐,1
辙,1
諒,1
愷,1
荆,1
识,1
只,1
缘,1
侧,1
污,1
泥,1
載,1
튀,1
밥,1
巻,1
渋,1
贵,1
桓,1
并,1
ﺡ,1
ﺥ,1
汾,1
슈,1
퍼,1
摊,1
ɥ,1
భ,1
థ,1
엘,1
페,1
쉬,1
权,1
咀,1
曜,1
蓟,1
棣,1
扯,1
ຕ,1
ℤ,1
ⲗ,1
ⲝ,1
鯱,1
雑,1
𓆎,1
𓅓,1
𓊖,1
ኧ,1
氐,1
沫,1
殇,1
栽,1
ફ,1
ખ,1
消,1
滅,1
篇,1
鑊,1
ચ,1
ધ,1
ᾍ,1
ﻐ,1
Ց,1
蕃,1
硕,1
亲,1
碩,1
倌,1
ཡ,1
ϣ,1
韵,1
妳,1
她,1
儂,1
侬,1
著,1
紧,1
咗,1
啡,1
ᵐ,1
ⁿ,1
ᵑ,1
Ẽ,1
Ὅ,1
臥,1
闇,1
ﺙ,1
Ἓ,1
捶,1
ﺿ,1
症,1
炼,1
ﺠ,1
ﺜ,1
牟,1
ɝ,1
泓,1
跆,1
凛,1
𓅝,1
𓏭,1
𓁟,1
熹,1
鬥,1
停,1
ࠀ,1
ࠁ,1
ࠃ,1
ࠅ,1
ࠇ,1
ࠈ,1
ࠊ,1
ࠋ,1
ࠍ,1
ࠎ,1
ࠏ,1
ࠐ,1
ࠑ,1
ࠒ,1
ࠔ,1
ࠕ,1
晓,1
词,1
椅,1
个,1
羯,1
曼,1
蘢,1
赫,1
胸,1
錕,1
Ǟ,1
ǟ,1
Ḑ,1
ḑ,1
Ļ,1
Ȯ,1
ȯ,1
Ȱ,1
ȱ,1
Ȭ,1
ȭ,1
Ŗ,1
ŗ,1
ཏ,1
脷,1
丫,1
悅,1
批,1
襄,1
烛,1
氵,1
卡,1
ᕿ,1
ᑭ,1
汤,1
ޕ,1
ޝ,1
邯,1
鄲,1
Ǩ,1
柱,1
瓦,1
싱,1
黻,1
鄂,1
釐,1
ฉ,1
穗,1
煇,1
砲,1
ƕ,1
兄,1
獅,1
爛,1
昂,1
坪,1
泊,1
吟,1
ય,1
臨,1
弼,1
背,1
鑒,1
능,1
諗,1
願,1
贔,1
屓,1
Ὦ,1
巩,1
俐,1
站,1
ཨ,1
鏡,1
顕,1
菅,1
鄒,1
邹,1
銭,1
暖,1
脱,1
釜,1
蒸,1
莽,1
떳,1
Ւ,1
髙,1
侃,1
Ϸ,1
ϸ,1
發,1
至,1
Ӑ,1
Ӗ,1
Ҫ,1
Ӳ,1
峨,1
嵋,1
ຽ,1
