क,7126309
र,7008660
स,4230279
न,4215183
त,3808442
म,3462770
ह,3214783
य,2799229
प,2719008
ल,2697291
व,2436167
द,1851772
ज,1752387
ग,1493815
ब,1338448
श,1047160
ट,946635
अ,934767
ए,881563
थ,832277
भ,809475
च,741370
ड,734682
ध,661288
ष,621296
इ,601667
उ,593628
ण,520966
औ,497329
आ,497028
ख,468483
फ,371634
ई,333568
छ,153854
e,149283
a,148886
ओ,136135
i,118225
घ,111381
o,104423
ठ,104354
t,103501
n,103184
r,100601
s,83920
ढ,79515
l,67132
h,55676
c,50007
ञ,49630
d,46957
m,45593
u,45592
झ,43276
ऐ,41941
ऑ,41623
ऊ,39402
p,32567
g,31405
A,25213
S,25032
y,24054
f,23621
C,21887
b,21200
I,21063
w,17238
M,16660
v,15366
T,15272
P,15250
k,14331
N,14256
D,13570
B,12736
E,12037
R,10852
H,10098
O,9646
L,9354
F,8824
G,8648
ऋ,8464
W,7772
V,6944
U,5977
x,5790
K,5382
j,3785
z,3631
J,3284
X,2807
ङ,2651
ا,2347
Z,2182
q,2150
Y,1847
ॐ,1690
ऍ,1566
Q,1328
ل,1259
ر,1215
ی,1192
ن,1103
م,1102
و,1023
ळ,913
د,677
ب,642
س,641
ک,611
ہ,548
é,547
ऽ,528
а,498
ت,483
ي,456
о,416
α,400
и,385
ے,359
е,333
ऱ,331
ع,328
ح,318
н,313
ā,307
р,303
র,288
ˈ,276
ه,275
ج,263
в,257
ऎ,254
л,237
ف,230
á,227
с,226
ন,223
ش,220
ο,219
ব,216
к,213
ə,209
ρ,208
í,207
ز,203
ة,201
ں,193
ম,190
ς,188
σ,179
ল,179
ق,176
ν,175
گ,171
ː,170
দ,168
پ,166
π,163
ó,163
ऩ,161
خ,159
β,158
μ,154
т,151
ॠ,148
ε,147
י,143
ھ,141
ɪ,141
ι,140
ö,140
ক,139
λ,138
ü,137
º,137
ī,133
ئ,130
ō,129
ர,128
у,123
д,123
য,123
ত,123
м,122
ك,121
ו,120
க,118
й,117
τ,116
κ,112
γ,111
প,109
த,106
ص,106
স,106
ರ,104
è,96
ר,94
θ,93
ம,93
ਰ,92
ర,90
ы,90
آ,90
ਸ,89
ç,89
ക,86
ñ,86
ऴ,86
δ,84
ض,84
г,83
জ,83
ч,79
ɛ,78
É,78
أ,78
ச,77
ה,77
শ,77
я,76
ό,75
ä,75
à,75
হ,75
ٹ,75
ར,74
ര,73
ས,73
æ,72
ū,72
چ,72
א,70
ಕ,69
п,69
ط,67
ப,67
η,66
ـ,66
ல,65
ਨ,65
ৰ,65
ன,65
ē,65
Δ,64
غ,63
வ,62
ל,62
ਤ,61
മ,61
ά,59
গ,59
ɑ,59
চ,59
υ,58
б,56
မ,56
ന,55
ऒ,55
ί,54
ω,54
า,54
С,53
ь,52
ನ,52
ത,52
х,52
ਹ,51
ਮ,50
ಮ,50
מ,50
ག,50
క,49
ধ,49
പ,49
М,49
з,49
ਲ,49
བ,49
ॿ,49
ட,47
న,47
ವ,47
χ,46
ದ,46
ల,46
ב,46
ང,46
വ,45
ظ,45
إ,45
ਜ,44
ಲ,44
ʊ,44
ṭ,44
А,44
མ,44
ய,43
і,43
ট,43
ʁ,42
ô,42
ת,42
中,42
φ,42
â,41
大,41
ı,41
ʃ,40
আ,40
ད,40
ല,39
ê,39
ಪ,39
ਕ,39
έ,38
国,38
ɡ,38
К,38
ร,38
ॾ,37
మ,36
ש,36
യ,36
ى,36
ɔ,36
య,35
ప,35
ਦ,35
ث,35
ύ,34
ŋ,34
ד,34
В,34
Г,34
င,34
ʲ,34
ɾ,34
П,33
ந,33
ή,33
ર,33
ʒ,33
ã,33
ਪ,33
ء,33
খ,32
ú,32
š,32
Ö,32
ע,32
Ω,32
က,32
ട,31
µ,31
ƒ,31
ਬ,31
ན,31
ಸ,30
ם,30
ม,30
గ,30
ভ,30
ˌ,30
ಗ,29
త,29
ತ,29
ー,29
ן,29
ø,29
ਗ,29
န,29
ಟ,28
ಳ,28
פ,28
ц,28
တ,28
ڑ,28
ਵ,27
ذ,27
ಯ,27
Б,27
ড,27
น,27
ж,27
日,27
ś,27
ণ,27
པ,27
ద,26
వ,26
ழ,26
ಶ,26
ള,26
國,26
本,26
人,26
ལ,26
డ,25
ண,25
ζ,25
ɐ,25
ಡ,25
ン,25
ள,25
כ,25
נ,25
ð,25
č,24
Р,24
ז,24
ì,24
ষ,24
ॲ,24
ë,24
Α,23
ý,23
ă,23
મ,23
ಬ,23
Κ,23
സ,23
อ,23
દ,22
ա,22
ק,22
ʰ,22
李,22
ပ,22
Σ,21
స,21
Д,21
ර,21
Ü,21
民,21
ย,21
ର,21
অ,21
ಣ,21
ท,21
ⴰ,21
ရ,21
ò,21
ڈ,21
ş,21
ॼ,21
జ,20
ṇ,20
ḍ,20
ш,20
ɒ,20
ù,20
ว,20
ง,20
ঙ,20
ই,20
འ,20
រ,20
ற,19
ശ,19
ṅ,19
Н,19
ח,19
І,19
ก,19
Т,19
റ,19
উ,19
山,19
ନ,19
Π,18
ਘ,18
વ,18
સ,18
Á,18
О,18
เ,18
ಹ,18
ؤ,18
å,17
ṣ,17
э,17
қ,17
ǎ,17
ß,17
И,17
ਆ,17
Л,17
သ,17
道,17
ල,17
ခ,17
ବ,17
ʻ,17
字,17
ಚ,16
ണ,16
イ,16
ಜ,16
ï,16
צ,16
ł,16
ਅ,16
海,16
ગ,16
ğ,15
ట,15
ס,15
文,15
子,15
明,15
ג,15
漢,15
এ,15
ॻ,15
କ,15
ṛ,15
ʌ,15
武,15
Ε,14
Τ,14
ਧ,14
అ,14
ะ,14
東,14
ć,14
Х,14
ด,14
Ð,14
ٱ,14
ḥ,14
đ,14
ម,14
Μ,13
ங,13
ě,13
ਖ,13
ր,13
ස,13
ન,13
法,13
新,13
南,13
島,13
ଦ,13
ス,13
家,13
ۃ,13
લ,13
މ,13
Φ,13
天,13
ル,13
ស,13
พ,13
ർ,13
ª,13
ต,13
ॱ,13
ư,12
Đ,12
Γ,12
ն,12
北,12
থ,12
બ,12
ส,12
이,12
한,12
ң,12
田,12
ஜ,12
西,12
ห,12
和,12
ഷ,12
İ,12
ދ,12
လ,12
市,12
ત,12
စ,12
ਚ,12
ଳ,12
ཐ,12
ક,12
ℓ,12
ʿ,12
ა,12
小,12
ᱟ,12
ɹ,12
ஷ,11
ৱ,11
Š,11
ạ,11
அ,11
അ,11
ജ,11
З,11
ө,11
î,11
ପ,11
ト,11
ἀ,11
Ā,11
自,11
ਇ,11
శ,11
ऌ,11
ත,11
ਭ,11
ڌ,11
ම,11
ន,11
ﺍ,11
ও,11
ယ,11
ນ,11
ი,11
拳,11
చ,10
ồ,10
ơ,10
ദ,10
ώ,10
ե,10
У,10
ё,10
ア,10
국,10
Е,10
木,10
京,10
ž,10
ค,10
బ,10
ಉ,10
ణ,10
ނ,10
川,10
ཀ,10
ⵉ,10
Ç,10
ක,10
ಅ,10
ɕ,10
ʀ,10
ទ,10
ঘ,10
ე,10
特,10
ʔ,10
ည,10
菠,10
蘿,10
ř,9
ラ,9
ク,9
ῖ,9
ছ,9
ﷲ,9
ஸ,9
龙,9
ය,9
ә,9
藩,9
軍,9
แ,9
ǐ,9
ช,9
院,9
世,9
ಷ,9
河,9
અ,9
の,9
ഹ,9
治,9
皇,9
帝,9
会,9
ஆ,9
ϕ,9
성,9
ġ,9
ણ,9
જ,9
名,9
ﷺ,9
三,9
จ,9
る,9
う,9
શ,9
ក,9
ച,9
ତ,9
ഗ,9
包,9
ệ,8
豆,8
ф,8
Ś,8
Қ,8
ǔ,8
周,8
朝,8
一,8
హ,8
ט,8
Ш,8
上,8
ރ,8
ਉ,8
ਡ,8
ข,8
族,8
ཙ,8
හ,8
公,8
ସ,8
ਣ,8
ਟ,8
寺,8
ද,8
ܐ,8
学,8
ງ,8
ﻟ,8
主,8
ൽ,8
အ,8
김,8
ဒ,8
手,8
ғ,7
Ι,7
ի,7
地,7
方,7
青,7
か,7
Ч,7
전,7
百,7
삼,7
민,7
의,7
선,7
金,7
Ø,7
华,7
兵,7
摩,7
ফ,7
ล,7
ビ,7
月,7
林,7
އ,7
ʱ,7
江,7
ロ,7
唐,7
ộ,7
ཡ,7
ژ,7
レ,7
대,7
司,7
Æ,7
œ,7
ḷ,7
න,7
ප,7
ɨ,7
ត,7
り,7
阿,7
Ÿ,7
根,7
ǒ,7
ວ,7
ཆ,7
み,7
ബ,7
ლ,7
ខ,7
共,7
ଣ,7
白,7
区,7
Ν,7
치,7
ッ,6
ầ,6
õ,6
હ,6
水,6
ಧ,6
յ,6
平,6
ῆ,6
Β,6
ไ,6
사,6
조,6
기,6
ү,6
汉,6
府,6
合,6
高,6
社,6
ψ,6
エ,6
メ,6
ಆ,6
ੜ,6
马,6
王,6
ష,6
湖,6
沖,6
ń,6
龍,6
式,6
ⵜ,6
ξ,6
þ,6
බ,6
Θ,6
પ,6
ଗ,6
ଶ,6
ڪ,6
ঞ,6
ୟ,6
ជ,6
ళ,6
ю,6
Я,6
Ō,6
美,6
ཁ,6
ຈ,6
វ,6
振,6
ﻣ,6
ﺎ,6
鳥,6
信,6
យ,6
化,6
ん,6
ษ,6
ʋ,6
内,6
神,6
馬,6
ဝ,6
ଡ,6
Ï,6
德,6
精,6
Ӏ,5
ễ,5
Î,5
ъ,5
花,5
û,5
台,5
グ,5
Å,5
东,5
太,5
ග,5
백,5
事,5
科,5
원,5
도,5
반,5
인,5
元,5
角,5
石,5
長,5
華,5
ὐ,5
ൻ,5
成,5
が,5
บ,5
ଚ,5
ɣ,5
夫,5
安,5
Ó,5
ј,5
ભ,5
ހ,5
パ,5
歌,5
農,5
ⵣ,5
ఆ,5
路,5
ധ,5
අ,5
セ,5
Ф,5
ဘ,5
ލ,5
ờ,5
功,5
羅,5
尼,5
ව,5
部,5
ମ,5
ହ,5
հ,5
ܝ,5
ܢ,5
訓,5
ཏ,5
巴,5
ঠ,5
理,5
ո,5
ﺮ,5
教,5
育,5
星,5
ເ,5
ཕ,5
読,5
沢,5
孫,5
清,5
Ş,5
Ο,5
貴,5
ვ,5
Ц,5
ཤ,5
ʼ,5
正,5
ė,5
ଷ,5
ഞ,5
岳,5
カ,5
ἄ,5
ⵀ,5
ڠ,5
ᱤ,5
ɴ,5
党,5
ળ,5
ⵍ,5
步,5
ら,5
젓,5
ს,5
თ,5
笛,5
라,4
重,4
慶,4
두,4
ಥ,4
キ,4
ഴ,4
տ,4
կ,4
震,4
朱,4
ϊ,4
ズ,4
ą,4
과,4
은,4
나,4
강,4
다,4
로,4
상,4
진,4
노,4
부,4
九,4
政,4
行,4
央,4
Λ,4
Ю,4
州,4
将,4
ż,4
โ,4
ณ,4
義,4
テ,4
デ,4
コ,4
ブ,4
士,4
Ż,4
米,4
ⁿ,4
記,4
ફ,4
Ψ,4
ħ,4
派,4
ɖ,4
富,4
玉,4
谷,4
县,4
議,4
ⵎ,4
ⵖ,4
株,4
ජ,4
郎,4
ῦ,4
배,4
生,4
卐,4
ఎ,4
ɵ,4
基,4
英,4
圣,4
ٽ,4
ڊ,4
ắ,4
ゴ,4
ភ,4
ព,4
ଉ,4
シ,4
ド,4
ỹ,4
て,4
ঢ,4
ジ,4
մ,4
회,4
ﺳ,4
有,4
ଜ,4
ൾ,4
ດ,4
ອ,4
ង,4
ཇ,4
ཚ,4
外,4
音,4
空,4
た,4
け,4
総,4
Ἀ,4
ប,4
ẓ,4
郭,4
ำ,4
ნ,4
ཨ,4
អ,4
ˠ,4
原,4
岡,4
ภ,4
ങ,4
维,4
池,4
ᱨ,4
口,4
ⴽ,4
ẕ,4
ủ,4
Č,4
寿,4
光,4
இ,4
な,4
무,4
ડ,4
騰,4
少,4
ど,4
术,4
공,4
박,4
學,4
之,4
克,4
尔,4
奇,4
ᱵ,4
Ǻ,4
居,3
ҷ,3
香,3
భ,3
ઈ,3
电,3
バ,3
ᾶ,3
Մ,3
ք,3
ց,3
ῶ,3
き,3
Η,3
ግ,3
괴,3
典,3
아,3
산,3
자,3
가,3
리,3
내,3
화,3
영,3
세,3
정,3
신,3
어,3
Ж,3
齐,3
分,3
秦,3
流,3
通,3
春,3
時,3
銀,3
維,3
千,3
屋,3
衛,3
Э,3
ഥ,3
Ἰ,3
君,3
球,3
諸,3
忠,3
ę,3
Â,3
ὕ,3
タ,3
語,3
ৎ,3
个,3
界,3
ఉ,3
域,3
ィ,3
淡,3
昭,3
ἱ,3
ഉ,3
Ḥ,3
森,3
女,3
承,3
ވ,3
ޙ,3
ކ,3
ʈ,3
ᱹ,3
野,3
二,3
绿,3
À,3
徳,3
ஹ,3
ဗ,3
土,3
都,3
県,3
的,3
ಠ,3
ả,3
ಘ,3
柔,3
Ὀ,3
Ά,3
マ,3
ケ,3
ナ,3
リ,3
ഠ,3
ঝ,3
油,3
然,3
集,3
宗,3
ဟ,3
ބ,3
ފ,3
ਏ,3
ਈ,3
在,3
ڙ,3
ڏ,3
陀,3
經,3
モ,3
ʕ,3
ළ,3
ʎ,3
ɜ,3
ច,3
衆,3
竺,3
支,3
迦,3
ટ,3
ୱ,3
ଧ,3
ཟ,3
ュ,3
ܟ,3
ܠ,3
ܘ,3
品,3
阪,3
ウ,3
章,3
ﻼ,3
切,3
ଯ,3
し,3
商,3
會,3
志,3
ဂ,3
ຂ,3
ຽ,3
ພ,3
ມ,3
ບ,3
ທ,3
体,3
用,3
解,3
箱,3
気,3
寒,3
す,3
能,3
力,3
定,3
ཊ,3
ニ,3
あ,3
ထ,3
氏,3
黑,3
と,3
函,3
ἴ,3
经,3
不,3
死,3
広,3
静,3
関,3
象,3
ᓄ,3
ᓇ,3
ᑦ,3
ᖅ,3
ଆ,3
浦,3
ڬ,3
四,3
福,3
ᱢ,3
ᱚ,3
波,3
雄,3
щ,3
拉,3
牛,3
ឯ,3
ⵓ,3
ⵙ,3
ằ,3
灣,3
術,3
ป,3
加,3
松,3
臣,3
𐭕,3
우,3
ὖ,3
萨,3
港,3
ഇ,3
ધ,3
ଖ,3
ʾ,3
Þ,3
ⵏ,3
洛,3
ⵢ,3
지,3
ธ,3
印,3
全,3
Υ,3
改,3
善,3
개,3
紀,3
რ,3
组,3
黄,3
ਯ,3
È,3
門,3
银,3
洲,3
ო,3
革,3
命,3
蒙,3
ᱡ,3
Ê,3
ὼ,3
ଓ,3
韩,3
ʂ,2
康,2
ખ,2
ఖ,2
일,2
ị,2
庆,2
奶,2
乳,2
유,2
肉,2
际,2
广,2
ಐ,2
ಎ,2
Ի,2
լ,2
ղ,2
գ,2
ṃ,2
洋,2
冲,2
ὅ,2
ἰ,2
ዕ,2
ዝ,2
オ,2
ピ,2
ץ,2
ẽ,2
怪,2
빛,2
에,2
천,2
만,2
오,2
찬,2
문,2
슬,2
광,2
쳐,2
길,2
드,2
고,2
뜻,2
는,2
하,2
ۈ,2
鲁,2
魯,2
齊,2
貝,2
備,2
憲,2
歲,2
嘉,2
ἁ,2
思,2
度,2
経,2
済,2
湾,2
薩,2
尚,2
密,2
率,2
约,2
八,2
ǁ,2
指,2
ผ,2
ĩ,2
ὶ,2
團,2
ベ,2
立,2
同,2
梦,2
ఫ,2
ヌ,2
樺,2
罗,2
岛,2
ḇ,2
侯,2
ἤ,2
Ἵ,2
老,2
心,2
胡,2
吴,2
曇,2
悉,2
Ə,2
ޑ,2
年,2
ő,2
ɽ,2
比,2
び,2
Ζ,2
強,2
满,2
ᠮ,2
ᠨ,2
ᡠ,2
ᠣ,2
ᠭ,2
ᠢ,2
ꠘ,2
ꠟ,2
ţ,2
町,2
村,2
傳,2
ఊ,2
工,2
業,2
ශ,2
ứ,2
ఘ,2
எ,2
五,2
Ἔ,2
Ä,2
ボ,2
비,2
殉,2
ဖ,2
廣,2
气,2
团,2
氣,2
黃,2
ଙ,2
尺,2
ਥ,2
ਫ,2
ਊ,2
ʧ,2
재,2
閣,2
𝝳,2
沙,2
ڻ,2
横,2
佛,2
ậ,2
瑟,2
約,2
ἐ,2
థ,2
ධ,2
ණ,2
ɫ,2
ហ,2
ណ,2
ឌ,2
讖,2
ớ,2
洞,2
ን,2
ɲ,2
ആ,2
ܡ,2
ű,2
云,2
卡,2
や,2
ữ,2
ố,2
里,2
食,2
시,2
ւ,2
զ,2
ﮔ,2
ﺏ,2
ﻨ,2
ﻭ,2
い,2
ഡ,2
애,2
ແ,2
ສ,2
ະ,2
ຫ,2
ລ,2
喇,2
ﻴ,2
ﺓ,2
今,2
泉,2
楽,2
布,2
湯,2
桶,2
色,2
鈴,2
助,2
夏,2
仮,2
携,2
わ,2
ょ,2
保,2
현,2
發,2
ћ,2
태,2
양,2
ﺭ,2
ﻤ,2
ﻌ,2
ﻜ,2
袁,2
ʑ,2
隠,2
岐,2
ף,2
Ա,2
ﺑ,2
ﻲ,2
昌,2
Ē,2
霜,2
ხ,2
დ,2
ચ,2
斌,2
គ,2
ធ,2
鬼,2
鲜,2
半,2
ち,2
ﻹ,2
해,2
赤,2
羽,2
આ,2
曾,2
等,2
ષ,2
ʏ,2
济,2
走,2
竹,2
鳳,2
古,2
曲,2
坂,2
草,2
伽,2
ņ,2
ᓯ,2
ᐊ,2
ศ,2
お,2
漫,2
画,2
放,2
ﺪ,2
ﺔ,2
ഭ,2
എ,2
遍,2
柿,2
ญ,2
プ,2
俣,2
ダ,2
雪,2
渓,2
間,2
細,2
園,2
ṯ,2
仏,2
十,2
形,2
浄,2
ᱜ,2
ᱷ,2
澤,2
遠,2
ɯ,2
Ū,2
羊,2
鼠,2
红,2
ថ,2
ế,2
ၵ,2
ᮔ,2
ᮝ,2
鮨,2
真,2
夜,2
叉,2
ʙ,2
臺,2
ڤ,2
並,2
坡,2
ځ,2
ڼ,2
명,2
ᱪ,2
ᱛ,2
ᱯ,2
ᱩ,2
𐭓,2
盧,2
ẩ,2
语,2
由,2
れ,2
仁,2
為,2
ሪ,2
紅,2
才,2
無,2
第,2
葉,2
攝,2
ઓ,2
Ṣ,2
충,2
ێ,2
ⴷ,2
ⵕ,2
ฐ,2
ܦ,2
勾,2
股,2
迅,2
坚,2
ஊ,2
ଟ,2
爱,2
瑜,2
校,2
书,2
芳,2
秋,2
彪,2
义,2
Ἁ,2
史,2
Ñ,2
盆,2
ⵔ,2
ⴻ,2
Ú,2
ଠ,2
璠,2
ῥ,2
搏,2
書,2
擂,2
散,2
无,2
杏,2
果,2
作,2
別,2
추,2
새,2
액,2
찌,2
兩,2
索,2
库,2
奥,2
赫,2
莫,2
威,2
학,2
ẳ,2
席,2
崛,2
起,2
Í,2
Ţ,2
淑,2
藏,2
沪,2
申,2
ᱞ,2
ᱥ,2
ᱸ,2
ᱦ,2
ᱽ,2
შ,2
ბ,2
忍,2
Ẓ,2
ˤ,2
良,2
宇,2
滴,2
鴻,2
ἡ,2
币,2
글,2
주,2
ΰ,1
策,1
락,1
欧,1
丁,1
ụ,1
漿,1
鬆,1
播,1
损,1
Հ,1
ջ,1
ը,1
ὰ,1
雀,1
弧,1
矢,1
ϑ,1
ザ,1
ů,1
침,1
금,1
득,1
름,1
운,1
년,1
랜,1
력,1
란,1
난,1
론,1
몸,1
맘,1
바,1
받,1
을,1
안,1
근,1
깃,1
들,1
뭉,1
억,1
센,1
온,1
계,1
앞,1
서,1
솟,1
힘,1
밀,1
으,1
없,1
Ұ,1
乌,1
烏,1
貨,1
買,1
賣,1
販,1
贝,1
魏,1
趙,1
燕,1
楚,1
宋,1
幣,1
關,1
圓,1
省,1
券,1
臨,1
聯,1
準,1
儲,1
午,1
觉,1
Ì,1
虛,1
𐎱,1
𐎠,1
𐎼,1
𐎿,1
列,1
啟,1
出,1
版,1
적,1
ӣ,1
代,1
胶,1
桥,1
琉,1
津,1
恒,1
寧,1
腹,1
圧,1
推,1
拿,1
压,1
按,1
ḏ,1
截,1
ஏ,1
ஒ,1
립,1
想,1
ಫ,1
蒲,1
锡,1
诸,1
庶,1
奴,1
隶,1
ﾠ,1
ὀ,1
உ,1
儒,1
刀,1
刃,1
休,1
好,1
宀,1
鉑,1
粁,1
滑,1
批,1
把,1
枇,1
杷,1
琵,1
琶,1
考,1
环,1
融,1
遊,1
恩,1
兰,1
瞿,1
達,1
һ,1
Һ,1
Ә,1
ސ,1
耻,1
恥,1
觀,1
园,1
次,1
程,1
完,1
ǧ,1
ŭ,1
鸭,1
압,1
록,1
喜,1
鎖,1
ך,1
昆,1
仑,1
で,1
も,1
ツ,1
ᠠ,1
ᠵ,1
ᡤ,1
ᡳ,1
ᠰ,1
ᠩ,1
ᠯ,1
ᠪ,1
ᠴ,1
图,1
ꠞ,1
ꠁ,1
知,1
郡,1
樱,1
桃,1
传,1
技,1
研,1
交,1
ഘ,1
納,1
Ὄ,1
ˆ,1
Ἴ,1
Ī,1
Ρ,1
구,1
틀,1
맨,1
ഒ,1
葬,1
ꠇ,1
ꠍ,1
ꠠ,1
ၽ,1
霑,1
ဓ,1
ᖹ,1
ᐟ,1
ᒧ,1
ᐧ,1
ᒣ,1
ᑯ,1
ޤ,1
𡱩,1
ὁ,1
Ἠ,1
ഓ,1
夢,1
條,1
機,1
ḳ,1
𝛍,1
淘,1
ڄ,1
ٺ,1
ٿ,1
ڀ,1
ٻ,1
ڍ,1
ڇ,1
ڃ,1
ڦ,1
ڱ,1
ڳ,1
浜,1
頂,1
尊,1
勝,1
ỉ,1
ฌ,1
ಭ,1
ॽ,1
ඩ,1
ឥ,1
ൺ,1
護,1
婁,1
ề,1
銅,1
錢,1
铜,1
钱,1
毫,1
ଫ,1
朗,1
ሥ,1
ተ,1
ሳ,1
ባ,1
Խ,1
չ,1
悲,1
咒,1
ۍ,1
爆,1
転,1
ਐ,1
ܚ,1
乙,1
ଭ,1
Ĝ,1
ஞ,1
哈,1
曼,1
ഖ,1
令,1
药,1
监,1
督,1
管,1
总,1
局,1
게,1
루,1
ォ,1
梶,1
隆,1
ծ,1
շ,1
թ,1
ﮕ,1
ﮫ,1
ﮈ,1
블,1
레,1
스,1
說,1
ˑ,1
ధ,1
倍,1
晋,1
へ,1
蕭,1
萧,1
ဉ,1
장,1
경,1
ཅ,1
ໄ,1
ຊ,1
ຄ,1
ຣ,1
ປ,1
າ,1
ຍ,1
荣,1
ﺠ,1
ﺰ,1
常,1
当,1
表,1
菊,1
鰯,1
働,1
腺,1
動,1
毒,1
極,1
椅,1
団,1
熟,1
寸,1
詔,1
場,1
所,1
難,1
頁,1
ペ,1
釦,1
鈕,1
零,1
ゼ,1
乗,1
毛,1
悟,1
製,1
検,1
試,1
験,1
に,1
ず,1
さ,1
ま,1
チ,1
糎,1
獣,1
ユ,1
ぼ,1
久,1
玲,1
발,1
미,1
芽,1
玄,1
寅,1
후,1
예,1
系,1
ཌ,1
ﻄ,1
ﺣ,1
ﺴ,1
ﻱ,1
旭,1
旗,1
枚,1
隊,1
群,1
Ḵ,1
耕,1
Ğ,1
Լ,1
և,1
Գ,1
ĝ,1
诚,1
魔,1
ۓ,1
愛,1
ฤ,1
腾,1
线,1
ཞ,1
輪,1
ឃ,1
ﺼ,1
ﻯ,1
ﺸ,1
ﻡ,1
陸,1
畜,1
鮮,1
せ,1
は,1
려,1
麗,1
ﺃ,1
ﺘ,1
ﻀ,1
ﻦ,1
ˀ,1
동,1
短,1
邊,1
伴,1
旅,1
後,1
风,1
ば,1
ɤ,1
Ė,1
伯,1
滌,1
毅,1
勇,1
襲,1
罔,1
替,1
板,1
垣,1
退,1
斯,1
坦,1
廊,1
取,1
翁,1
ぐ,1
姫,1
凰,1
班,1
姑,1
娘,1
仙,1
瀬,1
卍,1
濃,1
利,1
浅,1
鼻,1
ﮩ,1
楞,1
ǫ,1
幻,1
晶,1
戦,1
棋,1
ਝ,1
向,1
战,1
争,1
內,1
戰,1
拙,1
貞,1
ഊ,1
ഫ,1
照,1
麻,1
呂,1
麿,1
沃,1
移,1
动,1
限,1
浪,1
逆,1
桜,1
永,1
戸,1
屏,1
希,1
峰,1
べ,1
右,1
御,1
ソ,1
両,1
ノ,1
ﻙ,1
殿,1
渕,1
峡,1
霞,1
瞳,1
瑠,1
璃,1
館,1
ᱲ,1
庭,1
彭,1
蠡,1
つ,1
笏,1
骨,1
網,1
厳,1
宁,1
牟,1
廉,1
也,1
藤,1
ʝ,1
ョ,1
任,1
堂,1
辰,1
豬,1
雞,1
ǃ,1
多,1
菩,1
ἔ,1
纳,1
扇,1
陡,1
ถ,1
ឝ,1
断,1
脉,1
ⵟ,1
ⴼ,1
蔡,1
ň,1
蘇,1
ଏ,1
ଲ,1
岩,1
氷,1
ミ,1
ổ,1
ฉ,1
ဦ,1
ᮞ,1
ᮓ,1
ᮒ,1
鮓,1
斗,1
壽,1
饭,1
帛,1
紗,1
巻,1
簾,1
佐,1
々,1
禎,1
ꦧ,1
ꦱ,1
ꦗ,1
ꦮ,1
観,1
ɦ,1
ඟ,1
サ,1
念,1
哥,1
ᵐ,1
住,1
鍾,1
彬,1
嫻,1
ဇ,1
蓮,1
杉,1
怡,1
ஈ,1
ደ,1
ዲ,1
ź,1
格,1
酒,1
店,1
ಇ,1
ށ,1
ގ,1
ޞ,1
ޔ,1
首,1
相,1
六,1
ヒ,1
ঐ,1
භ,1
ľ,1
Ľ,1
ワ,1
Ћ,1
Ć,1
ꯄ,1
聞,1
ਠ,1
𐭌,1
𐭃,1
𐭊,1
弥,1
砂,1
鉉,1
泰,1
愚,1
ට,1
ܓ,1
習,1
活,1
擒,1
关,1
庙,1
跃,1
进,1
警,1
務,1
處,1
足,1
俱,1
乐,1
寶,1
劍,1
裁,1
为,1
ታ,1
ላ,1
依,1
晨,1
ಓ,1
𒉌,1
𒌇,1
𒆠,1
ꠈ,1
ꠝ,1
ポ,1
迷,1
你,1
餐,1
燒,1
椰,1
絲,1
条,1
弁,1
財,1
熱,1
渋,1
搜,1
聖,1
連,1
ଇ,1
ډ,1
생,1
ې,1
ਢ,1
回,1
員,1
選,1
挙,1
ۆ,1
珞,1
扎,1
ᕗ,1
ᕿ,1
ᑭ,1
ᑖ,1
ᓗ,1
ᒃ,1
ⵇ,1
ⵡ,1
수,1
裴,1
秀,1
智,1
持,1
ఝ,1
ಝ,1
闪,1
赵,1
Ἑ,1
ઝ,1
ઇ,1
開,1
제,1
왕,1
절,1
髀,1
算,1
樹,1
树,1
话,1
Ј,1
论,1
纪,1
ģ,1
猫,1
修,1
ય,1
骄,1
傲,1
何,1
凤,1
琛,1
严,1
镜,1
源,1
鑫,1
鉴,1
细,1
祥,1
门,1
幹,1
線,1
ɻ,1
型,1
く,1
船,1
越,1
珍,1
じ,1
ゅ,1
剣,1
记,1
脏,1
腑,1
穴,1
针,1
灸,1
艺,1
순,1
舜,1
등,1
宣,1
领,1
议,1
덕,1
풍,1
군,1
豊,1
번,1
점,1
프,1
를,1
眉,1
ɰ,1
Ž,1
ກ,1
Ã,1
ཝ,1
ཎ,1
始,1
栽,1
ⵊ,1
є,1
彊,1
孙,1
ヱ,1
ʉ,1
现,1
現,1
የ,1
አ,1
ፍ,1
ካ,1
ቀ,1
ድ,1
ΐ,1
ἷ,1
설,1
날,1
套,1
庄,1
禮,1
礼,1
效,1
谱,1
馆,1
洪,1
骑,1
器,1
械,1
打,1
慧,1
极,1
师,1
侠,1
说,1
片,1
ぎ,1
행,1
织,1
組,1
織,1
ɚ,1
Է,1
բ,1
长,1
ㄴ,1
ㄷ,1
ㄹ,1
ㅁ,1
ㅂ,1
ㅅ,1
ㅇ,1
ㅈ,1
ㅊ,1
ㅋ,1
ㅌ,1
ㅍ,1
ㅎ,1
ㄲ,1
ㄸ,1
ㅃ,1
ㅆ,1
ㅉ,1
冷,1
面,1
菜,1
보,1
쌈,1
총,1
각,1
깍,1
소,1
파,1
열,1
갓,1
멸,1
풀,1
칫,1
近,1
專,1
物,1
質,1
亞,1
最,1
可,1
固,1
揚,1
而,1
實,1
幸,1
亦,1
ɳ,1
ܥ,1
ネ,1
隧,1
専,1
ọ,1
청,1
Χ,1
ť,1
故,1
ە,1
实,1
岗,1
ٲ,1
ფ,1
ტ,1
ყ,1
Ḳ,1
ḛ,1
犬,1
送,1
協,1
ঈ,1
联,1
盟,1
ﺯ,1
ﺤ,1
ﮨ,1
ﺩ,1
ﯼ,1
ﻮ,1
ॡ,1
节,1
節,1
ỳ,1
耀,1
显,1
浙,1
鄂,1
豫,1
甘,1
肃,1
赣,1
滿,1
产,1
阶,1
级,1
產,1
階,1
級,1
卫,1
齡,1
龄,1
刘,1
劉,1
黨,1
ኢ,1
ት,1
ዮ,1
ጵ,1
ያ,1
ķ,1
Ò,1
Ȥ,1
Ǒ,1
吉,1
區,1
札,1
幌,1
鎮,1
筑,1
紫,1
冀,1
城,1
亭,1
坙,1
貫,1
汶,1
ŕ,1
ḱ,1
ஃ,1
魄,1
崎,1
ෂ,1
ᱭ,1
ᱝ,1
ᱰ,1
ҙ,1
湄,1
澜,1
沧,1
ຳ,1
ử,1
ᱺ,1
ᱮ,1
უ,1
ღ,1
მ,1
ұ,1
ॹ,1
者,1
博,1
항,1
છ,1
Ἡ,1
ᾱ,1
ஐ,1
ʤ,1
ひ,1
ș,1
陈,1
陳,1
ქ,1
ĺ,1
血,1
液,1
ὸ,1
ἶ,1
篪,1
梆,1
簫,1
ĥ,1
ὠ,1
郑,1
必,1
ฟ,1
ฬ,1
ܩ,1
ܪ,1
賓,1
盛,1
થ,1
ῴ,1
ẻ,1
խ,1
ᱠ,1
黒,1
泊,1
ល,1
䤔,1
ޖ,1
蓝,1
ǜ,1
ஓ,1
ஶ,1
ἧ,1
怀,1
莱,1
军,1
逵,1
ټ,1
ﺟ,1
ﻬ,1
ﮓ,1
첨,1
격,1
뢰,1
ɭ,1
훈,1
음,1
训,1
평,1
ї,1
ấ,1
ở,1
蒋,1
裕,1
