a,68527164
n,35370951
e,30976988
i,30116374
r,20121787
t,17933342
u,17688727
s,16014630
d,15972467
m,14527789
k,14337788
l,13594624
g,13313274
p,9698929
o,9660308
b,8875415
h,8402205
y,5748902
j,2683941
c,2382635
S,2087035
P,1698001
w,1574927
A,1573986
K,1329498
f,1313936
M,1274069
B,1190367
I,1111698
T,1063484
D,1016862
v,801266
C,731853
L,651255
R,636300
N,618078
J,581659
H,515922
G,463204
F,399108
E,372200
U,346627
z,295030
W,293922
O,282679
Y,228211
V,201946
x,137074
Z,68014
X,53084
q,51697
Q,39964
é,35698
á,16048
ō,13301
ü,11323
ó,9304
ö,8711
í,8683
ā,8677
ا,6862
è,5751
ل,4949
ä,4762
α,4490
ū,3962
ł,3920
а,3609
ο,3466
ç,3415
о,3175
ي,3093
م,3075
š,2945
ã,2929
ú,2929
ν,2847
и,2826
ن,2731
ī,2725
â,2717
ć,2630
à,2628
ι,2586
ñ,2527
ε,2472
ر,2435
е,2417
و,2395
τ,2358
н,2300
ς,2236
É,2178
р,2159
ب,2093
ô,2056
ρ,2047
ø,2045
ş,2014
ë,1981
ı,1844
с,1751
ê,1688
в,1620
σ,1598
č,1568
د,1564
к,1525
λ,1505
л,1500
ă,1495
κ,1453
μ,1448
س,1434
т,1429
ē,1327
ع,1315
ت,1274
υ,1266
π,1247
Á,1214
ß,1199
η,1194
æ,1178
å,1176
ه,1175
Ō,1136
ì,1060
י,1004
Đ,1003
ة,973
ح,970
γ,954
ف,939
β,891
ğ,881
д,879
ω,878
Š,863
ו,861
ž,858
у,847
м,837
δ,835
î,830
ق,824
Æ,806
ń,804
ك,758
Ö,757
ś,748
ج,738
ί,719
ò,698
أ,697
й,684
ï,673
ð,663
ə,644
ל,640
ה,630
θ,627
ệ,617
א,615
大,608
ά,595
я,588
ό,586
ч,579
İ,557
ạ,554
г,553
б,540
ー,534
ě,532
ù,531
ר,531
ơ,526
ṣ,518
ش,517
ی,510
र,508
ý,505
û,488
ы,484
п,480
Î,479
С,474
ễ,470
ư,459
Å,459
ř,441
王,440
ḥ,439
φ,438
Č,437
ص,434
ь,427
ת,420
מ,419
Ø,418
ŏ,416
ș,414
χ,414
К,410
ز,402
ṭ,402
子,396
中,393
Ś,387
ש,386
ン,386
の,385
Ç,370
خ,369
ę,364
М,363
А,354
ב,350
ő,349
ˈ,349
い,348
з,347
Ş,346
ى,343
ط,337
đ,337
έ,331
ǎ,320
ή,312
ʿ,309
º,309
ė,309
ʻ,303
ː,299
ṇ,298
נ,297
Ü,297
天,296
ύ,289
า,289
В,286
ż,285
ע,284
山,281
إ,280
이,280
Р,277
Ž,274
ǔ,274
ţ,272
ד,271
ị,269
Δ,267
न,267
ル,266
ế,264
त,264
ร,264
ـ,263
П,261
Б,260
Ó,259
म,258
州,252
ם,251
イ,250
х,248
ц,247
國,246
公,245
な,242
李,241
皇,240
ĕ,238
ス,236
ա,235
ǐ,234
Π,233
人,232
क,231
غ,229
ш,227
南,227
ラ,222
œ,221
日,221
て,220
Σ,219
ṃ,219
ả,219
る,216
ꦤ,215
Н,212
ث,212
µ,209
文,208
Ā,208
द,207
Ł,205
य,204
ξ,204
व,203
駅,203
Г,202
に,199
Д,197
ồ,196
น,196
ą,195
国,190
明,189
神,188
Κ,188
Ι,187
ŭ,186
स,185
ض,184
し,184
Í,183
ח,183
ん,180
Α,180
ộ,178
ק,178
ذ,177
太,177
か,176
一,176
海,176
Т,175
И,174
三,174
і,172
高,171
田,170
대,169
ꦏ,169
た,168
ꦱ,168
ء,167
帝,167
õ,167
ן,165
金,164
Ḥ,163
Ż,163
ĩ,162
武,161
О,160
ア,160
安,160
道,160
เ,158
כ,155
ک,155
ầ,155
ɪ,153
ト,153
ἀ,153
ț,152
ク,152
ζ,152
פ,152
ल,151
城,151
ꦩ,151
ɛ,150
ṁ,150
ม,149
ʾ,149
ก,149
사,147
þ,147
と,146
ж,146
り,146
平,146
ئ,145
を,145
ג,145
ッ,143
之,143
ἐ,143
小,143
ŋ,142
っ,140
리,139
新,139
อ,139
東,139
ら,139
リ,139
劉,138
ề,137
ậ,137
美,136
本,135
北,135
ɔ,134
ง,133
Μ,133
元,132
上,132
光,131
Θ,131
ס,131
西,130
ῦ,130
ย,130
प,130
ḍ,129
后,129
ま,129
ꦠ,129
は,127
정,127
タ,127
ა,127
ظ,126
지,125
ώ,125
月,124
川,124
年,124
和,123
Л,123
民,123
生,122
ი,121
Ú,121
ň,120
家,120
ọ,120
も,119
れ,119
会,119
ज,119
ǒ,119
張,118
五,118
э,118
김,117
ग,117
آ,117
ह,117
き,117
ジ,116
ว,116
く,115
ʼ,113
江,113
君,113
う,112
À,112
女,112
ꦲ,112
Φ,111
ն,110
ὶ,110
社,110
ố,110
が,109
ล,109
Ἀ,109
陽,109
র,108
아,108
こ,108
書,108
シ,107
で,106
林,106
צ,106
Ε,106
ứ,105
ƒ,104
ব,103
ド,103
ṛ,103
한,102
ڠ,102
자,102
성,102
주,102
だ,102
水,102
ส,101
국,100
스,100
ท,100
Λ,100
ờ,100
ъ,100
長,100
ꦥ,100
시,99
ņ,99
Þ,98
華,98
カ,98
ṅ,98
ꦫ,98
기,97
ナ,97
인,97
德,97
श,97
二,97
清,97
ὸ,97
軍,95
市,94
Х,94
도,93
ź,93
ё,93
司,93
라,92
京,92
會,92
成,91
ন,91
愛,91
心,91
周,91
ꦭ,91
空,90
ю,90
あ,90
よ,90
ט,90
ф,90
고,89
キ,89
不,89
宮,89
ὁ,89
福,89
有,89
의,88
行,88
พ,88
原,87
世,87
さ,87
ấ,87
島,87
ম,86
ך,86
木,86
陳,86
У,86
ħ,86
マ,86
다,85
ψ,85
藤,85
ј,85
レ,85
ր,85
수,84
비,84
学,84
野,84
仁,84
ի,84
朝,84
가,83
ロ,83
ὐ,83
方,83
漢,83
ꦧ,83
事,83
ῖ,82
ћ,82
ল,82
ז,82
郎,82
主,82
的,82
ช,82
ʃ,81
義,81
Â,81
都,81
台,81
サ,81
Ä,81
ꦮ,81
소,80
法,80
왕,80
部,80
式,80
ะ,80
ต,80
ꦢ,80
ắ,80
원,79
장,79
제,79
Χ,79
ウ,79
士,78
四,78
白,78
З,78
地,78
み,78
나,77
동,77
音,77
چ,77
チ,77
花,77
馬,77
す,77
郡,77
پ,77
ด,77
え,76
十,76
Β,76
つ,76
유,75
黃,75
星,75
宗,74
真,74
永,74
フ,74
부,74
昭,74
য,73
學,73
Ф,73
선,73
조,73
戦,73
我,73
영,72
민,72
ダ,72
正,72
ち,72
Τ,72
우,71
史,71
唐,71
下,71
お,71
志,71
어,70
ℓ,70
ո,70
ე,70
ớ,70
진,69
요,69
에,69
ũ,69
龍,69
দ,69
ɑ,69
ữ,68
화,68
Γ,68
佛,68
時,68
ध,68
Ω,68
अ,68
阿,67
ห,67
ῶ,67
朱,67
ム,67
ण,67
하,66
ằ,66
ḫ,66
石,66
寺,66
八,65
け,65
株,65
コ,64
ブ,64
里,64
서,64
산,64
전,64
氏,64
ब,64
Ο,64
代,64
河,64
ᨈ,64
ġ,64
村,64
ợ,64
春,63
立,63
东,63
ক,62
エ,62
ニ,62
भ,62
玉,62
ե,62
华,62
ẓ,61
英,61
บ,61
연,61
해,61
ர,61
口,61
미,61
門,61
ष,61
ڤ,61
同,60
گ,60
師,60
テ,60
च,60
院,59
박,59
신,59
ろ,59
ῆ,59
ლ,59
த,59
思,59
ů,59
グ,59
ʊ,58
オ,58
プ,58
რ,58
聖,58
յ,58
秦,58
通,58
ャ,58
Ṣ,58
ガ,58
古,58
め,58
ィ,58
ᨕ,58
ꦒ,58
Я,57
教,57
현,57
土,57
孫,56
ミ,56
メ,56
言,56
縣,56
夏,56
ᴡ,56
興,55
문,55
昌,55
ἰ,55
ம,55
陵,55
府,55
க,55
마,55
合,55
Ν,55
區,55
จ,55
ἄ,55
香,55
ɡ,54
ṯ,54
ო,54
經,54
少,54
梁,54
夫,54
千,54
デ,54
理,54
侯,54
은,53
信,53
Ч,53
井,53
무,53
バ,53
風,53
স,52
Ц,52
松,52
青,52
楊,52
堂,52
ボ,52
手,52
ర,51
治,51
ს,51
ப,51
保,51
建,51
Е,51
や,51
利,51
ꦗ,51
ʔ,50
경,50
記,50
九,50
군,50
ュ,50
徐,50
ὰ,50
ธ,50
吉,50
ᨅ,50
Ш,50
Э,50
ļ,49
黄,49
오,49
特,49
胡,49
伯,49
景,49
後,49
ḏ,49
Ψ,49
Ρ,48
ల,48
상,48
羅,48
祖,48
宣,48
章,48
보,48
起,48
官,48
歌,48
町,48
រ,48
機,48
랑,47
শ,47
ụ,47
政,47
ச,47
自,47
六,47
ự,47
ค,47
百,47
आ,47
航,46
ﷺ,46
ḗ,46
化,46
ゃ,46
姬,46
電,46
韓,46
命,46
ズ,46
长,46
共,46
ḇ,45
工,45
波,45
区,45
吳,45
ョ,44
族,44
来,44
ツ,44
ゴ,44
趙,44
호,44
ศ,44
知,44
ᨒ,44
Η,44
ủ,44
加,43
일,43
孝,43
ड,43
伊,43
無,43
강,43
定,43
じ,43
ᨑ,43
ہ,43
ổ,43
你,42
জ,42
秋,42
구,42
张,42
ত,42
տ,42
ὴ,42
ᨆ,42
로,42
那,42
ꦔ,42
ⴰ,42
양,41
路,41
全,41
忠,41
গ,41
雄,41
ˌ,41
ʒ,41
ข,41
ケ,41
流,41
여,41
火,41
名,41
語,41
ﬁ,41
パ,41
မ,41
는,40
ป,40
重,40
友,40
泉,40
康,40
老,40
相,40
せ,40
ᮔ,40
港,40
ỳ,40
니,39
న,39
교,39
ւ,39
虎,39
寧,39
щ,39
樂,39
ἔ,39
宋,39
廣,39
仙,39
橋,39
仲,38
ү,38
洪,38
壽,38
안,38
회,38
ؤ,38
예,38
業,38
曲,38
戰,38
ハ,38
ひ,38
ľ,38
მ,38
分,38
商,38
内,38
ǚ,38
良,37
트,37
宇,37
만,37
Ṭ,37
勝,37
ἡ,37
七,37
見,37
紀,37
傳,37
敬,37
ず,37
鬼,37
字,37
そ,37
モ,37
แ,37
军,37
陈,37
越,37
Υ,37
媛,37
প,36
క,36
ど,36
兵,36
衛,36
将,36
ல,36
動,36
校,36
Ñ,36
হ,36
후,36
운,36
臣,36
ỹ,36
ェ,36
ʲ,36
ビ,35
씨,35
ワ,35
Ć,35
男,35
천,35
葉,35
可,35
何,35
如,35
ソ,35
僕,35
智,35
常,35
界,35
間,35
백,35
尉,35
博,35
관,35
尚,35
萬,35
谷,35
令,35
ө,35
津,35
玄,35
ไ,35
魂,35
남,34
태,34
თ,34
食,34
鄭,34
雪,34
명,34
洋,34
త,34
魏,34
ᨔ,34
կ,34
郭,34
ក,34
ꦪ,34
回,34
灣,34
ẵ,33
학,33
ნ,33
御,33
所,33
雲,33
佐,33
者,33
園,33
將,33
力,33
外,33
遠,33
丁,33
ゆ,33
ვ,33
ट,33
蕭,33
等,33
丹,33
わ,32
び,32
ܐ,32
ರ,32
ன,32
순,32
飛,32
多,32
直,32
許,32
威,32
由,32
岳,32
ヤ,32
ར,32
屋,32
ල,32
先,32
比,32
ស,32
ӧ,32
秀,31
弘,31
세,31
थ,31
ἑ,31
親,31
楚,31
關,31
第,31
曹,31
物,31
色,31
殿,31
房,31
出,31
그,30
চ,30
녀,30
慶,30
ὑ,30
Ș,30
妃,30
刀,30
Ē,30
중,30
隆,30
望,30
龙,30
拉,30
ű,30
是,30
布,30
별,30
集,30
居,30
镇,30
限,30
县,30
銀,30
Œ,30
మ,30
根,29
ベ,29
종,29
寶,29
節,29
ї,29
熊,29
開,29
麻,29
డ,29
ἱ,29
延,29
ば,29
න,29
使,29
ほ,29
ḷ,29
ĭ,29
ำ,29
阳,29
嘉,29
ḳ,29
တ,29
今,29
達,28
Ə,28
頭,28
야,28
ಕ,28
வ,28
麗,28
ய,28
드,28
甲,28
烈,28
개,28
Հ,28
孔,28
善,28
陸,28
号,28
ね,28
ᮓ,28
刘,28
舞,28
夷,28
万,28
င,28
ម,28
気,28
富,28
ử,28
ప,28
客,28
ە,28
석,27
鎮,27
尼,27
進,27
치,27
惠,27
順,27
노,27
ノ,27
ட,27
場,27
Ж,27
藏,27
ʰ,27
沙,27
紅,27
ユ,27
Ἰ,27
马,27
魔,27
უ,27
臺,27
角,27
红,27
қ,27
目,27
Ю,27
話,27
克,27
Ḫ,27
Ô,26
俊,26
공,26
Ἐ,26
赤,26
ә,26
豆,26
希,26
禮,26
慧,26
최,26
위,26
송,26
基,26
爱,26
燕,26
科,26
Ա,26
菩,26
उ,26
ẹ,26
守,26
諸,26
洲,26
వ,26
ª,25
ট,25
황,25
환,25
내,25
ھ,25
Ţ,25
ᾶ,25
草,25
系,25
賢,25
梅,25
음,25
ਰ,25
局,25
빈,25
մ,25
統,25
들,25
Ά,25
非,25
斯,25
夜,25
究,25
球,25
想,25
セ,25
ས,25
티,25
初,25
语,25
დ,25
研,25
浦,25
摩,25
番,25
省,25
ရ,25
紫,25
尾,25
賀,25
န,25
య,25
坂,25
鹿,25
က,25
ɾ,24
건,24
最,24
금,24
竹,24
ɨ,24
蔡,24
ﺍ,24
精,24
형,24
두,24
功,24
羽,24
ァ,24
ף,24
임,24
너,24
深,24
濟,24
ɲ,24
未,24
隊,24
極,24
菜,24
ᨄ,24
詩,24
ณ,24
亚,24
ⁿ,24
བ,24
바,24
支,24
陰,24
ɕ,24
侍,24
ꦝ,24
毛,24
面,24
議,24
ᮙ,24
街,24
ᮒ,24
杜,23
Ð,23
말,23
을,23
雅,23
거,23
포,23
夢,23
鍾,23
強,23
黑,23
米,23
情,23
传,23
乐,23
혜,23
兄,23
留,23
물,23
好,23
線,23
ザ,23
ᨊ,23
廟,23
ץ,23
མ,23
ὲ,23
준,23
ɴ,23
ប,23
崎,23
ᨀ,23
Қ,23
超,23
ภ,23
Ζ,22
루,22
車,22
청,22
삼,22
死,22
齊,22
森,22
ギ,22
电,22
穆,22
運,22
度,22
단,22
희,22
윤,22
向,22
督,22
尔,22
ŵ,22
身,22
作,22
ɒ,22
能,22
모,22
喜,22
巴,22
別,22
ヴ,22
沢,22
觀,22
门,22
姫,22
ბ,22
貴,22
恭,22
圖,22
実,22
岡,22
笑,22
汉,22
技,22
స,22
杨,22
淮,22
브,21
蘭,21
타,21
జ,21
沈,21
ὄ,21
ﻟ,21
방,21
Ī,21
ద,21
간,21
蘇,21
ම,21
館,21
โ,21
ご,21
呂,21
む,21
터,21
ර,21
薩,21
ད,21
際,21
素,21
右,21
ക,21
湯,21
父,21
制,21
ừ,21
ව,21
ᮊ,21
恩,21
Ê,21
ở,21
奇,21
ỉ,21
桥,20
央,20
ভ,20
吴,20
గ,20
楽,20
재,20
광,20
酒,20
լ,20
ܝ,20
ܘ,20
伝,20
兒,20
雨,20
宏,20
당,20
顯,20
健,20
承,20
印,20
牛,20
খ,20
左,20
罗,20
ս,20
ὀ,20
典,20
经,20
奈,20
ヒ,20
ぶ,20
鳥,20
ག,20
尊,20
ÿ,20
კ,20
ɣ,20
程,20
餅,20
船,20
车,20
徳,20
益,20
交,20
ख,20
ስ,20
È,20
照,20
彦,20
ត,20
級,20
鈴,20
열,19
母,19
品,19
以,19
術,19
慈,19
裕,19
파,19
బ,19
湖,19
哈,19
식,19
ڬ,19
ස,19
ද,19
征,19
ẫ,19
董,19
苏,19
內,19
레,19
念,19
首,19
廷,19
離,19
鮮,19
ත,19
ẩ,19
珠,19
視,19
ɐ,19
季,19
前,19
丘,19
叔,19
意,19
源,19
造,19
切,19
ⵓ,19
娘,19
Ħ,19
战,19
箭,19
僊,19
ပ,19
ʁ,18
ネ,18
池,18
復,18
振,18
즈,18
银,18
肉,18
용,18
इ,18
敏,18
盧,18
배,18
普,18
豊,18
开,18
嚴,18
승,18
ἕ,18
ʹ,18
澤,18
約,18
放,18
若,18
ぐ,18
恵,18
ふ,18
ホ,18
추,18
Ğ,18
宝,18
協,18
儀,18
채,18
干,18
勇,18
桂,18
机,18
広,18
要,18
ង,18
岩,18
次,18
记,18
ų,18
හ,18
瀬,18
泰,18
འ,18
风,18
派,18
条,18
ょ,18
书,18
彰,18
ᮘ,18
坡,17
직,17
修,17
Ἄ,17
ಯ,17
ポ,17
창,17
날,17
耀,17
독,17
울,17
Ġ,17
僧,17
І,17
辛,17
桓,17
句,17
吾,17
步,17
설,17
早,17
초,17
臨,17
림,17
악,17
崇,17
密,17
阮,17
在,17
久,17
ය,17
律,17
Ț,17
죽,17
恋,17
Ј,17
宜,17
ལ,17
護,17
ŗ,17
遊,17
瑞,17
历,17
반,17
ន,17
ជ,17
農,17
总,17
店,17
鄉,17
竇,17
始,17
烏,17
ꦯ,17
鳳,17
関,17
亭,17
探,17
ⵉ,17
委,17
員,17
鄧,17
阪,17
鉄,17
靖,17
घ,17
旅,17
ᮛ,17
າ,16
话,16
珍,16
њ,16
ḵ,16
傅,16
Ă,16
渡,16
幸,16
차,16
圓,16
貞,16
塔,16
ড,16
আ,16
飞,16
효,16
덕,16
翼,16
궁,16
團,16
홍,16
浪,16
室,16
湾,16
到,16
柴,16
舒,16
姜,16
熙,16
래,16
ක,16
淵,16
條,16
容,16
茶,16
近,16
ན,16
解,16
致,16
黒,16
ქ,16
ᮞ,16
丸,16
站,16
ſ,16
號,16
վ,16
朗,16
ῃ,16
코,16
더,16
ꦕ,16
ピ,16
ˑ,16
厂,16
卫,16
Ἑ,16
Ս,16
仮,16
育,16
դ,16
財,16
礼,16
ۇ,16
嵐,16
သ,16
ษ,16
Ľ,16
ỗ,16
ɯ,15
申,15
童,15
데,15
ণ,15
於,15
프,15
足,15
ಲ,15
哲,15
盟,15
謝,15
계,15
广,15
徒,15
മ,15
殷,15
柏,15
甫,15
溪,15
ῷ,15
云,15
盛,15
ể,15
柳,15
報,15
ል,15
宫,15
와,15
至,15
旗,15
처,15
影,15
悲,15
ぎ,15
へ,15
ᨉ,15
불,15
剛,15
追,15
좋,15
ᮃ,15
디,15
果,15
ㄹ,15
Ξ,15
輝,15
嶽,15
倉,15
易,15
ฟ,15
ხ,15
段,15
頓,15
孟,15
蔣,15
ʷ,15
禹,15
ን,15
ⵏ,15
朕,15
雷,15
姓,15
范,15
冠,15
列,15
ܪ,15
శ,15
閩,15
ʌ,15
ʂ,14
ষ,14
于,14
면,14
토,14
竜,14
ʕ,14
半,14
ܡ,14
衣,14
曾,14
才,14
哥,14
馮,14
ર,14
莊,14
복,14
ര,14
げ,14
ゅ,14
번,14
形,14
달,14
体,14
汗,14
提,14
爾,14
크,14
孙,14
持,14
處,14
ই,14
來,14
네,14
莫,14
祥,14
빠,14
感,14
樹,14
游,14
魚,14
宁,14
洛,14
陀,14
르,14
ց,14
ք,14
蒲,14
애,14
ἁ,14
ṓ,14
ὼ,14
살,14
槍,14
գ,14
ญ,14
眼,14
ϊ,14
团,14
牙,14
荊,14
ܢ,14
弥,14
특,14
曆,14
ር,14
秘,14
過,14
靈,14
県,14
宿,14
連,14
伏,14
入,14
ಪ,14
指,14
滿,14
黨,14
义,14
奥,14
စ,14
ὕ,14
彩,14
演,14
ђ,14
輪,14
晋,14
ἵ,13
梨,13
작,13
病,13
介,13
ʋ,13
優,13
菊,13
怡,13
ぬ,13
體,13
릉,13
행,13
ನ,13
劍,13
黎,13
故,13
魯,13
位,13
류,13
Ū,13
역,13
ழ,13
ല,13
动,13
奉,13
性,13
厚,13
շ,13
উ,13
任,13
ວ,13
흥,13
婆,13
봉,13
ꦚ,13
問,13
簡,13
閻,13
備,13
發,13
須,13
激,13
服,13
結,13
ゲ,13
奴,13
ť,13
फ,13
突,13
彌,13
丽,13
생,13
ਹ,13
람,13
ᮕ,13
茂,13
裴,13
저,13
庭,13
映,13
љ,13
时,13
革,13
လ,13
ķ,13
ᨍ,13
浩,13
关,13
憲,13
晉,13
ں,13
ɵ,13
ண,13
儿,13
Ṛ,13
郷,13
總,13
术,13
ỏ,13
ὺ,13
域,13
ҳ,13
件,13
應,13
伟,13
ᬦ,13
许,13
ङ,13
វ,13
包,13
務,13
ʽ,13
潮,13
ⵀ,13
施,13
仔,13
辽,13
辰,12
অ,12
찬,12
과,12
피,12
엔,12
ď,12
辺,12
得,12
ಮ,12
ಡ,12
速,12
玲,12
薛,12
朴,12
用,12
救,12
急,12
忍,12
経,12
ঙ,12
鴻,12
ﻪ,12
純,12
옥,12
弟,12
壬,12
錄,12
ञ,12
帶,12
遼,12
休,12
了,12
육,12
喬,12
納,12
昆,12
豪,12
而,12
ະ,12
爭,12
創,12
ὗ,12
監,12
达,12
ந,12
末,12
寒,12
呼,12
再,12
也,12
祭,12
따,12
워,12
러,12
終,12
ղ,12
ტ,12
揚,12
落,12
腐,12
난,12
邑,12
版,12
兴,12
പ,12
蒼,12
苗,12
旦,12
ល,12
გ,12
袁,12
ங,12
ይ,12
升,12
固,12
佳,12
པ,12
ゼ,12
ˀ,12
ꦑ,12
ꦦ,12
ʑ,12
声,12
ⴻ,12
ⵍ,12
々,12
表,12
総,12
売,12
ถ,12
桜,12
射,12
岸,12
ḡ,12
场,12
陶,12
ῥ,12
樓,12
襄,12
鲁,12
ள,12
케,12
허,11
ນ,11
贵,11
월,11
걸,11
編,11
戸,11
亞,11
管,11
芳,11
돌,11
ਮ,11
Щ,11
淑,11
헌,11
論,11
വ,11
因,11
覺,11
葛,11
ٱ,11
圣,11
洞,11
속,11
ܫ,11
ܠ,11
環,11
破,11
蒙,11
靜,11
አ,11
년,11
돈,11
候,11
誠,11
反,11
現,11
农,11
梦,11
琴,11
己,11
去,11
片,11
打,11
失,11
兩,11
告,11
ᨁ,11
ᨂ,11
ᨇ,11
ठ,11
拜,11
倫,11
潘,11
ォ,11
눈,11
ප,11
微,11
ᮠ,11
ぜ,11
謙,11
ང,11
劇,11
业,11
Ө,11
ἶ,11
横,11
依,11
耳,11
楼,11
訓,11
ۆ,11
밥,11
려,11
儒,11
ċ,11
병,11
助,11
발,11
欽,11
独,11
歲,11
虞,11
岐,11
Ã,11
버,11
願,11
导,11
级,11
巻,11
ў,11
력,11
端,11
권,11
汝,11
蕃,11
պ,11
թ,11
Έ,11
穂,11
ⵎ,11
受,11
党,11
头,11
叶,11
赵,11
Վ,11
狐,11
陆,11
祿,11
ぼ,11
輔,11
ұ,11
ហ,11
誰,11
ట,11
ⵙ,11
鐵,11
潤,11
ᮏ,11
杰,11
ꦄ,11
ᬓ,11
卓,10
发,10
ঞ,10
乙,10
헤,10
숙,10
乃,10
ヘ,10
훈,10
심,10
망,10
린,10
감,10
織,10
ܬ,10
ܕ,10
평,10
ಗ,10
축,10
碑,10
藥,10
隋,10
ਸ,10
ও,10
徽,10
규,10
ಸ,10
巢,10
桃,10
향,10
립,10
ʈ,10
Ḍ,10
勒,10
플,10
ἢ,10
完,10
থ,10
를,10
午,10
쟁,10
伐,10
斌,10
漳,10
钱,10
味,10
著,10
實,10
ۋ,10
ヨ,10
為,10
ග,10
ペ,10
引,10
冬,10
ғ,10
키,10
强,10
争,10
ფ,10
蜜,10
止,10
게,10
蓮,10
砲,10
페,10
顕,10
苦,10
股,10
播,10
ई,10
滅,10
բ,10
无,10
祠,10
夕,10
帥,10
점,10
欣,10
兰,10
骨,10
快,10
运,10
拳,10
改,10
ት,10
ያ,10
Ῥ,10
庚,10
獨,10
斛,10
双,10
ᨌ,10
淨,10
屠,10
嗣,10
遷,10
宙,10
防,10
組,10
ぞ,10
ⵔ,10
億,10
類,10
送,10
職,10
悟,10
発,10
器,10
亮,10
訶,10
幽,10
抱,10
郑,10
冀,10
ใ,10
震,10
变,10
鹰,10
ᬢ,10
ꦟ,10
製,10
炸,10
អ,10
គ,10
忘,10
取,10
师,10
座,10
剣,10
藝,10
奧,10
ⴽ,10
꽃,10
ʀ,10
雞,10
ᾅ,10
婦,10
霸,10
導,10
ᮌ,10
塚,10
紗,10
ꦨ,10
ເ,9
ງ,9
壇,9
錫,9
목,9
変,9
블,9
풍,9
ﻠ,9
虫,9
ܩ,9
Ķ,9
岛,9
翁,9
軒,9
戒,9
飯,9
观,9
ꜣ,9
ਲ,9
ৰ,9
懿,9
獻,9
榮,9
ದ,9
他,9
然,9
荣,9
薄,9
荷,9
尹,9
涼,9
촌,9
യ,9
ῳ,9
觉,9
할,9
ধ,9
ન,9
જ,9
融,9
Ђ,9
狄,9
북,9
禪,9
ἴ,9
淳,9
등,9
燃,9
期,9
盤,9
刻,9
ざ,9
ǧ,9
법,9
傑,9
鄒,9
耶,9
길,9
与,9
厦,9
온,9
분,9
베,9
積,9
ც,9
巨,9
刺,9
牟,9
判,9
ꦛ,9
령,9
迦,9
營,9
象,9
稷,9
戎,9
降,9
歷,9
蠻,9
栄,9
晶,9
테,9
ទ,9
យ,9
ព,9
巫,9
亨,9
釋,9
板,9
ደ,9
略,9
妙,9
ඩ,9
ᮜ,9
ң,9
ए,9
卷,9
拓,9
猛,9
氣,9
歩,9
ⵜ,9
領,9
殺,9
聞,9
緣,9
求,9
芝,9
崑,9
迷,9
Ẓ,9
艦,9
磨,9
ꦓ,9
Ί,9
灵,9
ˁ,9
湛,9
猫,9
衡,9
韩,9
禄,9
ന,9
登,9
役,9
封,9
击,9
逆,9
咲,9
副,9
ధ,9
ယ,9
齐,9
団,9
姚,9
準,9
손,9
假,9
ವ,9
杉,9
型,9
從,9
賈,9
ಣ,9
ɹ,9
ਬ,9
唱,9
莉,9
察,9
Ḳ,9
庄,9
诗,9
浜,9
ᴇ,9
荀,9
ລ,8
卡,8
엠,8
私,8
ٹ,8
ヌ,8
Ἔ,8
勢,8
琳,8
彥,8
萍,8
菲,8
娟,8
曼,8
இ,8
熱,8
술,8
ਜ,8
વ,8
霍,8
ﻤ,8
ﻴ,8
갑,8
禍,8
암,8
ਨ,8
ਦ,8
臧,8
约,8
芸,8
蝶,8
泗,8
案,8
執,8
있,8
밀,8
좌,8
દ,8
름,8
璋,8
孩,8
춤,8
妹,8
舍,8
扬,8
进,8
存,8
泳,8
ے,8
ゐ,8
齋,8
乱,8
ळ,8
转,8
凤,8
ɳ,8
წ,8
様,8
量,8
몰,8
ẖ,8
饼,8
虹,8
극,8
舟,8
份,8
ฐ,8
慎,8
舜,8
裏,8
尙,8
眞,8
함,8
图,8
雀,8
牧,8
展,8
본,8
貫,8
權,8
酢,8
像,8
𐤁,8
ድ,8
급,8
勤,8
與,8
均,8
馆,8
褚,8
孤,8
錢,8
譚,8
紹,8
及,8
ģ,8
组,8
ශ,8
紙,8
Ř,8
ზ,8
般,8
报,8
Ὀ,8
消,8
ἥ,8
則,8
墓,8
画,8
倭,8
晃,8
佑,8
帆,8
ꦊ,8
ⴳ,8
隠,8
遺,8
必,8
当,8
署,8
眾,8
息,8
崙,8
寿,8
鶴,8
折,8
称,8
琪,8
狂,8
格,8
ꦉ,8
적,8
ʎ,8
텔,8
鎌,8
ǝ,8
推,8
ὅ,8
鏡,8
꼬,8
械,8
載,8
決,8
秉,8
短,8
Ἱ,8
静,8
భ,8
ష,8
歸,8
ဒ,8
ǵ,8
説,8
働,8
ത,8
胤,8
浙,8
附,8
圍,8
ʝ,8
堯,8
彭,8
参,8
园,8
楷,8
峡,8
鼎,8
Ì,8
讓,8
溝,8
ᮈ,8
丞,8
濮,8
虢,8
머,7
ɫ,7
ɸ,7
입,7
못,7
슈,7
퍼,7
麟,7
衆,7
軽,7
滨,7
犬,7
偉,7
緯,7
詠,7
韻,7
蛋,7
氷,7
염,7
빵,7
ର,7
ਵ,7
計,7
即,7
傷,7
ﺮ,7
嬪,7
崔,7
聲,7
록,7
각,7
昇,7
ບ,7
웅,7
穹,7
검,7
락,7
廬,7
闽,7
체,7
捨,7
Ἡ,7
놀,7
집,7
몽,7
없,7
ළ,7
ດ,7
ພ,7
走,7
ﺑ,7
ﺎ,7
ﻭ,7
ﺩ,7
ὖ,7
탈,7
远,7
寇,7
춘,7
甘,7
匡,7
蝴,7
荒,7
屈,7
Ｏ,7
個,7
只,7
ƿ,7
散,7
づ,7
ᨐ,7
迪,7
십,7
际,7
뮤,7
掌,7
棋,7
垂,7
ݢ,7
铁,7
陛,7
골,7
队,7
烧,7
彼,7
示,7
嬴,7
զ,7
새,7
먹,7
겸,7
卜,7
막,7
투,7
间,7
毒,7
ဘ,7
顔,7
幕,7
ẽ,7
坤,7
频,7
率,7
决,7
汤,7
児,7
顏,7
堅,7
ජ,7
規,7
班,7
盘,7
豫,7
弁,7
韋,7
满,7
ብ,7
ẻ,7
危,7
ㄴ,7
შ,7
亜,7
霊,7
災,7
べ,7
退,7
參,7
统,7
戲,7
數,7
ធ,7
ណ,7
ខ,7
襲,7
稚,7
晨,7
倍,7
吕,7
翔,7
纪,7
祝,7
済,7
又,7
ῑ,7
綱,7
勳,7
證,7
異,7
畫,7
弹,7
ᬧ,7
ᬤ,7
霆,7
ཁ,7
嵩,7
羊,7
恆,7
返,7
係,7
点,7
చ,7
ဂ,7
暮,7
ಜ,7
ಶ,7
Տ,7
Մ,7
റ,7
刊,7
Թ,7
സ,7
談,7
纳,7
ነ,7
余,7
練,7
冰,7
庵,7
蔵,7
衫,7
ገ,7
舊,7
ಟ,7
Ŭ,7
吹,7
岁,7
ཀ,7
谢,7
ᠠ,7
ぱ,7
攻,7
粉,7
圆,7
ረ,7
ặ,7
ᒾ,7
變,7
为,7
凌,7
蜀,7
糖,7
薊,7
寄,7
矢,7
ĝ,7
匹,7
瑪,6
ສ,6
ঘ,6
ছ,6
寨,6
勉,6
된,6
싶,6
ܣ,6
ಳ,6
淡,6
邱,6
戴,6
મ,6
є,6
玩,6
鸿,6
瓊,6
ջ,6
蓋,6
朋,6
付,6
衍,6
符,6
ତ,6
碩,6
ϛ,6
鐘,6
균,6
ອ,6
肖,6
ﻡ,6
항,6
능,6
拿,6
ΐ,6
範,6
卿,6
표,6
छ,6
聯,6
ผ,6
壮,6
别,6
餘,6
履,6
逢,6
亡,6
庆,6
背,6
萧,6
娥,6
底,6
弓,6
嶼,6
ヰ,6
ට,6
ᨓ,6
閣,6
維,6
쿵,6
까,6
카,6
족,6
悪,6
仏,6
禁,6
產,6
ڈ,6
짓,6
钟,6
维,6
ˆ,6
ʧ,6
咸,6
豐,6
ϕ,6
ཕ,6
ત,6
协,6
醫,6
哀,6
글,6
삐,6
構,6
暴,6
필,6
坛,6
活,6
坐,6
渕,6
幹,6
嶋,6
渤,6
廖,6
席,6
ฮ,6
禅,6
협,6
種,6
裁,6
惟,6
紂,6
獲,6
養,6
ដ,6
𐤋,6
Ǧ,6
廳,6
Û,6
塞,6
철,6
የ,6
ኢ,6
ራ,6
느,6
鱼,6
緒,6
친,6
ግ,6
ѕ,6
肥,6
乾,6
曇,6
邪,6
对,6
领,6
업,6
ခ,6
ぽ,6
ཛ,6
倚,6
祐,6
穎,6
禧,6
肅,6
հ,6
爺,6
阴,6
泥,6
乌,6
冯,6
ㅂ,6
ძ,6
状,6
対,6
邦,6
爆,6
泣,6
難,6
尋,6
覚,6
仪,6
临,6
警,6
ཐ,6
乡,6
ణ,6
咒,6
寳,6
除,6
說,6
ঢ,6
円,6
満,6
萌,6
节,6
具,6
移,6
Ь,6
품,6
轉,6
邊,6
娜,6
姑,6
ἷ,6
蕉,6
ǣ,6
甜,6
狼,6
属,6
ӣ,6
ซ,6
设,6
计,6
መ,6
斗,6
血,6
込,6
両,6
涙,6
昨,6
乗,6
数,6
鹽,6
హ,6
ဝ,6
ည,6
应,6
昊,6
油,6
个,6
Շ,6
幌,6
Ɔ,6
례,6
貢,6
覽,6
怪,6
ማ,6
丑,6
翟,6
ŷ,6
樊,6
宛,6
麥,6
沮,6
敦,6
栗,6
漠,6
疆,6
娃,6
桑,6
极,6
廉,6
妻,6
観,6
ም,6
샤,6
補,6
邵,6
腹,6
𒀭,6
媽,6
查,6
饭,6
碧,6
揮,6
丝,6
什,6
瀋,6
婷,6
ฉ,6
艺,6
ᮅ,6
暗,6
絲,6
努,6
鸡,6
ና,6
ᬭ,6
酸,6
塩,6
祈,6
逸,6
笠,6
ਪ,6
湘,6
Ἁ,6
𐐯,6
ɤ,5
瓦,5
찮,5
亦,5
凡,5
외,5
翰,5
弦,5
雙,5
읍,5
녕,5
凱,5
捷,5
佩,5
狗,5
唯,5
謹,5
銘,5
柔,5
豹,5
暁,5
述,5
竺,5
흑,5
탁,5
视,5
절,5
શ,5
익,5
휘,5
ਗ,5
ਤ,5
檀,5
調,5
險,5
當,5
灭,5
着,5
ἅ,5
풀,5
떡,5
ള,5
ᾳ,5
睿,5
커,5
仇,5
ぃ,5
鼓,5
恨,5
过,5
濛,5
ﻮ,5
綾,5
통,5
벌,5
ɟ,5
찌,5
줘,5
燈,5
팔,5
還,5
桀,5
Ｋ,5
樣,5
其,5
ڭ,5
ᨋ,5
ⲟ,5
坦,5
赛,5
圭,5
으,5
権,5
混,5
資,5
올,5
낙,5
알,5
섭,5
Ք,5
Ў,5
实,5
틴,5
엄,5
珪,5
ὡ,5
零,5
汽,5
断,5
晏,5
Ď,5
召,5
继,5
뛰,5
斎,5
见,5
贞,5
墟,5
실,5
ѣ,5
轄,5
瞻,5
완,5
잠,5
판,5
柯,5
婁,5
亲,5
爪,5
ട,5
습,5
増,5
먼,5
墨,5
瑜,5
浮,5
競,5
약,5
ዮ,5
እ,5
뷰,5
Є,5
அ,5
Ò,5
害,5
偃,5
毗,5
澳,5
济,5
輸,5
봐,5
澄,5
拔,5
ɦ,5
丈,5
귀,5
兔,5
獅,5
ฑ,5
ᾱ,5
温,5
棍,5
ㅇ,5
ყ,5
悠,5
拾,5
吏,5
転,5
態,5
炎,5
伸,5
堪,5
踏,5
設,5
操,5
俠,5
庙,5
琉,5
此,5
殊,5
누,5
ሐ,5
絕,5
宅,5
階,5
Ư,5
試,5
篇,5
箱,5
碁,5
蓟,5
슬,5
欢,5
欧,5
脚,5
剑,5
兼,5
ᮝ,5
禿,5
务,5
权,5
植,5
Ὑ,5
斉,5
祁,5
伍,5
辭,5
闻,5
ܒ,5
ܗ,5
Պ,5
峰,5
Й,5
პ,5
ṳ,5
ភ,5
考,5
吠,5
巖,5
盈,5
拼,5
咄,5
ဗ,5
涯,5
胜,5
阁,5
ܥ,5
ढ,5
늘,5
Ṯ,5
聡,5
戀,5
皮,5
收,5
ዓ,5
ሓ,5
諫,5
蟜,5
巳,5
戌,5
瞿,5
刑,5
鬥,5
ﺪ,5
ﺭ,5
ⵟ,5
迎,5
ⴷ,5
允,5
樺,5
ێ,5
選,5
吐,5
Ἅ,5
娲,5
메,5
卑,5
ゥ,5
謨,5
培,5
丰,5
溫,5
就,5
懷,5
婕,5
杏,5
枝,5
骑,5
検,5
耿,5
籍,5
陌,5
耕,5
潟,5
两,5
랜,5
ḻ,5
ʐ,5
膾,5
润,5
畑,5
群,5
汾,5
难,5
ባ,5
妍,5
凰,5
晴,5
献,5
袋,5
蝦,5
絵,5
繁,5
训,5
肇,5
聂,5
奕,5
气,5
클,5
邓,5
ɢ,5
ᴛ,5
囲,5
鎭,5
ヶ,5
Ù,5
捕,5
𐭕,5
𐭓,5
ᮎ,5
룹,5
简,5
ˊ,5
庁,5
复,5
𐤏,5
𐤓,5
臼,5
ǹ,5
嬰,5
郤,5
誌,5
読,5
则,5
处,5
ḿ,4
잘,4
ﻳ,4
ﻣ,4
ﻢ,4
힘,4
ծ,4
ﻑ,4
쌍,4
模,4
禾,4
巧,4
龐,4
顧,4
峻,4
往,4
총,4
聰,4
빙,4
鄕,4
빼,4
ਕ,4
લ,4
刚,4
閦,4
對,4
ﺴ,4
융,4
ജ,4
Բ,4
ໄ,4
ຊ,4
ବ,4
銅,4
靑,4
갈,4
潭,4
束,4
怒,4
挺,4
ɖ,4
铳,4
ῇ,4
姻,4
喀,4
탕,4
Զ,4
卵,4
乎,4
习,4
맨,4
ஆ,4
ຫ,4
戊,4
舌,4
ﻦ,4
ﺇ,4
ﻼ,4
抗,4
淸,4
创,4
란,4
ዳ,4
출,4
맥,4
량,4
Ť,4
續,4
斡,4
彝,4
এ,4
边,4
笛,4
沒,4
晚,4
否,4
待,4
漏,4
仓,4
馗,4
ڪ,4
ژ,4
ڌ,4
ゑ,4
ණ,4
ṉ,4
ⲏ,4
ⲧ,4
叩,4
录,4
駕,4
閔,4
続,4
瞬,4
ռ,4
Ե,4
편,4
밤,4
蹴,4
换,4
终,4
锦,4
岭,4
ㅐ,4
ㅣ,4
ǃ,4
ǀ,4
譲,4
耆,4
賴,4
距,4
築,4
ܟ,4
鎬,4
拂,4
菻,4
例,4
篠,4
虛,4
媒,4
ձ,4
Խ,4
때,4
岑,4
裔,4
祚,4
答,4
遙,4
址,4
乞,4
嶺,4
အ,4
囍,4
ദ,4
契,4
亶,4
繼,4
격,4
했,4
ὔ,4
ឋ,4
差,4
혁,4
冷,4
縄,4
蛇,4
Õ,4
ተ,4
ኤ,4
Ǝ,4
릿,4
합,4
ዕ,4
享,4
幼,4
吧,4
脩,4
処,4
କ,4
闘,4
瓜,4
羡,4
冒,4
启,4
樞,4
韶,4
鄴,4
兗,4
輕,4
毅,4
算,4
히,4
伽,4
ȳ,4
儼,4
彪,4
邢,4
伦,4
漫,4
爷,4
閏,4
灘,4
ቆ,4
ታ,4
ኖ,4
맹,4
캐,4
응,4
ჭ,4
ⵡ,4
ཆ,4
尽,4
敵,4
残,4
罪,4
惨,4
応,4
額,4
陣,4
裂,4
仕,4
皆,4
왜,4
絶,4
备,4
滩,4
住,4
寂,4
憂,4
各,4
梭,4
標,4
阎,4
灯,4
ফ,4
ঠ,4
ৎ,4
妈,4
炊,4
ˤ,4
诞,4
琼,4
筒,4
冲,4
貨,4
挑,4
Ň,4
辉,4
蔚,4
몬,4
髮,4
隴,4
懐,4
苑,4
档,4
벤,4
鼻,4
纬,4
ⴱ,4
载,4
ĉ,4
亻,4
僑,4
鬱,4
誥,4
庇,4
增,4
索,4
遲,4
ɽ,4
晓,4
霹,4
雳,4
控,4
詞,4
芭,4
ꦡ,4
鲜,4
尺,4
럼,4
菱,4
写,4
确,4
Գ,4
ʤ,4
甄,4
毓,4
配,4
帰,4
皋,4
側,4
粵,4
苾,4
ဇ,4
撃,4
瀛,4
览,4
爵,4
Ɵ,4
Դ,4
չ,4
ฤ,4
札,4
ဖ,4
隱,4
険,4
悝,4
筑,4
ወ,4
单,4
寅,4
毕,4
炮,4
獎,4
질,4
旺,4
灰,4
坊,4
퐁,4
迅,4
묘,4
撒,4
題,4
树,4
翊,4
线,4
ˋ,4
紋,4
받,4
茅,4
祺,4
补,4
誕,4
怀,4
ങ,4
嬌,4
詹,4
침,4
앤,4
習,4
솔,4
卍,4
啟,4
ሱ,4
泽,4
螺,4
塘,4
净,4
掃,4
Լ,4
ກ,4
ګ,4
戏,4
敖,4
虔,4
奮,4
看,4
芮,4
ಹ,4
ጣ,4
Ő,4
충,4
矯,4
充,4
弋,4
猴,4
暂,4
또,4
循,4
鳴,4
瓠,4
質,4
柱,4
赫,4
涵,4
賞,4
璇,4
ᠨ,4
嘗,4
ऊ,4
奶,4
爸,4
週,4
谋,4
焦,4
驅,4
ሳ,4
ሠ,4
ሥ,4
慰,4
賓,4
迟,4
幻,4
ፍ,4
齡,4
类,4
Ḏ,4
ᬫ,4
ᬩ,4
損,4
轩,4
ꦣ,4
结,4
雕,4
酱,4
潔,4
芙,4
皓,4
戯,4
Ｎ,4
ꦆ,4
謀,4
討,4
瑟,4
滔,4
裡,4
콤,4
鑫,4
雜,4
瓣,4
招,4
ȟ,4
护,4
柚,4
션,4
銭,4
醋,4
偵,4
梵,4
贊,4
堀,4
饒,4
橫,4
帯,4
漁,4
뉴,4
缺,4
ŕ,4
遇,4
姿,4
澎,4
蠶,4
Ы,4
焼,4
Ὁ,4
𐤒,4
閭,4
撫,4
纸,4
旧,4
杂,4
細,4
ぁ,4
騎,4
沼,4
卞,4
璠,4
竟,4
欒,4
ℚ,4
ມ,4
璟,4
讨,4
𒅀,4
𒀀,4
ǽ,3
ɬ,3
ຕ,3
혹,3
놈,3
ڨ,3
혼,3
랙,3
써,3
恐,3
踊,3
톨,3
孚,3
崖,3
ஸ,3
싸,3
җ,3
瑠,3
츠,3
纯,3
珊,3
叡,3
俗,3
齒,3
芬,3
铭,3
ପ,3
效,3
ﻘ,3
換,3
렬,3
ຄ,3
儉,3
琵,3
琶,3
험,3
壁,3
寵,3
扶,3
駱,3
溟,3
ନ,3
库,3
ȝ,3
Ὧ,3
ὧ,3
让,3
쥬,3
런,3
ຂ,3
ﺤ,3
ﻨ,3
ﺳ,3
ﻌ,3
銳,3
ꦘ,3
顿,3
ঈ,3
埠,3
虜,3
乍,3
ஜ,3
錦,3
ǂ,3
駄,3
癸,3
醇,3
亳,3
说,3
硏,3
嫦,3
妲,3
婉,3
粽,3
煙,3
呀,3
瑰,3
隨,3
旋,3
賊,3
寸,3
ヲ,3
ヱ,3
ぷ,3
ㇷ,3
ㇼ,3
අ,3
ⲛ,3
ⲓ,3
ⲥ,3
ጊ,3
厥,3
忽,3
곡,3
材,3
晝,3
젓,3
톱,3
隐,3
탑,3
쇼,3
결,3
캠,3
飲,3
변,3
떴,3
쿨,3
菓,3
떠,3
蒻,3
芋,3
糸,3
ґ,3
ㄱ,3
豚,3
Ϲ,3
樟,3
Ý,3
ㅑ,3
օ,3
Ļ,3
ℛ,3
ℳ,3
캡,3
雑,3
멜,3
ગ,3
근,3
琦,3
厲,3
雒,3
렌,3
탄,3
核,3
厳,3
논,3
頻,3
ჯ,3
솥,3
않,3
沟,3
窟,3
菅,3
숭,3
訥,3
籠,3
黔,3
産,3
碟,3
鬪,3
置,3
户,3
斤,3
콩,3
빔,3
팥,3
율,3
渠,3
屯,3
涉,3
峇,3
흠,3
轮,3
翠,3
鐸,3
祀,3
긴,3
냐,3
든,3
맙,3
젝,3
냥,3
錬,3
弾,3
범,3
已,3
Ъ,3
잔,3
ڢ,3
沖,3
ዊ,3
엘,3
련,3
ዝ,3
ゞ,3
痛,3
Ʌ,3
ᨏ,3
姐,3
鷹,3
옹,3
涛,3
滌,3
朔,3
旭,3
酉,3
皖,3
惲,3
渾,3
霄,3
택,3
办,3
ච,3
ධ,3
供,3
泊,3
ਆ,3
擂,3
ḩ,3
椒,3
誦,3
雍,3
悅,3
砕,3
喇,3
适,3
驚,3
ቲ,3
ฏ,3
ҧ,3
엑,3
妤,3
髪,3
ㄷ,3
ღ,3
ⵖ,3
図,3
歴,3
掛,3
測,3
負,3
胞,3
𐬀,3
拱,3
装,3
栋,3
专,3
ᾧ,3
卯,3
贝,3
쉬,3
糕,3
堡,3
ঝ,3
遅,3
幡,3
磯,3
珥,3
績,3
茨,3
駒,3
驗,3
訳,3
겨,3
准,3
谜,3
综,3
埴,3
姥,3
祢,3
狭,3
稲,3
歯,3
连,3
歡,3
采,3
接,3
贪,3
매,3
쳐,3
널,3
Ń,3
ぴ,3
堤,3
𐤌,3
壤,3
Յ,3
査,3
羌,3
跋,3
峨,3
ὠ,3
ற,3
փ,3
ฝ,3
鄂,3
泫,3
凯,3
അ,3
అ,3
継,3
ỵ,3
猪,3
仚,3
狸,3
旱,3
屏,3
财,3
帛,3
榜,3
箕,3
ᬯ,3
途,3
薙,3
硕,3
ਖ,3
સ,3
ې,3
雾,3
ҡ,3
殤,3
ቃ,3
賭,3
ច,3
짝,3
抜,3
責,3
透,3
弱,3
舎,3
録,3
握,3
閼,3
贺,3
暠,3
ဆ,3
峯,3
闕,3
ժ,3
찰,3
ണ,3
ൻ,3
ທ,3
ŝ,3
핑,3
网,3
蓉,3
巾,3
滑,3
労,3
Ә,3
ऐ,3
억,3
뱀,3
论,3
艋,3
舺,3
疑,3
炳,3
섯,3
剌,3
講,3
ബ,3
ർ,3
ላ,3
ᖅ,3
薇,3
ዲ,3
ቂ,3
ቀ,3
갓,3
衢,3
予,3
芒,3
诸,3
韦,3
曜,3
ܓ,3
취,3
빗,3
遥,3
筆,3
蔭,3
ڵ,3
唇,3
돼,3
ฒ,3
曉,3
她,3
ﻬ,3
割,3
ˠ,3
ṡ,3
紳,3
ⴼ,3
辯,3
伴,3
ฬ,3
们,3
뚱,3
굴,3
逐,3
庸,3
ĺ,3
뿌,3
밑,3
Ү,3
庫,3
氵,3
注,3
夔,3
翳,3
遗,3
汕,3
魃,3
笔,3
輿,3
繆,3
費,3
企,3
龔,3
鼠,3
ញ,3
ለ,3
椿,3
邹,3
쥔,3
և,3
խ,3
ጽ,3
ፈ,3
獣,3
링,3
һ,3
這,3
茜,3
撰,3
凛,3
鶯,3
寬,3
Љ,3
障,3
霧,3
醒,3
Ꭿ,3
Ḩ,3
禺,3
避,3
欲,3
盆,3
ฆ,3
卢,3
ହ,3
梓,3
钰,3
泓,3
瑶,3
玥,3
霖,3
露,3
粱,3
ਘ,3
ḕ,3
칠,3
ぺ,3
圻,3
針,3
棣,3
娛,3
ᠭ,3
ᠤ,3
ᠬ,3
ᱟ,3
Ĕ,3
皐,3
駿,3
壱,3
ɓ,3
篆,3
麵,3
肝,3
𐎗,3
𐎚,3
乘,3
𐌰,3
鎖,3
װ,3
萱,3
勿,3
燮,3
含,3
词,3
ካ,3
ఆ,3
މ,3
巡,3
盾,3
谭,3
砂,3
燧,3
羲,3
投,3
质,3
ﺡ,3
ᬮ,3
稽,3
恒,3
徵,3
乔,3
眉,3
貝,3
絹,3
椰,3
ǫ,3
托,3
贾,3
桐,3
贤,3
蒋,3
峽,3
霜,3
诚,3
鋒,3
濤,3
ʦ,3
垣,3
惑,3
騰,3
洁,3
奔,3
似,3
腦,3
显,3
ꦌ,3
顺,3
邯,3
忌,3
筠,3
占,3
網,3
悼,3
肃,3
热,3
带,3
礁,3
ಬ,3
醬,3
ᬕ,3
尻,3
犯,3
刃,3
浅,3
ਚ,3
અ,3
穀,3
围,3
ꦈ,3
ᬲ,3
萩,3
敷,3
拍,3
优,3
酷,3
串,3
函,3
Ն,3
証,3
臭,3
莙,3
蚕,3
ڊ,3
隸,3
隶,3
ᮍ,3
蛮,3
券,3
𐤇,3
杭,3
ꤰ,3
ꤾ,3
亂,3
汴,3
暝,3
Ｚ,3
撮,3
ⵣ,3
ⵢ,3
頂,3
ཚ,3
滸,3
壓,3
믹,3
ɮ,3
昔,3
斷,3
袖,3
叢,3
琅,3
既,3
緝,3
識,3
賦,3
醜,3
潁,3
얼,3
況,3
鬬,3
纵,3
畢,3
ۉ,3
橙,3
評,3
众,3
濠,3
熟,3
𐐔,3
𐑉,3
𐐻,3
ㅓ,3
悦,3
浴,3
税,3
暑,3
薬,3
𒇷,3
𐭐,3
ˉ,2
늑,2
医,2
걱,2
괜,2
져,2
韜,2
켄,2
힐,2
빛,2
狀,2
𒌑,2
頼,2
ܛ,2
邮,2
泛,2
척,2
늪,2
渥,2
筱,2
妮,2
瑤,2
侖,2
倩,2
貽,2
恬,2
炒,2
료,2
璨,2
ଦ,2
ଜ,2
ક,2
愈,2
ﮬ,2
ﺸ,2
론,2
閑,2
濊,2
蚩,2
尤,2
晦,2
ɥ,2
聿,2
鍵,2
誓,2
婚,2
袞,2
쩌,2
描,2
軫,2
킹,2
확,2
ઇ,2
脂,2
姙,2
캔,2
멋,2
었,2
ຍ,2
ແ,2
琮,2
兀,2
斬,2
閉,2
牢,2
ﻋ,2
ﺟ,2
ﻐ,2
ﺠ,2
ﱠ,2
ﺔ,2
ﺱ,2
ﻏ,2
ﺘ,2
ﺀ,2
幣,2
或,2
锐,2
鉴,2
樑,2
啓,2
纽,2
紐,2
굿,2
貊,2
붉,2
욕,2
纘,2
崧,2
泄,2
识,2
诺,2
倮,2
授,2
輦,2
隧,2
尧,2
棠,2
从,2
煥,2
倪,2
低,2
芹,2
圏,2
곤,2
整,2
吸,2
棵,2
玫,2
陪,2
颉,2
夾,2
ڑ,2
幾,2
ㇱ,2
ぢ,2
ㇶ,2
ㇸ,2
ㇹ,2
ㇻ,2
ㇾ,2
棒,2
ⲉ,2
ⲙ,2
ⲣ,2
홀,2
蛙,2
ﺕ,2
廡,2
旨,2
닥,2
屿,2
낭,2
姉,2
嬢,2
珉,2
ऱ,2
些,2
們,2
ਟ,2
ਡ,2
ਯ,2
낮,2
离,2
卦,2
릅,2
룡,2
았,2
蒟,2
Ȝ,2
岗,2
ㅏ,2
ㅒ,2
汪,2
煮,2
輩,2
즐,2
પ,2
闍,2
ὤ,2
ἤ,2
麒,2
俱,2
른,2
둥,2
덤,2
戚,2
暎,2
즌,2
뽐,2
拽,2
蜻,2
롱,2
Կ,2
溏,2
赣,2
眠,2
궤,2
軌,2
첨,2
窮,2
裵,2
兆,2
륙,2
ỷ,2
按,2
檢,2
칼,2
ऋ,2
棉,2
哇,2
璽,2
Ů,2
ഷ,2
偽,2
嚳,2
豳,2
擁,2
禽,2
衰,2
났,2
셜,2
줄,2
께,2
던,2
寛,2
ټ,2
ډ,2
џ,2
졌,2
蟹,2
싹,2
렉,2
Ą,2
믿,2
燒,2
帖,2
렵,2
牡,2
Ὦ,2
妖,2
옷,2
엿,2
농,2
எ,2
ጵ,2
ቤ,2
ፊ,2
멸,2
您,2
跑,2
慕,2
哭,2
憧,2
奏,2
ଉ,2
ଳ,2
ଷ,2
瑚,2
睢,2
佟,2
扎,2
單,2
甸,2
稜,2
舉,2
鄱,2
穰,2
奐,2
侨,2
잡,2
숨,2
닫,2
尖,2
侠,2
ᨖ,2
ㅈ,2
ㅊ,2
ㅌ,2
읕,2
꺼,2
粿,2
昏,2
冑,2
恪,2
詳,2
恂,2
巒,2
扈,2
ᠮ,2
ᠣ,2
ᠵ,2
ᡝ,2
것,2
ҹ,2
Һ,2
枚,2
넌,2
蟄,2
滄,2
茄,2
ቈ,2
벽,2
曦,2
趾,2
戟,2
ㅅ,2
Ï,2
鑑,2
収,2
諾,2
侵,2
憾,2
臓,2
衷,2
拠,2
互,2
誤,2
挙,2
担,2
傾,2
𐭯,2
𐭫,2
𐭩,2
ᴼ,2
ආ,2
鉢,2
棟,2
ళ,2
吼,2
璃,2
惡,2
ኀ,2
曺,2
ܦ,2
ঋ,2
楂,2
磐,2
渟,2
跨,2
躬,2
迹,2
欝,2
杵,2
绮,2
苅,2
ﺨ,2
磁,2
货,2
渴,2
闯,2
练,2
珀,2
봄,2
𐤈,2
Җ,2
ᨎ,2
媯,2
획,2
嵯,2
染,2
径,2
贸,2
槱,2
ḑ,2
獄,2
沉,2
ṧ,2
产,2
斩,2
锷,2
责,2
燦,2
뜨,2
ἠ,2
俺,2
偓,2
荼,2
壘,2
淫,2
詭,2
淄,2
瓏,2
缚,2
压,2
搜,2
郁,2
鑒,2
藍,2
弩,2
鸟,2
Ή,2
挥,2
员,2
盲,2
锡,2
秒,2
ડ,2
Ꮙ,2
Ꮿ,2
禎,2
晩,2
증,2
随,2
料,2
ᒃ,2
釜,2
娣,2
裸,2
塗,2
卒,2
胸,2
嘆,2
悔,2
犀,2
盩,2
厔,2
爽,2
ఒ,2
槃,2
归,2
ဟ,2
ṵ,2
ḭ,2
泡,2
ထ,2
ဋ,2
颖,2
姝,2
渊,2
奋,2
揆,2
ክ,2
ಎ,2
訪,2
暨,2
葬,2
荔,2
插,2
欄,2
坪,2
瑕,2
貓,2
빨,2
臘,2
瑩,2
錮,2
淚,2
汜,2
Ϛ,2
槎,2
ഹ,2
હ,2
ભ,2
盗,2
ሙ,2
ቱ,2
ሾ,2
Ἵ,2
폭,2
钢,2
鋼,2
𒂗,2
ᓇ,2
ᓄ,2
戶,2
ટ,2
ሰ,2
楠,2
亥,2
绀,2
嚣,2
烙,2
갭,2
같,2
좀,2
蹦,2
奚,2
ෂ,2
啦,2
ƶ,2
贰,2
언,2
Ἴ,2
ϝ,2
ɼ,2
ṫ,2
郅,2
旬,2
册,2
隣,2
甦,2
澂,2
탐,2
轻,2
轨,2
蒂,2
響,2
ฎ,2
Ϊ,2
忆,2
佬,2
樵,2
沂,2
翹,2
벼,2
님,2
몸,2
춧,2
꼭,2
뿐,2
莆,2
儂,2
ҥ,2
彈,2
宴,2
頤,2
ŧ,2
淀,2
驛,2
滝,2
痴,2
센,2
殛,2
沃,2
贛,2
捞,2
讷,2
涌,2
涪,2
岱,2
巿,2
锋,2
ˮ,2
콘,2
덮,2
ǜ,2
虚,2
鴛,2
鴦,2
Ḡ,2
锟,2
Ղ,2
ሌ,2
檳,2
榔,2
멘,2
ړ,2
哪,2
咤,2
莱,2
萊,2
Ả,2
騨,2
遍,2
औ,2
茹,2
綽,2
昴,2
药,2
妝,2
琰,2
枣,2
冨,2
𒆠,2
ጀ,2
Ё,2
狩,2
𐩣,2
苍,2
闇,2
課,2
酥,2
坝,2
敎,2
畏,2
ٷ,2
粟,2
扁,2
ཤ,2
姆,2
圧,2
ମ,2
쌥,2
蕾,2
闲,2
瑾,2
莘,2
項,2
项,2
ឆ,2
綜,2
懸,2
흔,2
雯,2
ⵕ,2
ⵛ,2
兜,2
脊,2
脫,2
斐,2
晁,2
瑄,2
Ě,2
脈,2
寢,2
採,2
簾,2
跡,2
杆,2
ᠳ,2
ᠪ,2
ᠱ,2
එ,2
鄯,2
翅,2
这,2
馨,2
𒌅,2
牌,2
潛,2
ஹ,2
裝,2
덟,2
ㅆ,2
娱,2
璿,2
棘,2
惊,2
詡,2
ປ,2
ຖ,2
匠,2
쌈,2
𐎀,2
𐎘,2
ᾷ,2
Ծ,2
靡,2
便,2
湧,2
膽,2
歼,2
舢,2
舨,2
殻,2
帘,2
Ǒ,2
浄,2
黥,2
ܚ,2
勵,2
恢,2
排,2
價,2
煦,2
仍,2
需,2
颜,2
卤,2
邻,2
ሮ,2
ኃ,2
በ,2
ẋ,2
ጉ,2
并,2
ಷ,2
ދ,2
蠹,2
檖,2
尸,2
庖,2
诛,2
艳,2
匯,2
郝,2
境,2
篤,2
ጤ,2
骁,2
营,2
聚,2
织,2
ﺏ,2
ﺝ,2
杲,2
ᬗ,2
ἦ,2
吊,2
抵,2
龄,2
策,2
馥,2
專,2
輯,2
ᮄ,2
茉,2
徹,2
歐,2
玛,2
ꦰ,2
泆,2
潼,2
啤,2
Ὡ,2
斋,2
薰,2
灸,2
焕,2
藩,2
韵,2
举,2
審,2
ሴ,2
廊,2
价,2
锺,2
麦,2
楓,2
郵,2
讀,2
Ｐ,2
廿,2
床,2
滎,2
孜,2
逃,2
誉,2
ឡ,2
顼,2
问,2
镜,2
愁,2
敗,2
翻,2
沁,2
Ի,2
ਅ,2
𐎢,2
𐎼,2
𐎠,2
𒅖,2
襖,2
钦,2
烟,2
雫,2
軾,2
郫,2
几,2
隼,2
럽,2
醉,2
棧,2
姣,2
殘,2
疾,2
琬,2
ӈ,2
庶,2
ᓗ,2
臏,2
莎,2
咏,2
炟,2
丙,2
묵,2
ῴ,2
ᴄ,2
ᴀ,2
ᴏ,2
ʏ,2
ᴜ,2
ꦎ,2
ᱷ,2
鮫,2
拝,2
祕,2
謂,2
撥,2
耻,2
참,2
撓,2
涅,2
额,2
涿,2
仑,2
据,2
佰,2
菁,2
睡,2
脑,2
鞍,2
瑛,2
銃,2
齿,2
闭,2
𐭉,2
现,2
닉,2
컴,2
縁,2
异,2
宠,2
杞,2
倾,2
嘎,2
濡,2
柿,2
銖,2
軟,2
桶,2
轅,2
繩,2
尪,2
點,2
従,2
僵,2
崁,2
鄔,2
赖,2
嘛,2
熹,2
鹹,2
邸,2
ᬳ,2
ሕ,2
ሪ,2
𒈪,2
ײ,2
腕,2
ᯉ,2
ᯖ,2
ᯂ,2
堆,2
Ἥ,2
𐤍,2
ﾠ,2
负,2
ꤷ,2
ꤲ,2
辖,2
险,2
稅,2
ﻲ,2
専,2
ച,2
ﻧ,2
ㄢ,2
ॐ,2
艾,2
宵,2
钧,2
彬,2
费,2
ᯘ,2
Ứ,2
丕,2
脳,2
勲,2
ۈ,2
ຽ,2
ຈ,2
鵰,2
规,2
釈,2
屬,2
魄,2
ᜄ,2
飄,2
綠,2
櫻,2
ƛ,2
检,2
ᮚ,2
租,2
畿,2
ꥆ,2
妓,2
祟,2
緩,2
莽,2
扒,2
伎,2
剧,2
ᮑ,2
联,2
ꠟ,2
批,2
职,2
鸞,2
珈,2
ⱬ,2
爛,2
濱,2
灌,2
鳧,2
鱉,2
愚,2
琊,2
據,2
暢,2
竦,2
綰,2
賜,2
冶,2
种,2
邳,2
適,2
鉅,2
買,2
更,2
埋,2
燜,2
焖,2
祉,2
诵,2
穿,2
妣,2
隹,2
麺,2
睦,2
訢,2
徇,2
邛,2
錡,2
陘,2
稱,2
鑾,2
鄆,2
淇,2
蕲,2
誅,2
羁,2
給,2
詢,2
脏,2
帽,2
碭,2
Ǎ,2
逷,2
蘄,2
溥,2
玢,2
歙,2
죄,2
冊,2
俟,2
熔,2
鲍,2
沛,2
𐑅,2
𐐨,2
荘,2
龜,2
脇,2
잇,2
윈,2
샘,2
븐,2
ㅔ,2
ㅖ,2
ㅚ,2
ㅟ,2
ㅢ,2
ㅉ,2
쏘,2
존,2
ݣ,2
榛,2
峠,2
Ḗ,2
玖,2
茵,2
仰,2
辨,2
借,2
並,2
序,2
蒸,2
届,2
擔,2
每,2
亿,2
層,2
给,2
试,2
谈,2
讲,2
阶,2
恶,2
勞,2
営,2
样,2
证,2
递,2
듀,2
Ἃ,2
ጌ,2
ꜥ,2
悬,2
匪,2
扫,2
倘,2
鹏,2
ˡ,2
辣,2
ᾇ,2
ᾁ,2
ᾗ,2
ᾑ,2
ᾡ,2
ﷻ,2
乖,2
담,2
𐤅,2
摘,2
柒,2
鷲,2
𐊀,2
阔,2
𒉡,2
𒀝,2
𒈨,2
𒌷,2
Ꜣ,2
𐭍,2
很,2
腻,2
ᠢ,2
ໂ,1
핀,1
矮,1
韬,1
픈,1
檎,1
삭,1
팩,1
퀴,1
偕,1
𒄿,1
𒃷,1
裤,1
衩,1
储,1
蓄,1
ㅸ,1
움,1
傻,1
彫,1
茿,1
茱,1
偌,1
獸,1
맷,1
뚝,1
컵,1
戈,1
押,1
閒,1
Ἶ,1
꼼,1
ଗ,1
ઝ,1
慢,1
잉,1
昪,1
Է,1
ਭ,1
ୟ,1
遵,1
瀆,1
ɰ,1
鏌,1
潞,1
淓,1
苟,1
赓,1
앙,1
ɜ,1
匱,1
뜸,1
栓,1
衮,1
푸,1
줏,1
矴,1
솜,1
毁,1
覆,1
객,1
幇,1
닝,1
爲,1
ﺬ,1
ﺐ,1
ﻗ,1
奭,1
笨,1
儔,1
悌,1
蓝,1
獞,1
箫,1
ꌠ,1
ꆈ,1
촉,1
Ґ,1
苕,1
妺,1
脸,1
聆,1
陑,1
掘,1
芾,1
駝,1
箜,1
篌,1
冕,1
轼,1
跟,1
抽,1
把,1
棄,1
訴,1
羿,1
ۏ,1
ㇰ,1
ㇲ,1
ヂ,1
ヅ,1
ヸ,1
ㇴ,1
භ,1
ڽ,1
ⲩ,1
Ⲣ,1
ⲭ,1
Ⲭ,1
ⲁ,1
ĳ,1
ቡ,1
踰,1
ﻻ,1
ཟ,1
炯,1
ﭼ,1
ﯩ,1
释,1
액,1
벨,1
该,1
젊,1
肴,1
糯,1
秫,1
鰤,1
淆,1
昧,1
찔,1
꿈,1
秧,1
瓷,1
鳖,1
菎,1
ϡ,1
Ͳ,1
ͳ,1
Ύ,1
얘,1
ֆ,1
ǁ,1
烹,1
獬,1
豸,1
鬃,1
辫,1
剃,1
Ѕ,1
첫,1
멈,1
춰,1
큐,1
Ė,1
厉,1
镐,1
跳,1
玟,1
맡,1
싱,1
蛉,1
ϯ,1
谨,1
뇽,1
畵,1
繡,1
冈,1
늉,1
鉗,1
훤,1
활,1
宰,1
漱,1
답,1
菟,1
婢,1
냉,1
둣,1
잣,1
烁,1
둔,1
蝸,1
汶,1
胄,1
菉,1
纣,1
纥,1
엣,1
쉽,1
잊,1
겠,1
흙,1
鍛,1
켜,1
쫓,1
츄,1
끄,1
ឧ,1
Ȧ,1
얄,1
Ģ,1
ᝊ,1
ᝑ,1
ᝇ,1
焚,1
ڧ,1
Ḋ,1
Ṫ,1
跏,1
摠,1
旽,1
륜,1
獵,1
𐤂,1
蟻,1
蛾,1
곶,1
腊,1
짚,1
歓,1
ሁ,1
蛎,1
薯,1
쵸,1
슨,1
퀵,1
ଲ,1
瞎,1
珣,1
宸,1
Չ,1
褆,1
缓,1
욱,1
迫,1
璜,1
鈕,1
盼,1
婺,1
褻,1
狎,1
羨,1
唄,1
붙,1
꽉,1
쥐,1
莲,1
汀,1
咀,1
簿,1
础,1
杖,1
倻,1
Ϝ,1
ᨃ,1
毘,1
遮,1
ओ,1
읒,1
읓,1
ㅋ,1
읔,1
ㅍ,1
ㅎ,1
읗,1
உ,1
暄,1
愉,1
邙,1
璡,1
ᠩ,1
ᡤ,1
떤,1
隍,1
낌,1
𡨸,1
疫,1
앟,1
ዘ,1
𝕸,1
昺,1
俞,1
ﻜ,1
Ἠ,1
Ŗ,1
윽,1
귿,1
읃,1
ㅁ,1
괴,1
镰,1
ὥ,1
措,1
僚,1
虐,1
詫,1
殉,1
斃,1
且,1
被,1
慮,1
陥,1
髄,1
汲,1
𐭲,1
𐭥,1
𐭭,1
𐬚,1
𐬭,1
𐬉,1
𐬙,1
𐬊,1
𐬥,1
洽,1
椎,1
캬,1
辑,1
漾,1
劫,1
皂,1
燄,1
穩,1
曰,1
濬,1
篮,1
ᴰ,1
ሀ,1
Ʋ,1
𒊕,1
ঊ,1
ঐ,1
ঔ,1
籽,1
죠,1
葦,1
禰,1
鯽,1
鷦,1
鷯,1
楲,1
荑,1
苡,1
Ɖ,1
粒,1
叉,1
騒,1
奪,1
킴,1
쁜,1
닛,1
鹯,1
砥,1
袭,1
胆,1
咋,1
弭,1
触,1
甂,1
须,1
ﺺ,1
颂,1
頌,1
ℌ,1
콜,1
곁,1
嘶,1
靠,1
听,1
훔,1
녹,1
Ḱ,1
炬,1
쩔,1
롯,1
𐤉,1
𐤄,1
넬,1
𝔓,1
犍,1
쌘,1
뽈,1
홈,1
喪,1
貉,1
ὃ,1
丛,1
监,1
狱,1
垿,1
鈿,1
ﺣ,1
ٵ,1
猿,1
默,1
煬,1
곽,1
蕨,1
憩,1
绪,1
ஐ,1
ಅ,1
暻,1
즘,1
폐,1
ㇽ,1
屹,1
䙴,1
佺,1
胎,1
惜,1
騷,1
祗,1
皈,1
屢,1
盜,1
患,1
岬,1
剖,1
嵋,1
钉,1
蝠,1
亢,1
盒,1
趨,1
瞽,1
곰,1
抄,1
ય,1
Ꮝ,1
Ꮟ,1
Ꮞ,1
ӯ,1
泪,1
झ,1
陕,1
ჰ,1
寻,1
ཙ,1
ǿ,1
羚,1
ᐅ,1
ᒥ,1
ᖕ,1
ᒪ,1
晟,1
嬛,1
책,1
淋,1
頃,1
肩,1
倒,1
妥,1
戻,1
撤,1
偶,1
裒,1
ఇ,1
拙,1
頡,1
峒,1
깨,1
彙,1
饎,1
Ժ,1
汇,1
肚,1
瀍,1
ఎ,1
凄,1
諏,1
Ὕ,1
Ջ,1
ը,1
Օ,1
색,1
웹,1
툰,1
Ĥ,1
勾,1
奨,1
腾,1
墾,1
坑,1
착,1
닮,1
聶,1
赦,1
剝,1
寮,1
煉,1
蒜,1
째,1
熲,1
瑀,1
酆,1
眇,1
傕,1
稿,1
綺,1
ઈ,1
ഒ,1
ഗ,1
ഥ,1
ⵇ,1
ఊ,1
థ,1
뢰,1
ఉ,1
鏘,1
𐎅,1
𐎄,1
𐎆,1
𒇸,1
耸,1
叟,1
馊,1
攘,1
酿,1
賚,1
峪,1
ⲡ,1
ᵊ,1
ኲ,1
ሜ,1
囂,1
웃,1
畎,1
姒,1
杼,1
佇,1
廑,1
萯,1
斧,1
豕,1
邠,1
廩,1
兇,1
뻤,1
釣,1
ḧ,1
ẍ,1
ۊ,1
ڥ,1
ؽ,1
앵,1
灼,1
佘,1
壹,1
폰,1
嚟,1
沱,1
ﻔ,1
ḃ,1
į,1
捏,1
릭,1
珮,1
ⴹ,1
谟,1
ⵃ,1
틀,1
뱅,1
춥,1
挾,1
흰,1
며,1
黛,1
팀,1
Ϋ,1
ﻫ,1
搞,1
滋,1
驴,1
订,1
翘,1
埻,1
헬,1
멧,1
꾼,1
ⵚ,1
ﭘ,1
漂,1
郟,1
郏,1
陂,1
冢,1
淹,1
Ｊ,1
Ｒ,1
俾,1
되,1
렴,1
맵,1
侑,1
厕,1
𣶒,1
ഡ,1
礻,1
畟,1
鰩,1
喾,1
墙,1
痲,1
墰,1
沧,1
澥,1
ẳ,1
犮,1
鬲,1
鶻,1
므,1
鹤,1
潢,1
崐,1
崘,1
囗,1
亖,1
犭,1
訁,1
尢,1
亅,1
쇄,1
柠,1
檬,1
Џ,1
왔,1
陟,1
ឯ,1
똥,1
찾,1
簪,1
釵,1
謎,1
辋,1
涂,1
霞,1
岞,1
쿤,1
헨,1
ሃ,1
ኩ,1
ፋ,1
檜,1
ൾ,1
ໝ,1
ಘ,1
솬,1
吒,1
圈,1
浑,1
绫,1
臂,1
闪,1
媧,1
힙,1
勖,1
큰,1
煩,1
惱,1
쉿,1
谧,1
遐,1
鞋,1
偰,1
勣,1
悱,1
缽,1
钵,1
瀾,1
涎,1
ಚ,1
崮,1
𒂍,1
𒋼,1
Ƶ,1
첼,1
咫,1
꽐,1
붐,1
贴,1
뭔,1
促,1
燏,1
缦,1
𐩢,1
𐩺,1
𐩧,1
늙,1
铃,1
鎧,1
耐,1
繇,1
薦,1
寝,1
詔,1
違,1
樋,1
鴨,1
Ꮳ,1
Ꮃ,1
Ꭹ,1
Ꮷ,1
Ꮄ,1
Ꮜ,1
Ꮕ,1
氐,1
煎,1
Ճ,1
晢,1
瑳,1
粲,1
諷,1
請,1
鄰,1
懼,1
辦,1
聪,1
奄,1
獯,1
扜,1
捐,1
ଣ,1
Ẽ,1
駰,1
ચ,1
姗,1
煊,1
晔,1
Ὂ,1
Ǹ,1
捱,1
腥,1
浔,1
鲟,1
粹,1
遯,1
碻,1
磝,1
驥,1
庾,1
盱,1
眙,1
끼,1
깜,1
奎,1
勋,1
샆,1
귈,1
披,1
몇,1
둘,1
胥,1
臾,1
ផ,1
ਧ,1
沄,1
എ,1
哉,1
惹,1
ၾ,1
璞,1
嗓,1
叮,1
嚀,1
楔,1
ϸ,1
葵,1
籤,1
拖,1
隔,1
窴,1
闐,1
ᠯ,1
ᠲ,1
ᱥ,1
ᱱ,1
ᱛ,1
ᱞ,1
ᱤ,1
揭,1
밴,1
陁,1
縛,1
싫,1
膀,1
够,1
Ẹ,1
𒈥,1
氹,1
灶,1
顥,1
圉,1
陞,1
擦,1
銮,1
쯔,1
弐,1
곱,1
딸,1
僿,1
鉉,1
ᠺ,1
ᠶ,1
냬,1
濁,1
즙,1
撈,1
윙,1
ஞ,1
𐎁,1
𐎊,1
𐎎,1
躁,1
飾,1
寓,1
谅,1
𐌲,1
𐌿,1
𐍄,1
𐍂,1
𐌶,1
𐌳,1
ᐒ,1
ဧ,1
猎,1
藕,1
睛,1
秩,1
ܨ,1
ჩ,1
卐,1
帮,1
韃,1
瀏,1
醴,1
樾,1
訣,1
嶧,1
翽,1
蕙,1
幟,1
藎,1
堃,1
鏗,1
鉞,1
燊,1
楨,1
秣,1
犁,1
貪,1
污,1
络,1
坚,1
彻,1
雁,1
ቴ,1
ዎ,1
ሉ,1
ኝ,1
룩,1
ܙ,1
耒,1
耜,1
陇,1
ހ,1
އ,1
ނ,1
ޝ,1
洹,1
휴,1
찜,1
歹,1
秃,1
颙,1
钻,1
牺,1
犧,1
艷,1
侃,1
託,1
ﻉ,1
遁,1
ጃ,1
ች,1
褘,1
ଭ,1
ଶ,1
ഴ,1
夸,1
苞,1
ﺙ,1
ﺥ,1
ﺫ,1
ﺵ,1
ﺹ,1
ﺽ,1
ﻁ,1
ﻅ,1
ﻍ,1
ﻕ,1
ﻙ,1
ﻝ,1
ﻥ,1
ﻱ,1
铉,1
ｚ,1
ϑ,1
ஷ,1
菖,1
납,1
ɚ,1
ɝ,1
峴,1
舗,1
苺,1
姊,1
餐,1
桔,1
梗,1
铮,1
湄,1
纶,1
婧,1
澀,1
涩,1
丫,1
彤,1
霈,1
瀞,1
ㄚ,1
甯,1
暐,1
ڙ,1
竑,1
顾,1
纜,1
窦,1
某,1
闼,1
汯,1
俭,1
讯,1
ಉ,1
莹,1
酗,1
Ϯ,1
ⲑ,1
ⲕ,1
翎,1
剪,1
Ĵ,1
骏,1
悶,1
ᾰ,1
ῠ,1
贯,1
Ű,1
ゾ,1
ƣ,1
鑼,1
鑔,1
鈸,1
絃,1
噯,1
逼,1
鸳,1
鸯,1
糬,1
丐,1
鈺,1
尫,1
竈,1
黍,1
ዐ,1
襪,1
鱲,1
笙,1
豬,1
衞,1
嘅,1
ӑ,1
Ӑ,1
Ӗ,1
Ҫ,1
Ӳ,1
侗,1
巛,1
扌,1
씰,1
漆,1
Ό,1
貶,1
溺,1
Ֆ,1
ថ,1
颛,1
螭,1
篪,1
濫,1
淘,1
盡,1
夠,1
萸,1
ཞ,1
詝,1
ಐ,1
𐎳,1
𐎬,1
𒅁,1
𒊏,1
𒌓,1
𒄒,1
𒉣,1
ȯ,1
Ἂ,1
孁,1
ῤ,1
箇,1
많,1
蘿,1
ತ,1
ᮖ,1
璐,1
凉,1
ẞ,1
Ź,1
ὂ,1
ὦ,1
Ṅ,1
沸,1
荇,1
镠,1
麋,1
ѧ,1
ㇺ,1
郃,1
Ẃ,1
ẃ,1
ᬚ,1
漿,1
ᐃ,1
ᒡ,1
櫛,1
늬,1
꿔,1
ᬜ,1
匂,1
酔,1
ཇ,1
뎅,1
ᴘ,1
ᴠ,1
ᴍ,1
ᴋ,1
ʙ,1
燁,1
ਣ,1
ᱡ,1
ᱨ,1
ᱠ,1
ᱚ,1
ᱸ,1
ᱰ,1
ੜ,1
ણ,1
熬,1
瀑,1
虾,1
Ǣ,1
怎,1
蹟,1
滴,1
刹,1
谦,1
넘,1
湦,1
迺,1
蠡,1
鄚,1
腰,1
硬,1
剿,1
厄,1
ﬂ,1
猜,1
饺,1
碎,1
肏,1
娇,1
碗,1
盏,1
ῐ,1
郞,1
ᬘ,1
请,1
馅,1
凍,1
蓬,1
鵜,1
략,1
𐭃,1
堰,1
媳,1
鵠,1
厗,1
獷,1
扠,1
畳,1
鯱,1
掾,1
炉,1
鈎,1
Ṡ,1
Ὄ,1
枸,1
枕,1
漕,1
鯖,1
汁,1
ἣ,1
ᮇ,1
铺,1
枢,1
炖,1
랍,1
囚,1
苔,1
ᑦ,1
ᓯ,1
ᐊ,1
绍,1
荆,1
轲,1
躰,1
驰,1
馳,1
瓶,1
辕,1
罴,1
羆,1
貔,1
貅,1
貙,1
燼,1
渝,1
鞭,1
Ｃ,1
嫘,1
疊,1
ˇ,1
窩,1
ǘ,1
跃,1
躍,1
舶,1
阖,1
闾,1
仵,1
乒,1
乓,1
ҟ,1
Ӕ,1
ӕ,1
烽,1
ཏ,1
麓,1
ﺒ,1
ﺚ,1
ἓ,1
ﺿ,1
塾,1
ꜜ,1
鏑,1
ﯾ,1
ﺲ,1
Ị,1
𒆳,1
𒄑,1
𒊒,1
ኛ,1
贏,1
ᯑ,1
ᯀ,1
ᯛ,1
ᯎ,1
ᯞ,1
ஏ,1
鍋,1
逮,1
緋,1
ਈ,1
ᬰ,1
ᬡ,1
ލ,1
芥,1
Ռ,1
碌,1
糰,1
ዜ,1
潍,1
𐤆,1
𐤕,1
鄲,1
賽,1
添,1
宦,1
懋,1
𑀩,1
𑀭,1
𑀳,1
𑀫,1
𑀤,1
𑀦,1
摶,1
箓,1
逍,1
戡,1
款,1
喃,1
酋,1
鲇,1
ᙠ,1
ധ,1
ᮮ,1
ⵊ,1
ሄ,1
鷺,1
粧,1
櫓,1
ﻓ,1
ᵘ,1
ᵃ,1
ㄊ,1
ㄠ,1
ㄩ,1
ㄒ,1
ㄧ,1
犹,1
ဉ,1
蝋,1
烛,1
携,1
ヽ,1
ヾ,1
聃,1
ฯ,1
症,1
滬,1
沪,1
紮,1
遜,1
ㄅ,1
ㄆ,1
ㄇ,1
ㄈ,1
ᯅ,1
ᯇ,1
ᯗ,1
ᯔ,1
ᯒ,1
ꦋ,1
ꧏ,1
ꦖ,1
Ｖ,1
熜,1
垕,1
堺,1
炽,1
拐,1
綢,1
绸,1
ﺋ,1
ჟ,1
ᜏ,1
ᜃ,1
ᜅ,1
ᜆ,1
ᜎ,1
罐,1
蜓,1
ϲ,1
鰲,1
侶,1
黯,1
銷,1
猟,1
樘,1
祯,1
ʍ,1
ඹ,1
弈,1
둑,1
崴,1
ḱ,1
ճ,1
藪,1
ᕿ,1
ᑭ,1
ᑖ,1
婿,1
煲,1
呔,1
ꤱ,1
ꤸ,1
ꤽ,1
ɗ,1
诌,1
ﻃ,1
鮓,1
烤,1
鸭,1
Ꮧ,1
Ꭽ,1
Ꮔ,1
Ꭷ,1
뱃,1
ኣ,1
Ḻ,1
ﻷ,1
𐌚,1
ᗐ,1
ዩ,1
ኒ,1
槐,1
臚,1
凹,1
虺,1
罰,1
毫,1
漉,1
踪,1
螢,1
匈,1
氾,1
琛,1
ꠡ,1
ꠢ,1
ꠎ,1
𐱅,1
𐰇,1
𐰼,1
𐰏,1
𐰾,1
勃,1
砵,1
詵,1
튜,1
砦,1
栖,1
賾,1
ᾆ,1
嬉,1
ṑ,1
妄,1
朵,1
戛,1
Ϣ,1
ϩ,1
숲,1
ዋ,1
ԑ,1
ҫ,1
Ĭ,1
麼,1
𐰴,1
𐰍,1
𐰣,1
桧,1
癖,1
駙,1
閎,1
鮑,1
瞫,1
賨,1
苴,1
獽,1
蜑,1
錞,1
萇,1
犢,1
驃,1
嘏,1
綏,1
騭,1
沘,1
廢,1
嫖,1
膠,1
誼,1
錯,1
蚡,1
灞,1
雉,1
郯,1
眭,1
煨,1
顗,1
𦳣,1
渙,1
彧,1
舂,1
軼,1
阜,1
鮪,1
郾,1
穐,1
ṱ,1
팝,1
禛,1
誇,1
驁,1
尝,1
瘦,1
蜚,1
骆,1
蕝,1
燎,1
鶏,1
滕,1
繫,1
陬,1
寎,1
罡,1
藺,1
綬,1
諶,1
摯,1
繹,1
绞,1
絞,1
轸,1
貳,1
鄖,1
蒍,1
樫,1
犨,1
绛,1
弗,1
畝,1
緡,1
鱓,1
ﬀ,1
篋,1
戾,1
忼,1
鉤,1
犛,1
忻,1
𓇽,1
訾,1
沐,1
剡,1
偏,1
雖,1
阙,1
誡,1
駢,1
勻,1
腑,1
ᾨ,1
ᾠ,1
鵩,1
勸,1
膺,1
罩,1
잖,1
ધ,1
ળ,1
昂,1
镗,1
逯,1
翱,1
铎,1
哷,1
瓖,1
ݘ,1
귤,1
牂,1
牁,1
ڕ,1
邈,1
諝,1
珽,1
圃,1
繚,1
撩,1
齮,1
輒,1
陉,1
瘣,1
蔥,1
鞠,1
Ћ,1
苓,1
槲,1
ϴ,1
稹,1
誨,1
諤,1
翃,1
淙,1
稔,1
蘋,1
渭,1
蕘,1
潯,1
澈,1
勍,1
泠,1
歉,1
漣,1
暉,1
溵,1
凝,1
瓚,1
璲,1
볼,1
鐐,1
濞,1
恙,1
疇,1
孰,1
霫,1
譽,1
淼,1
ಆ,1
ဓ,1
ၐ,1
ဏ,1
涞,1
粮,1
閥,1
𓂧,1
𓈙,1
𓂋,1
𓏏,1
𓋔,1
𐑆,1
𐐲,1
析,1
喰,1
葫,1
芦,1
聾,1
坎,1
틱,1
錕,1
ⱨ,1
쟈,1
텐,1
ἒ,1
ἳ,1
ଘ,1
ଥ,1
ㅘ,1
ㅙ,1
ㅝ,1
ㅞ,1
ㄲ,1
ㄸ,1
ㅃ,1
ㅗ,1
꾀,1
돕,1
ㅕ,1
ㅛ,1
ㅠ,1
쑤,1
閲,1
枫,1
挛,1
鞮,1
웰,1
빅,1
𒊩,1
𒌆,1
𒆤,1
𐩥,1
𐩵,1
怜,1
扰,1
ﬧ,1
刷,1
乳,1
値,1
俳,1
俵,1
停,1
困,1
炭,1
暖,1
沿,1
洗,1
液,1
胃,1
皿,1
穴,1
筋,1
翌,1
肺,1
芽,1
票,1
昼,1
寫,1
屆,1
欠,1
毎,1
淺,1
窗,1
窓,1
辞,1
蟲,1
巣,1
効,1
愿,1
侧,1
伤,1
貧,1
贫,1
势,1
鸣,1
执,1
妇,1
宪,1
层,1
灾,1
帳,1
帐,1
态,1
慣,1
惯,1
损,1
敌,1
题,1
构,1
标,1
減,1
减,1
测,1
渔,1
確,1
积,1
杀,1
竞,1
细,1
绢,1
綿,1
绵,1
编,1
縮,1
缩,1
绩,1
买,1
养,1
脉,1
腸,1
肠,1
複,1
访,1
评,1
認,1
认,1
误,1
调,1
课,1
议,1
败,1
貸,1
贷,1
貯,1
贮,1
貿,1
资,1
賃,1
赁,1
输,1
选,1
针,1
铜,1
顶,1
預,1
预,1
饮,1
飼,1
饲,1
単,1
严,1
価,1
劳,1
賣,1
卖,1
盐,1
擴,1
扩,1
拡,1
擧,1
樱,1
殼,1
壳,1
歳,1
粛,1
龟,1
亀,1
繪,1
绘,1
续,1
绿,1
緑,1
缘,1
绳,1
绝,1
縱,1
縦,1
纖,1
纤,1
繊,1
臟,1
覧,1
頰,1
颊,1
頬,1
譯,1
译,1
读,1
赞,1
賛,1
遞,1
逓,1
鑛,1
礦,1
矿,1
鉱,1
鋭,1
鑄,1
铸,1
鋳,1
鍊,1
炼,1
驿,1
驱,1
駆,1
验,1
験,1
侮,1
免,1
喝,1
塀,1
慨,1
憎,1
懲,1
褐,1
謁,1
贈,1
丿,1
ĵ,1
쿠,1
닐,1
펄,1
斜,1
蛊,1
譬,1
兽,1
陷,1
戕,1
夺,1
聊,1
穷,1
窘,1
贼,1
枪,1
旷,1
雌,1
惧,1
还,1
蚊,1
祸,1
롬,1
濂,1
隘,1
遏,1
帅,1
舵,1
𐎡,1
𐎹,1
艇,1
왓,1
羂,1
渣,1
喊,1
吃,1
Ӧ,1
烫,1
嫩,1
倶,1
筍,1
茭,1
ℰ,1
켓,1
펀,1
滾,1
簧,1
蚌,1
Ĉ,1
崛,1
Ἇ,1
ἇ,1
Ἧ,1
ἧ,1
Ἷ,1
Ὗ,1
쓰,1
廕,1
揖,1
맘,1
𐤊,1
𐤎,1
腿,1
藻,1
ৱ,1
鋹,1
萨,1
么,1
핫,1
扛,1
鲲,1
郢,1
樛,1
儋,1
謐,1
鍼,1
බ,1
蹇,1
𐤀,1
壯,1
ቢ,1
粍,1
脱,1
ϐ,1
驕,1
訇,1
梶,1
𐡏,1
麝,1
薫,1
梢,1
﨑,1
辻,1
稀,1
猶,1
粋,1
繭,1
曠,1
籾,1
隅,1
凜,1
Ë,1
择,1
ṟ,1
ጻ,1
ጪ,1
ѹ,1
該,1
謬,1
愐,1
呉,1
閤,1
붕,1
辅,1
膏,1
틸,1
샌,1
패,1
澧,1
隽,1
晰,1
짜,1
땅,1
甕,1
谕,1
ឃ,1
ឌ,1
𐭀,1
𐭔,1
𐭊,1
ҷ,1
隷,1
淛,1
漸,1
浚,1
璵,1
瞾,1
曌,1
窣,1
慘,1
馀,1
仆,1
貌,1
做,1
𐭠,1
𐭮,1
ѷ,1
𐊓,1
𐊆,1
𐊜,1
𐊁,1
𐊅,1
𐊕,1
및,1
ṙ,1
码,1
옌,1
糠,1
擎,1
𒄠,1
筬,1
ཌ,1
颐,1
埃,1
俄,1
凘,1
炀,1
𒊓,1
𒈠,1
𒉌,1
𒋛,1
𒊍,1
𒆴,1
𒅋,1
𒄩,1
𒂊,1
𒁍,1
𒀫,1
𒀸,1
𒋩,1
𒋾,1
𒊑,1
𒍑,1
𒉿,1
𒀕,1
𒀔,1
𒋢,1
𐭇,1
칸,1
煜,1
潇,1
缥,1
缈,1
ڻ,1
겟,1
驻,1
駐,1
뿔,1
랐,1
Ḵ,1
喆,1
댄,1
兪,1
샐,1
ᠦ,1
ᠷ,1
斑,1
誘,1
ꀕ,1
剋,1
酈,1
頹,1
Ӷ,1
ӷ,1
佔,1
壠,1
杠,1
拏,1
懶,1
锣,1
珂,1
秺,1
駟,1
娡,1
Ŝ,1
伶,1
剱,1
