e,27155834
i,26361072
a,25663876
o,21026467
n,17341768
l,15958127
t,15735682
r,15083267
s,11323419
c,9617252
d,9327353
u,7195903
p,6155964
m,5900494
g,3915292
v,3404166
f,2485252
z,2252990
h,1973053
b,1944576
q,762160
I,708074
S,665646
C,623946
A,575358
L,564198
è,479314
à,464100
P,459595
M,456280
N,348403
G,332083
B,323767
D,318000
ò,311947
T,293990
R,290630
F,266820
k,245401
y,231312
V,226285
E,205964
ù,194738
O,143038
U,137880
w,124561
H,120862
ì,109586
é,97263
J,84675
W,81132
Q,72830
K,72428
X,71987
x,67089
j,43107
È,27487
Z,26850
Y,24009
º,17547
ó,9856
á,9018
ā,8070
ü,7634
í,6986
ª,6727
ö,5928
ō,4992
č,4232
ä,3803
š,3650
ñ,3374
É,3213
ë,3184
ī,2999
α,2836
ç,2738
ū,2293
ú,2086
ο,2083
ʿ,1936
ô,1738
ν,1699
ć,1671
â,1594
ς,1568
ρ,1538
τ,1427
ι,1403
ø,1348
а,1346
ε,1330
ž,1203
λ,1155
о,1145
σ,1084
и,1046
ł,1043
Š,1018
μ,1014
ê,1011
Č,1000
ã,972
е,958
π,951
κ,922
æ,911
ß,877
н,783
р,750
ṣ,724
γ,722
Á,695
β,674
ś,669
ḥ,668
с,667
ð,654
т,636
î,634
ă,630
δ,618
ό,602
ί,585
к,585
ṇ,570
ń,544
в,535
η,528
υ,519
å,519
ά,517
θ,506
ω,506
Ž,488
л,486
Ö,470
ș,449
û,437
ṭ,426
ı,424
έ,421
φ,400
д,400
י,392
ē,390
ï,384
ו,355
Ś,355
ý,351
Ō,350
ا,342
ה,336
ύ,325
χ,320
Å,319
ě,313
µ,311
ή,305
ḍ,305
м,302
Ḥ,300
у,295
ş,293
ʾ,290
я,274
Î,270
п,266
ṃ,249
ę,242
œ,242
ğ,241
ə,235
Ā,234
ل,233
ё,229
ר,228
г,224
ř,224
б,223
א,221
Ø,210
Δ,205
Đ,203
ṛ,203
Ó,197
ǫ,193
ל,192
й,191
À,189
ա,185
ˈ,182
ر,181
ː,178
ས,177
ש,177
מ,175
з,168
ь,164
ἀ,162
ő,157
ב,154
ė,153
ར,151
ת,149
བ,146
ż,146
Æ,145
ч,144
Ü,140
ŭ,140
õ,139
С,138
ц,137
ệ,137
ي,136
ξ,136
མ,133
م,133
ǎ,126
ὶ,125
ы,123
ب,123
ἐ,123
ą,122
Π,121
ག,120
Ω,120
ṅ,116
ш,114
ད,113
ན,112
ن,111
ň,111
Σ,109
đ,108
Κ,107
ד,107
Α,107
Ḫ,104
و,103
נ,102
ῦ,102
ῖ,102
र,101
ψ,100
Ç,99
Ė,96
ɛ,95
Ṭ,95
М,94
ם,92
Ṣ,92
大,92
Μ,91
Ł,90
ǐ,90
Ú,89
教,89
ն,89
ț,88
ע,88
ώ,88
ո,88
В,86
པ,84
Φ,83
د,82
פ,82
ъ,82
Í,82
К,81
ῶ,81
Б,81
道,81
х,80
Þ,80
Λ,79
ة,79
ང,79
П,79
ὸ,79
ḫ,78
ζ,78
ե,78
འ,77
þ,77
ק,76
ǔ,76
宗,76
А,75
ལ,75
ŏ,74
س,74
ж,74
म,73
ր,72
Ī,70
ĕ,69
Г,69
ź,69
Р,68
ח,68
ס,68
ἰ,67
त,66
Ä,65
ὐ,65
ɔ,65
ן,65
न,65
Н,64
ĭ,64
כ,64
И,62
Т,62
ÿ,62
Д,59
ق,58
ἄ,57
ʲ,57
ج,56
ј,56
日,55
法,54
Ṛ,54
ɪ,54
国,54
ג,54
य,54
Ι,52
ὰ,51
Ş,51
Θ,50
ħ,50
ῆ,48
Ε,48
天,48
三,48
О,47
İ,47
ŋ,47
ɑ,47
ւ,47
Ν,46
ع,46
Β,46
ˁ,45
Ż,45
ὀ,45
Ș,45
Τ,45
ཆ,45
स,44
Ο,44
ủ,44
ю,43
一,43
Γ,42
ग,42
ت,42
ʃ,42
Ū,42
Â,42
Ð,42
ح,41
ه,41
ἑ,41
經,41
ज,41
і,40
व,40
Л,40
Œ,40
子,40
ཀ,40
щ,39
本,39
山,39
प,39
ẓ,38
武,38
北,37
ʻ,37
տ,37
ի,37
寺,36
ʌ,36
յ,36
ս,36
մ,36
Χ,35
Ñ,35
ἔ,35
ф,35
ſ,35
行,35
ー,34
朝,34
կ,34
中,34
太,33
У,33
十,33
ễ,33
南,32
ţ,32
Ἀ,32
ὄ,32
ṟ,32
田,31
Е,31
क,31
ल,31
ὲ,31
佛,31
の,31
ὴ,30
神,30
أ,30
צ,30
द,30
正,30
ộ,30
文,30
ἴ,30
ľ,30
ז,30
ế,30
ف,29
ز,29
会,29
字,29
安,29
ů,28
禅,28
ह,28
Ρ,28
ン,27
公,27
Ф,27
Ô,27
Х,27
э,27
家,27
ạ,27
ὑ,26
ḗ,26
ی,26
ﬁ,26
ك,26
ǧ,25
ʼ,25
ϕ,25
Я,25
地,24
ņ,24
二,24
خ,24
五,24
Ш,24
Ŏ,24
Ψ,24
京,24
ơ,24
無,24
ཚ,24
ט,24
東,23
林,23
ṯ,23
ⴰ,23
ཕ,23
ش,23
人,23
金,23
ध,23
ք,23
ḏ,23
ὁ,22
ط,22
Ч,22
四,22
ǒ,22
羅,22
ἕ,22
王,22
ἱ,22
ʊ,22
ǜ,22
蓮,22
ť,21
城,21
台,21
ण,21
海,21
ὕ,21
Ц,21
Ъ,21
上,21
元,21
ɣ,20
ʰ,20
ῥ,20
ი,20
Ж,20
民,20
漢,20
Ἄ,20
氣,20
ब,20
ス,20
վ,20
ཏ,20
গ,20
慧,20
千,19
り,19
ル,19
明,19
ὺ,19
भ,19
З,19
論,19
Ē,19
和,19
ʁ,19
Ĕ,19
Ά,19
星,19
Ἐ,18
市,18
ġ,18
ص,18
ა,18
長,18
Ь,18
傳,18
阿,18
դ,18
ἡ,18
川,18
ư,18
華,18
য,18
智,18
坐,18
茶,18
学,17
Ἰ,17
小,17
Ć,17
Ì,17
ئ,17
ʒ,17
ˌ,17
ἶ,17
之,17
歌,17
ռ,17
月,17
心,17
帝,17
Ŭ,17
জ,17
な,17
新,16
区,16
श,16
花,16
Ò,16
士,16
ѣ,16
州,16
ց,16
զ,16
շ,16
リ,16
拳,16
皇,16
ả,16
𐤅,16
ϊ,15
ῷ,15
ཁ,15
ᾶ,15
ء,15
ɾ,15
八,15
汉,15
Ю,15
龍,15
伽,15
Հ,15
ũ,15
成,15
ә,15
ḷ,15
玄,15
學,15
ϝ,15
ত,15
ồ,15
ך,15
念,15
る,15
觀,15
າ,15
ћ,14
西,14
ỉ,14
村,14
手,14
Η,14
光,14
江,14
義,14
ト,14
白,14
野,14
极,14
ཡ,14
ব,14
聖,14
頭,14
時,14
仙,13
空,13
名,13
司,13
Ț,13
ȟ,13
ө,13
史,13
Э,13
部,13
ɨ,13
պ,13
բ,13
清,13
書,13
い,13
ष,13
堂,13
生,13
ཟ,13
摩,13
禪,13
平,12
下,12
國,12
ʺ,12
ນ,12
ῳ,12
香,12
ཐ,12
ﺍ,12
同,12
ὅ,12
河,12
Ы,12
Υ,12
僧,12
ϑ,12
ɫ,12
ⵉ,12
հ,12
ղ,12
ـ,12
記,12
ア,12
Ῥ,12
ক,12
信,12
ཙ,12
ậ,12
師,12
密,12
ầ,12
飛,12
ʦ,12
陀,12
𐤉,12
牛,11
タ,11
合,11
Ù,11
ʔ,11
ク,11
گ,11
社,11
ک,11
љ,11
世,11
经,11
高,11
ɹ,11
ἷ,11
Щ,11
郎,11
藏,11
木,11
ミ,11
ラ,11
գ,11
ծ,11
刀,11
宮,11
ΐ,11
カ,11
ল,11
分,11
র,11
前,11
少,11
律,11
土,11
経,11
目,11
ʂ,11
方,10
達,10
都,10
ん,10
治,10
事,10
ཞ,10
ĝ,10
Ὀ,10
إ,10
ວ,10
ງ,10
ະ,10
ὔ,10
ὃ,10
Ј,10
آ,10
ṡ,10
九,10
シ,10
Ë,10
Ё,10
լ,10
խ,10
礼,10
紀,10
ấ,10
圓,10
ʷ,10
ὼ,10
妙,10
吉,10
হ,10
ম,10
ন,10
门,10
門,10
黃,10
立,10
仏,10
ま,9
し,9
通,9
რ,9
غ,9
御,9
式,9
ļ,9
音,9
ュ,9
流,9
ɲ,9
百,9
다,9
Й,9
は,9
珠,9
主,9
ṁ,9
會,9
ἅ,9
թ,9
古,9
術,9
す,9
ⵜ,9
オ,9
銀,9
ң,9
切,9
东,9
唐,9
ˤ,9
コ,9
石,9
ď,9
易,9
休,9
利,9
普,9
と,9
春,9
ཇ,9
能,9
Ў,9
儒,9
ף,9
ẖ,9
入,9
ề,9
话,9
代,8
線,8
院,8
ї,8
ű,8
ḳ,8
ப,8
ⵔ,8
ɡ,8
路,8
限,8
宿,8
Õ,8
ร,8
官,8
Ἑ,8
ɒ,8
六,8
七,8
万,8
传,8
派,8
真,8
ϰ,8
ض,8
І,8
波,8
ẹ,8
後,8
ꜣ,8
族,8
原,8
親,8
年,8
老,8
ờ,8
ʧ,8
ố,8
女,8
角,8
Έ,8
秀,8
拉,8
ữ,8
ड,8
ཤ,8
Ћ,8
ȣ,8
є,8
理,8
卦,8
ḇ,8
島,8
อ,8
不,8
周,8
Ĭ,8
座,8
楞,8
忍,8
融,8
止,8
臨,8
ꞌ,8
च,8
𐤄,8
ʨ,8
青,7
葉,7
秋,7
か,7
港,7
自,7
孔,7
长,7
한,7
구,7
Ḍ,7
ẽ,7
特,7
ნ,7
თ,7
ო,7
Ď,7
ﻭ,7
ﻱ,7
尊,7
壁,7
界,7
阳,7
康,7
案,7
अ,7
ἠ,7
谷,7
ロ,7
美,7
Ս,7
փ,7
雄,7
ῇ,7
Ľ,7
አ,7
フ,7
イ,7
ド,7
ﻴ,7
李,7
ĩ,7
广,7
我,7
如,7
Ζ,7
陈,7
興,7
ỳ,7
豊,7
裏,7
马,7
あ,7
ứ,7
集,7
德,7
玉,7
স,7
言,7
志,7
き,7
陽,7
ĳ,7
ジ,7
般,7
気,7
鴻,7
善,7
寶,7
蔵,7
ị,7
に,7
お,7
声,7
ລ,7
ŝ,7
ʆ,7
熊,7
ọ,7
ỹ,7
ẩ,7
қ,6
け,6
ガ,6
工,6
Ό,6
ђ,6
豆,6
ῃ,6
ų,6
க,6
Ө,6
ү,6
ე,6
ナ,6
泰,6
表,6
ȝ,6
株,6
ʤ,6
њ,6
解,6
零,6
가,6
可,6
라,6
ќ,6
ḱ,6
虎,6
体,6
Ί,6
車,6
پ,6
姫,6
ʀ,6
ǃ,6
Ա,6
永,6
Ἔ,6
ὖ,6
船,6
ⵎ,6
ἁ,6
品,6
ὠ,6
令,6
ᾰ,6
ˑ,6
政,6
語,6
ɐ,6
見,6
剣,6
架,6
重,6
थ,6
ĺ,6
ى,6
向,6
徳,6
府,6
詩,6
て,6
Ґ,6
間,6
君,6
唯,6
基,6
然,6
チ,6
ព,6
性,6
彌,6
化,6
ば,6
グ,6
उ,6
區,6
灌,6
弘,6
顗,6
頂,6
宏,6
无,6
ℓ,6
垣,6
話,6
រ,6
ជ,6
ຊ,6
ধ,6
ভ,6
抄,6
爻,6
ʈ,6
保,5
当,5
鉄,5
统,5
科,5
量,5
ἤ,5
Ţ,5
腐,5
麻,5
ģ,5
Ἁ,5
ṉ,5
蘇,5
ხ,5
ვ,5
ッ,5
ⵣ,5
鐵,5
有,5
ก,5
福,5
乐,5
Ê,5
口,5
阴,5
母,5
曲,5
고,5
句,5
麗,5
濟,5
니,5
ง,5
内,5
湖,5
草,5
錄,5
ཅ,5
悟,5
耶,5
ƒ,5
ذ,5
ὦ,5
ウ,5
マ,5
力,5
ョ,5
甲,5
ճ,5
և,5
Մ,5
ը,5
ⵏ,5
ﻟ,5
連,5
左,5
竺,5
ம,5
ピ,5
壽,5
風,5
ĵ,5
ट,5
华,5
ὡ,5
ץ,5
馬,5
ụ,5
う,5
も,5
ổ,5
儀,5
孫,5
越,5
ϳ,5
Ź,5
ல,5
形,5
物,5
满,5
间,5
敬,5
祖,5
报,5
书,5
舍,5
先,5
ث,5
題,5
エ,5
故,5
毛,5
磨,5
ঙ,5
ภ,5
火,5
提,5
影,5
Ę,5
Ą,5
相,5
季,5
舞,5
遠,5
대,5
隆,5
步,5
宣,5
ॐ,5
丹,5
记,5
ѡ,5
嚴,5
澄,5
雲,5
剛,5
観,5
庵,5
済,5
澳,5
や,5
ក,5
ທ,5
ત,5
た,5
蔣,5
貓,5
Ř,5
若,5
ɕ,5
臺,4
作,4
伊,4
こ,4
取,4
与,4
국,4
공,4
宇,4
ợ,4
ई,4
ₚ,4
ₛ,4
皮,4
ϟ,4
த,4
시,4
ອ,4
ს,4
უ,4
მ,4
დ,4
ニ,4
ⴷ,4
テ,4
ﺏ,4
ﺩ,4
Ẓ,4
Ġ,4
身,4
ȳ,4
Ħ,4
ṑ,4
想,4
秦,4
来,4
首,4
부,4
수,4
典,4
사,4
夫,4
려,4
신,4
ต,4
џ,4
ѝ,4
အ,4
ဝ,4
ဂ,4
လ,4
梵,4
網,4
亭,4
朱,4
ℕ,4
円,4
ダ,4
督,4
松,4
ջ,4
Դ,4
源,4
淡,4
𐤀,4
ŵ,4
ᾳ,4
ἥ,4
吴,4
陵,4
多,4
臣,4
養,4
ɖ,4
Ἱ,4
ؤ,4
Ү,4
ṓ,4
ர,4
ゴ,4
ख,4
ペ,4
Կ,4
Ϝ,4
Ȝ,4
ञ,4
厘,4
ĉ,4
语,4
Ἥ,4
宝,4
良,4
Ὠ,4
ʎ,4
ら,4
み,4
ˇ,4
れ,4
紹,4
織,4
居,4
布,4
ど,4
が,4
ớ,4
者,4
喜,4
順,4
ʏ,4
Ĝ,4
Ń,4
水,4
萨,4
鬼,4
童,4
烏,4
商,4
罗,4
全,4
ὤ,4
ḕ,4
佐,4
衛,4
薩,4
Ꙗ,4
創,4
思,4
知,4
綱,4
ำ,4
ェ,4
Ĉ,4
楽,4
ﺎ,4
キ,4
開,4
芸,4
ስ,4
ቀ,4
Ḷ,4
毘,4
淨,4
識,4
諦,4
昭,4
曇,4
續,4
節,4
浄,4
鶴,4
孝,4
を,4
雨,4
宋,4
ម,4
ປ,4
ດ,4
ظ,4
ⵍ,4
靖,4
ʣ,4
藤,4
ẵ,4
आ,4
菩,4
ḵ,4
ር,4
ム,4
へ,4
ȍ,4
面,4
ʥ,4
เ,4
Ǻ,3
沖,3
震,3
屋,3
園,3
幹,3
ベ,3
系,3
技,3
外,3
局,3
주,3
航,3
ʹ,3
乾,3
Ï,3
ຽ,3
ຈ,3
შ,3
ქ,3
ც,3
ⴻ,3
ﺕ,3
ﺭ,3
ﻑ,3
ﻝ,3
ﻥ,3
ม,3
業,3
ǝ,3
ċ,3
ԓ,3
訓,3
乙,3
ㄸ,3
훈,3
민,3
ㅇ,3
ɯ,3
萬,3
來,3
ブ,3
熙,3
许,3
慎,3
说,3
竹,3
詞,3
鼓,3
여,3
까,3
이,3
도,3
で,3
つ,3
び,3
列,3
奇,3
紅,3
铁,3
共,3
団,3
モ,3
Ő,3
プ,3
振,3
張,3
濃,3
Փ,3
Ժ,3
Լ,3
ɦ,3
ɴ,3
讃,3
岐,3
宅,3
ﻠ,3
慶,3
輪,3
ŷ,3
巻,3
果,3
ᐃ,3
樺,3
头,3
ச,3
ⴳ,3
კ,3
レ,3
ち,3
淳,3
ῡ,3
战,3
隋,3
強,3
丘,3
Ἅ,3
郡,3
那,3
満,3
室,3
Ἴ,3
え,3
黑,3
庭,3
劲,3
Ύ,3
ґ,3
ऋ,3
Ξ,3
っ,3
ネ,3
半,3
極,3
ἒ,3
Ť,3
哀,3
兵,3
鴎,3
প,3
দ,3
ừ,3
伯,3
ắ,3
杜,3
至,3
結,3
ཨ,3
訶,3
ཉ,3
ཛ,3
Ђ,3
Љ,3
Њ,3
登,3
賀,3
ў,3
愛,3
情,3
Ѧ,3
ハ,3
诗,3
邪,3
协,3
出,3
胡,3
巴,3
里,3
命,3
灵,3
救,3
度,3
在,3
槍,3
端,3
梅,3
黄,3
回,3
ғ,3
ট,3
翁,3
湛,3
眞,3
삼,3
상,3
割,3
略,3
播,3
င,3
Є,3
ຕ,3
比,3
男,3
靈,3
賢,3
持,3
电,3
バ,3
ܪ,3
ܐ,3
微,3
ィ,3
鳥,3
ķ,3
辞,3
要,3
ﺸ,3
ɬ,3
雪,3
段,3
英,3
ተ,3
መ,3
灣,3
ባ,3
ሪ,3
仁,3
則,3
嵩,3
實,3
관,3
攝,3
乘,3
最,3
審,3
鸞,3
惠,3
育,3
資,3
閣,3
迹,3
久,3
朗,3
戸,3
価,3
楊,3
隠,3
只,3
打,3
動,3
洛,3
斗,3
私,3
賞,3
さ,3
め,3
𐌱,3
𐍉,3
墨,3
ʐ,3
亂,3
ȋ,3
በ,3
ራ,3
ፍ,3
ເ,3
ມ,3
ʽ,3
足,3
腹,3
近,3
俳,3
床,3
獨,3
关,3
ຣ,3
ヤ,3
申,3
ŕ,3
菲,3
শ,3
Ċ,3
冬,3
ノ,3
ว,3
า,3
折,3
雛,3
ɽ,3
ャ,3
闘,3
ɘ,3
旦,3
ひ,3
堀,3
侘,3
棋,3
碁,3
並,2
鳴,2
丸,2
祭,2
餅,2
定,2
営,2
副,2
원,2
韓,2
究,2
荳,2
蛋,2
Ḳ,2
ﬂ,2
इ,2
別,2
ຄ,2
ຫ,2
ᾧ,2
ლ,2
パ,2
ߊ,2
メ,2
ਦ,2
ﺙ,2
Ğ,2
ﺝ,2
ﺡ,2
ﺥ,2
ﺫ,2
ﺯ,2
ﺱ,2
ﺵ,2
ﺹ,2
ﺽ,2
ﻁ,2
ﻅ,2
ﻉ,2
ﻍ,2
ﻕ,2
ﻙ,2
ﻡ,2
ﻩ,2
ằ,2
翔,2
研,2
ḑ,2
ȫ,2
ŗ,2
ﺮ,2
ะ,2
ด,2
判,2
个,2
梦,2
個,2
夢,2
Ĥ,2
ㅁ,2
ㄱ,2
ㄲ,2
ㄹ,2
今,2
ㅉ,2
정,2
음,2
해,2
ㅡ,2
双,2
加,2
及,2
자,2
백,2
제,2
스,2
먹,2
하,2
ㅂ,2
습,2
아,2
트,2
ค,2
ѐ,2
Ҍ,2
Ѣ,2
𒂗,2
မ,2
ခ,2
ရ,2
ယ,2
합,2
기,2
俠,2
隱,2
娘,2
客,2
臥,2
侠,2
趙,2
蜀,2
因,2
葛,2
云,2
頓,2
घ,2
住,2
Ἦ,2
町,2
ケ,2
ズ,2
Ḕ,2
Ӧ,2
ӧ,2
尾,2
摂,2
津,2
ῠ,2
ⵊ,2
Ἡ,2
ɥ,2
է,2
刺,2
闽,2
连,2
落,2
備,2
予,2
𐤃,2
𐤓,2
ᾴ,2
ⴵ,2
Ὁ,2
ˀ,2
ﻌ,2
勲,2
等,2
以,2
癸,2
卒,2
巳,2
የ,2
ክ,2
戦,2
騎,2
ỏ,2
ᓄ,2
ᑦ,2
歩,2
Ὑ,2
ǵ,2
せ,2
廣,2
柿,2
Ŋ,2
Ŧ,2
ŧ,2
ﻣ,2
ﻜ,2
ﻞ,2
ṙ,2
Ե,2
央,2
交,2
Җ,2
һ,2
오,2
ῑ,2
Ƿ,2
ള,2
Ĳ,2
省,2
直,2
别,2
庄,2
依,2
慮,2
餘,2
粤,2
藝,2
艾,2
奥,2
ɵ,2
吾,2
蜈,2
ᾷ,2
ὧ,2
笠,2
Ķ,2
棒,2
ἦ,2
𒀭,2
ژ,2
套,2
气,2
崎,2
ΰ,2
将,2
雀,2
魔,2
編,2
橋,2
瓶,2
毫,2
板,2
卫,2
岑,2
陳,2
純,2
ङ,2
肥,2
縣,2
懷,2
寧,2
昇,2
關,2
װ,2
霊,2
延,2
活,2
ठ,2
敦,2
衍,2
靑,2
蒂,2
贯,2
Ṙ,2
ǖ,2
ⲁ,2
禺,2
番,2
灰,2
ꙗ,2
வ,2
指,2
俗,2
仰,2
毕,2
苯,2
腾,2
格,2
巫,2
仪,2
孟,2
圣,2
精,2
祕,2
秘,2
異,2
场,2
慈,2
怛,2
爾,2
徒,2
兰,2
蒙,2
师,2
功,2
Қ,2
ȓ,2
黎,2
법,2
章,2
ゼ,2
伝,2
説,2
ﻔ,2
성,2
Џ,2
Ќ,2
龙,2
බ,2
ක,2
Ѥ,2
ѥ,2
Ѓ,2
Ї,2
Ѕ,2
ກ,2
ᚦ,2
羽,2
ញ,2
비,2
ỷ,2
ษ,2
尼,2
常,2
陸,2
断,2
袖,2
癖,2
桃,2
兄,2
戀,2
璃,2
支,2
婚,2
姻,2
Ὅ,2
ܡ,2
ܝ,2
Ѱ,2
ὂ,2
機,2
超,2
璇,2
虹,2
的,2
笑,2
づ,2
横,2
過,2
표,2
录,2
銃,2
ᵃ,2
貿,2
劉,2
紙,2
岳,2
历,2
坤,2
艮,2
势,2
开,2
萍,2
ﺣ,2
ṝ,2
禮,2
起,2
ἵ,2
ⵛ,2
兒,2
當,2
难,2
總,2
雜,2
敗,2
仔,2
ሕ,2
味,2
暦,2
柔,2
階,2
戒,2
脈,2
倶,2
頌,2
奘,2
導,2
혜,2
肇,2
심,2
祥,2
棲,2
경,2
初,2
壇,2
示,2
靜,2
景,2
燈,2
便,2
寂,2
鑑,2
招,2
楼,2
瑜,2
末,2
実,2
佼,2
牧,2
栄,2
杲,2
溪,2
建,2
覚,2
曹,2
洞,2
管,2
虚,2
尺,2
覺,2
弥,2
黒,2
照,2
離,2
沢,2
苑,2
劔,2
跋,2
稠,2
藍,2
衒,2
碧,2
巖,2
漫,2
画,2
威,2
어,2
फ,2
釜,2
燃,2
氏,2
球,2
𐌻,2
𐍄,2
𐌰,2
迁,2
韩,2
偏,2
ɤ,2
象,2
使,2
ណ,2
ច,2
ⴽ,2
𐤕,2
ማ,2
ຂ,2
ບ,2
ગ,2
જ,2
ર,2
べ,2
ⵕ,2
ḡ,2
ए,2
刃,2
恩,2
報,2
纸,2
體,2
絕,2
是,2
舉,2
望,2
酌,2
遊,2
歡,2
ⵖ,2
ⵡ,2
窦,2
森,2
刘,2
譜,2
瑞,2
介,2
軍,2
ʘ,2
絵,2
勤,2
戰,2
ⁿ,2
仕,2
ܠ,2
看,2
ĥ,2
素,2
問,2
樞,2
媛,2
Ǧ,2
ヒ,2
注,2
猫,2
ѧ,2
ﻋ,2
ﻮ,2
竇,2
頼,2
盛,2
護,2
柱,2
鏡,2
薄,2
ণ,2
উ,2
চ,2
房,2
条,2
ᗅ,2
蜜,2
第,2
規,2
わ,2
ự,2
Ŝ,2
矢,2
用,2
ល,2
ท,2
午,2
ʱ,2
ኣ,2
Ṡ,2
諜,2
夜,2
蝶,2
意,2
ӡ,2
紫,2
助,2
ٱ,2
ﻓ,2
透,2
岡,2
坂,2
ʑ,2
阪,2
為,2
爐,2
飩,2
弈,2
ヘ,2
ビ,2
ワ,2
膚,2
ặ,2
恋,1
唄,1
洋,1
敷,1
鳳,1
輿,1
ず,1
だ,1
笹,1
ぼ,1
匂,1
灯,1
综,1
计,1
划,1
程,1
质,1
항,1
우,1
연,1
宙,1
硏,1
Ή,1
赤,1
麦,1
嫩,1
婆,1
辣,1
ڑ,1
ڙ,1
苔,1
鑄,1
특,1
별,1
ὗ,1
ბ,1
ძ,1
ტ,1
ソ,1
ⵢ,1
ߓ,1
ߡ,1
ߞ,1
ߐ,1
ਨ,1
ਵ,1
ਲ,1
陕,1
ỗ,1
擂,1
ℵ,1
締,1
役,1
飯,1
Ἶ,1
Ǟ,1
ǟ,1
Ḑ,1
Ļ,1
Ņ,1
Ȯ,1
ȯ,1
Ȱ,1
ȱ,1
Ȫ,1
Ȭ,1
ȭ,1
Ŗ,1
Ȳ,1
ﺷ,1
ῤ,1
贔,1
屓,1
ㅋ,1
을,1
를,1
ㅈ,1
ㅅ,1
吃,1
ㅳ,1
ㅶ,1
ㅾ,1
ㅺ,1
ㅻ,1
ㅥ,1
ㄴ,1
ㅼ,1
ᄱ,1
ᄂ,1
ᄆ,1
例,1
례,1
ㄳ,1
ㅄ,1
ㄵ,1
ㄶ,1
ㄺ,1
ㄽ,1
ㄾ,1
ㅀ,1
ㄼ,1
ㄿ,1
ㄻ,1
앖,1
ㅢ,1
ㅣ,1
쌍,1
雙,1
髙,1
镐,1
笋,1
笙,1
筷,1
箱,1
箩,1
笼,1
算,1
筝,1
竿,1
欠,1
유,1
행,1
곡,1
價,1
吧,1
跟,1
艅,1
ㅆ,1
뉴,1
감,1
싸,1
맣,1
요,1
컴,1
퓨,1
터,1
벤,1
토,1
락,1
호,1
프,1
르,1
바,1
닥,1
ธ,1
ไ,1
Ӓ,1
ӓ,1
Ӣ,1
ӣ,1
Ӆ,1
ӆ,1
Ӎ,1
ӎ,1
Ӊ,1
ӊ,1
Ӈ,1
ӈ,1
Ҏ,1
ҏ,1
ҍ,1
Ӭ,1
ӭ,1
ˊ,1
鞘,1
勝,1
𒆠,1
く,1
န,1
က,1
ဗ,1
ည,1
သ,1
ဟ,1
ဠ,1
姿,1
游,1
聶,1
荆,1
虬,1
髯,1
煥,1
還,1
樓,1
剑,1
蘆,1
葦,1
幻,1
钱,1
镖,1
鹤,1
郑,1
证,1
鹰,1
爪,1
贞,1
杀,1
碑,1
诸,1
萧,1
逸,1
승,1
나,1
穌,1
ϱ,1
ᾆ,1
錫,1
侯,1
議,1
藩,1
피,1
카,1
츄,1
ポ,1
撮,1
亀,1
斐,1
駿,1
𝐈,1
Բ,1
ժ,1
Ք,1
Ո,1
Ռ,1
ձ,1
Ղ,1
候,1
银,1
𐤂,1
ʋ,1
印,1
ﻘ,1
Ἆ,1
偃,1
継,1
稗,1
條,1
坊,1
従,1
位,1
侶,1
亥,1
ሱ,1
ም,1
ሐ,1
ው,1
ል,1
ት,1
ァ,1
杖,1
Ý,1
ᒡ,1
ᓗ,1
汕,1
痛,1
快,1
進,1
ற,1
ユ,1
贵,1
树,1
ゃ,1
ギ,1
消,1
防,1
隊,1
耿,1
昌,1
閎,1
梁,1
瓚,1
Է,1
չ,1
户,1
農,1
Ә,1
җ,1
Ң,1
Һ,1
Ϡ,1
Ϟ,1
ᾱ,1
ῐ,1
ϡ,1
ϛ,1
錢,1
ക,1
ര,1
辖,1
慕,1
漱,1
尉,1
仇,1
沃,1
沮,1
졸,1
본,1
扶,1
남,1
强,1
粵,1
餓,1
裔,1
屹,1
憶,1
譯,1
懿,1
誼,1
肄,1
翳,1
邑,1
佚,1
啦,1
们,1
哋,1
拼,1
瓜,1
吳,1
梧,1
郚,1
浯,1
唔,1
嘸,1
装,1
Ȟ,1
ἳ,1
ἂ,1
조,1
선,1
동,1
ʝ,1
犬,1
脊,1
珂,1
々,1
猪,1
ẞ,1
Ἵ,1
Ṯ,1
構,1
术,1
螳,1
螂,1
𒍪,1
𒀊,1
𒇉,1
沟,1
發,1
缠,1
丝,1
发,1
图,1
推,1
吊,1
ᾠ,1
鱲,1
ヂ,1
Ĺ,1
Ꞛ,1
Ꞝ,1
Ꞟ,1
Ɛ,1
蚊,1
截,1
珎,1
손,1
县,1
ڬ,1
綏,1
洙,1
館,1
随,1
惟,1
甘,1
旋,1
Ă,1
煌,1
ཧ,1
ཥ,1
ɸ,1
𒆤,1
Ѫ,1
瑚,1
樯,1
接,1
舰,1
屯,1
宴,1
筑,1
观,1
Ց,1
癘,1
ⲣ,1
ⲫ,1
ⲏ,1
ⲗ,1
蕃,1
悲,1
ய,1
മ,1
ല,1
യ,1
ழ,1
煙,1
器,1
偶,1
差,1
挿,1
傩,1
庙,1
爷,1
奶,1
应,1
运,1
缘,1
乩,1
拍,1
耽,1
鸾,1
坛,1
团,1
軒,1
轅,1
幫,1
哥,1
济,1
喇,1
嘛,1
吒,1
复,1
斯,1
轮,1
ֆ,1
ਜ,1
ਥ,1
ਰ,1
Ὦ,1
ˉ,1
ঐ,1
ঔ,1
ই,1
喋,1
血,1
捷,1
擇,1
택,1
他,1
妈,1
骂,1
ﺴ,1
ﻨ,1
ﺞ,1
회,1
물,1
산,1
ঢ,1
枣,1
棗,1
Ѯ,1
ѯ,1
Ӂ,1
Ϋ,1
ϋ,1
雅,1
但,1
ホ,1
ツ,1
ဘ,1
ပ,1
ග,1
ල,1
Ҁ,1
ҁ,1
ѓ,1
ɜ,1
Ѹ,1
ѕ,1
早,1
稲,1
𐌸,1
ភ,1
ន,1
ณ,1
灸,1
弟,1
ǚ,1
玻,1
余,1
瑕,1
董,1
潘,1
阮,1
籍,1
反,1
对,1
倡,1
视,1
总,1
腳,1
ᾤ,1
Ἠ,1
昴,1
彼,1
岸,1
ѱ,1
喀,1
则,1
サ,1
ザ,1
Ꙑ,1
ﻛ,1
ﺐ,1
와,1
브,1
로,1
전,1
璞,1
嗓,1
鶯,1
彩,1
严,1
叮,1
嚀,1
何,1
處,1
尋,1
採,1
檳,1
榔,1
棣,1
場,1
所,1
付,1
関,1
よ,1
妓,1
繪,1
鋼,1
拜,1
两,1
ล,1
猛,1
Ⲏ,1
Ⲥ,1
Ⲉ,1
축,1
팀,1
铳,1
Ϣ,1
沛,1
媼,1
坡,1
당,1
匈,1
奴,1
颐,1
谱,1
兑,1
巽,1
坎,1
离,1
纲,1
诀,1
侧,1
弓,1
炮,1
捶,1
忽,1
雷,1
挪,1
設,1
圆,1
园,1
崇,1
ہ,1
ﺶ,1
ﻦ,1
対,1
逆,1
襲,1
黙,1
夷,1
魏,1
리,1
서,1
벌,1
殘,1
劍,1
殺,1
甄,1
Ə,1
ቤ,1
ቅ,1
ደ,1
弄,1
妻,1
孤,1
儿,1
淞,1
ᾎ,1
ᾈ,1
內,1
署,1
ܒ,1
Ὧ,1
Ѡ,1
Ꞷ,1
ꞷ,1
Ѻ,1
ѻ,1
死,1
ይ,1
岁,1
远,1
现,1
实,1
种,1
锋,1
蛇,1
撥,1
Ἂ,1
빈,1
집,1
ɟ,1
惣,1
根,1
說,1
奈,1
泥,1
洹,1
闡,1
釋,1
賴,1
終,1
窺,1
袾,1
마,1
등,1
鄧,1
炎,1
謙,1
진,1
언,1
圖,1
畏,1
豫,1
澤,1
赵,1
朴,1
栖,1
霞,1
峨,1
嵋,1
證,1
爛,1
沙,1
単,1
璨,1
鎧,1
滑,1
漸,1
曌,1
楢,1
考,1
譚,1
璿,1
吠,1
嚧,1
遮,1
昉,1
趣,1
峯,1
祇,1
悉,1
羯,1
即,1
藥,1
諸,1
井,1
禦,1
沼,1
虛,1
敞,1
辯,1
準,1
範,1
兀,1
菴,1
吹,1
铎,1
琦,1
疏,1
枚,1
請,1
遍,1
踊,1
幕,1
廃,1
毀,1
釈,1
乃,1
希,1
榛,1
鈴,1
拙,1
闍,1
梨,1
塔,1
型,1
소,1
림,1
嘉,1
歷,1
寳,1
筠,1
蕭,1
އ,1
ތ,1
ޅ,1
动,1
亚,1
涯,1
域,1
雞,1
蚣,1
傲,1
倚,1
屠,1
丰,1
鏢,1
鼠,1
膽,1
冒,1
險,1
문,1
화,1
준,1
鍋,1
札,1
歴,1
俊,1
𐌽,1
𐍃,1
𐍂,1
骨,1
韵,1
论,1
非,1
旁,1
冊,1
册,1
ɻ,1
溥,1
泽,1
湾,1
乡,1
湘,1
调,1
轻,1
篆,1
隸,1
楷,1
繁,1
简,1
鳝,1
鲜,1
茎,1
ѹ,1
禄,1
节,1
范,1
肅,1
緒,1
ⴼ,1
𐤒,1
𐤇,1
𐤔,1
ዲ,1
ረ,1
ለ,1
ከ,1
ሌ,1
军,1
队,1
위,1
령,1
체,1
ສ,1
ໄ,1
ແ,1
લ,1
પ,1
સ,1
મ,1
દ,1
ભ,1
વ,1
弾,1
弁,1
塚,1
虫,1
倉,1
緣,1
縁,1
賭,1
逃,1
產,1
漆,1
食,1
続,1
浪,1
ぎ,1
薙,1
匠,1
潰,1
求,1
碎,1
叶,1
油,1
翰,1
涂,1
排,1
风,1
疑,1
霜,1
低,1
鄉,1
辭,1
壺,1
酒,1
杯,1
對,1
既,1
飲,1
隨,1
暫,1
將,1
陪,1
樂,1
須,1
徘,1
徊,1
醒,1
醉,1
各,1
散,1
期,1
邈,1
尹,1
ᾦ,1
洪,1
ἃ,1
Ṗ,1
ˆ,1
玛,1
祩,1
蕅,1
益,1
旭,1
稚,1
廬,1
倭,1
封,1
杭,1
耻,1
廉,1
학,1
洲,1
談,1
后,1
𐌺,1
宁,1
乳,1
聲,1
統,1
ǂ,1
ǁ,1
ʇ,1
ʗ,1
ʖ,1
ɳ,1
ɓ,1
ɗ,1
ɠ,1
ɷ,1
Ϙ,1
ϙ,1
芝,1
ǘ,1
奉,1
Ҷ,1
ҳ,1
ҷ,1
奖,1
赛,1
変,1
態,1
ܟ,1
ܕ,1
ܘ,1
ṻ,1
昆,1
息,1
婉,1
祓,1
縄,1
幣,1
飾,1
郷,1
ѫ,1
ܩ,1
ܫ,1
𐀷,1
𐀙,1
𐀏,1
席,1
雯,1
更,1
伴,1
چ,1
釵,1
ˮ,1
ஜ,1
ண,1
ட,1
媽,1
壕,1
灭,1
亡,1
激,1
爱,1
雾,1
革,1
邓,1
彪,1
ἆ,1
छ,1
অ,1
ঞ,1
ঠ,1
ড,1
ছ,1
আ,1
থ,1
麿,1
執,1
権,1
発,1
顕,1
涅,1
槃,1
撰,1
聞,1
藁,1
铜,1
钺,1
恐,1
亮,1
爭,1
ℤ,1
ℚ,1
ℝ,1
ℂ,1
ℍ,1
務,1
ʳ,1
Į,1
Ě,1
誉,1
瑠,1
傀,1
儡,1
貫,1
ῴ,1
磯,1
嶋,1
額,1
軽,1
珈,1
琲,1
류,1
인,1
생,1
Ѳ,1
ₑ,1
ᗺ,1
ᗷ,1
ብ,1
반,1
야,1
誌,1
ϒ,1
競,1
ゲ,1
昧,1
忘,1
辨,1
勧,1
箴,1
撃,1
致,1
盟,1
亢,1
Ἃ,1
笔,1
谈,1
ᵝ,1
ẳ,1
ኛ,1
ⵞ,1
ᓇ,1
ᕗ,1
伏,1
羲,1
禹,1
繫,1
准,1
綸,1
刚,1
冶,1
焦,1
穆,1
瑪,1
峰,1
ផ,1
វ,1
ហ,1
ⵙ,1
ⴱ,1
億,1
兆,1
垓,1
引,1
率,1
供,1
状,1
晦,1
始,1
ऊ,1
ऴ,1
ऱ,1
ऩ,1
ɭ,1
ढ,1
ካ,1
ን,1
ድ,1
ኒ,1
ቃ,1
ʉ,1
谍,1
曆,1
鄭,1
樵,1
班,1
固,1
復,1
魯,1
迅,1
唱,1
韻,1
騷,1
賦,1
遇,1
赋,1
Ḵ,1
参,1
ჯ,1
红,1
旗,1
曾,1
联,1
ἢ,1
ᚠ,1
ᚢ,1
ᚫ,1
ᚱ,1
ᚲ,1
ᚷ,1
ᚹ,1
ᚺ,1
ᚾ,1
ᛁ,1
ᛃ,1
ᛇ,1
ᛈ,1
ᛉ,1
ᛋ,1
ᛏ,1
ᛒ,1
ᛖ,1
ᛗ,1
ᛚ,1
ᛜ,1
ᛞ,1
ᛟ,1
細,1
短,1
歳,1
枯,1
夕,1
桜,1
ぬ,1
暮,1
忙,1
降,1
卡,1
鲁,1
狐,1
晶,1
群,1
牵,1
ℨ,1
𝖟,1
Ÿ,1
达,1
宫,1
狼,1
천,1
랑,1
Ѐ,1
Ǔ,1
告,1
ぐ,1
珍,1
補,1
運,1
ﻳ,1
ﺘ,1
包,1
狄,1
坪,1
逍,1
遥,1
迷,1
袋,1
巌,1
静,1
ぶ,1
ね,1
樋,1
浩,1
哉,1
恣,1
宰,1
樹,1
由,1
詠,1
ふ,1
晩,1
騒,1
じ,1
奪,1
傷,1
翼,1
修,1
労,1
菊,1
池,1
寛,1
感,1
衣,1
貞,1
芦,1
祐,1
ほ,1
件,1
斉,1
鎚,1
瀬,1
温,1
泉,1
琴,1
危,1
摺,1
浅,1
현,1
안,1
顒,1
顯,1
克,1
從,1
諗,1
參,1
瑩,1
瑾,1
伎,1
为,1
改,1
畿,1
湯,1
畳,1
懐,1
抹,1
筅,1
杓,1
掛,1
叟,1
守,1
躙,1
障,1
碗,1
点,1
幽,1
次,1
焼,1
侍,1
ﺤ,1
ﻈ,1
涌,1
讚,1
假,1
불,1
교,1
률,1
含,1
桴,1
獩,1
愠,1
挠,1
湡,1
戠,1
敲,1
ﺒ,1
干,1
饂,1
餛,1
麵,1
Ẕ,1
圍,1
囲,1
篇,1
劫,1
蝴,1
ヨ,1
癌,1
ǣ,1
輩,1
እ,1
