の,3525077
に,2373677
る,2089501
た,1883881
は,1855110
と,1759310
を,1555787
て,1526821
し,1513047
が,1509158
い,1476190
で,1473001
ー,1287871
れ,1181422
な,1170525
ン,969751
っ,739370
あ,706265
ら,697400
か,674935
も,665743
年,660414
さ,649364
ス,628868
り,625309
こ,608445
ル,585429
す,578682
ト,479682
イ,471713
リ,440697
ア,436161
よ,419500
う,418750
ラ,400785
ま,389307
日,361423
く,325507
ッ,319965
ク,319114
め,308443
大,306109
き,283442
ド,271904
国,269263
タ,267849
そ,266570
本,265240
シ,261321
や,255049
人,253167
ロ,246576
ど,245762
お,245644
け,244332
行,241149
月,236445
一,233391
フ,232083
中,224512
レ,222926
カ,218799
用,216043
つ,215441
時,206226
え,205403
ジ,202533
ム,200576
地,199353
わ,193975
的,193441
上,189283
後,187595
マ,186915
テ,184795
合,179932
学,177299
プ,173139
発,172966
線,168115
コ,164017
駅,162496
部,162402
ィ,160940
出,160429
間,158846
バ,157601
代,157248
だ,155457
車,155222
デ,152738
場,152446
メ,151227
定,150342
オ,148802
グ,148447
成,148221
会,147979
分,147808
e,145912
ウ,145551
作,145426
同,144674
生,141689
者,140691
戦,140555
方,136304
ニ,131722
a,130273
事,129050
エ,128026
ん,127879
名,127270
サ,127078
ば,126215
内,124852
動,123432
市,123126
通,123098
道,122864
化,122585
自,122518
チ,122481
東,121887
ナ,121207
ュ,120959
以,120826
高,120152
機,120035
対,119620
ブ,119567
i,117279
開,117180
下,116717
ビ,116483
多,115824
ち,115689
入,115355
み,115064
前,114736
体,114543
キ,114231
現,114176
業,112606
主,111622
数,111479
ャ,111313
子,110991
o,110860
パ,110671
当,110040
長,108151
在,107676
せ,106994
設,106587
S,104330
法,103216
立,103160
r,101758
新,101445
物,100746
関,99881
A,99714
性,98576
世,97724
n,96749
ダ,96499
C,95915
語,94942
社,93950
度,92904
表,92558
第,91879
山,91803
家,91488
全,91375
へ,91375
最,90651
じ,90189
ミ,89636
力,89620
ェ,88867
t,88357
実,87065
軍,86816
ズ,86723
理,86345
記,85861
見,85733
所,83982
政,82899
手,82728
m,82212
ず,82187
文,81711
使,81696
期,81347
式,81045
セ,80860
田,80524
平,80316
教,79980
び,78565
置,78202
ネ,77985
ハ,77484
初,76842
連,76575
特,76318
目,76260
ベ,76131
モ,75727
北,75316
小,74917
形,74826
和,74638
I,74612
海,74232
運,74105
制,73962
明,73448
外,73398
民,73183
電,73064
s,72636
要,71801
ョ,71553
川,71295
面,71091
位,70860
ガ,70742
言,70356
ツ,70000
西,69689
画,69383
送,68730
能,68602
l,68147
T,67684
M,66969
R,66011
結,65770
ソ,65510
公,65489
ほ,64835
番,64627
区,64519
P,64417
原,64392
放,64358
島,64254
持,63962
D,63192
ポ,63115
気,63019
加,62285
神,62230
三,61961
鉄,61888
正,61584
書,61546
受,60950
品,60924
元,60775
水,60738
京,60463
近,60239
有,60211
組,59945
県,59598
都,59579
呼,59236
経,59210
号,59051
点,59027
意,58952
利,58887
変,58746
路,58558
ノ,58520
c,58497
取,58186
回,57732
ホ,57699
義,57310
来,57244
治,57032
ピ,56668
際,56463
野,56390
N,56363
南,56195
金,55944
指,55445
員,55361
改,55351
系,55171
続,55136
両,54924
存,54793
ギ,54742
次,54729
空,54614
E,54418
O,53440
ワ,53181
ケ,53176
ァ,52855
ボ,52586
流,52545
共,52509
王,52446
重,52394
向,51869
天,51769
信,51702
界,51620
不,51284
産,51031
列,50887
B,50704
u,50683
進,50227
げ,50151
始,49978
基,49835
権,49535
べ,49244
口,49022
交,49012
付,48985
ヴ,48885
F,48532
計,48211
相,48134
転,47887
域,47859
選,47788
ペ,47776
側,47766
約,47661
音,47149
活,47144
統,47114
二,47112
解,47029
心,46849
造,46716
直,46461
保,46447
議,46385
他,45847
称,45799
別,45524
州,45512
知,45476
務,45446
等,45321
売,45304
型,45072
町,44966
々,44905
乗,44717
様,44298
d,44248
隊,44222
集,44006
種,43986
説,43954
可,43709
構,43641
ゲ,43147
無,42938
ゴ,42394
降,42251
台,42042
広,41829
J,41713
状,41624
決,41346
工,41293
得,41144
古,41049
ろ,40746
論,40447
身,40198
建,40153
少,40128
終,40069
強,39850
各,39814
備,39762
移,39447
支,39235
ザ,39217
反,38753
む,38552
ヤ,38472
h,38400
量,38358
製,38244
類,38212
参,38172
字,37917
紀,37810
府,37740
演,37689
急,37594
由,37593
常,37579
女,37486
考,37478
朝,37366
例,37306
L,37278
団,37110
示,37077
伝,36946
速,36840
撃,36815
任,36756
G,36513
果,36410
安,36308
校,36290
配,36194
半,35903
編,35902
勝,35880
規,35747
起,35682
問,35591
再,35534
領,35463
止,35307
引,35297
認,35254
料,35211
楽,35166
営,35046
局,34949
H,34782
応,34633
格,34504
石,34437
総,34230
ヒ,34229
命,34154
派,34095
報,33997
皇,33743
ォ,33721
条,33712
題,33668
万,33594
族,33531
調,33416
装,33333
単,32827
p,32751
武,32673
着,32607
含,32441
質,32415
党,32371
異,32233
土,32194
術,32094
判,31805
ぶ,31728
士,31639
艦,31540
木,31456
素,31455
先,31434
話,31284
k,31188
V,31156
属,30891
死,30804
接,30775
収,30659
施,30640
述,30630
昭,30520
太,30514
限,30423
録,30176
争,30126
馬,30081
光,29906
科,29871
城,29796
登,29637
必,29600
味,29579
増,29424
過,29402
店,29355
映,29333
g,29158
帝,29120
独,29099
態,28939
般,28774
観,28740
役,28698
器,28695
食,28686
離,28685
ユ,28639
管,28570
球,28463
確,28450
院,28367
官,28222
導,28210
載,28134
住,28113
切,27922
兵,27895
色,27848
周,27815
係,27725
U,27706
研,27653
版,27546
村,27453
戸,27380
陸,27362
彼,27202
影,27179
比,27162
門,27106
優,27080
与,26924
史,26830
曲,26752
宮,26501
星,26384
継,26379
究,26169
攻,26103
技,25820
込,25798
件,25795
及,25699
資,25694
更,25634
ヘ,25434
屋,25358
予,24940
K,24918
阪,24895
旧,24883
f,24763
残,24642
換,24626
達,24596
象,24571
提,24550
ヨ,24519
準,24473
W,24341
頭,24335
客,24310
程,24249
率,24192
賞,24162
価,24148
容,23851
米,23787
退,23767
害,23750
響,23586
挙,23531
試,23466
情,23463
勢,23363
完,23315
橋,23025
葉,22948
張,22876
非,22847
低,22774
y,22767
白,22747
館,22671
商,22615
復,22605
氏,22498
円,22473
展,22421
親,22408
済,22331
割,22253
航,22193
育,22176
思,22146
松,21734
採,21731
江,21655
歌,21638
良,21612
断,21520
協,21457
寺,21441
岡,21422
井,21220
想,21157
英,21129
念,20996
b,20956
細,20917
除,20893
首,20889
波,20882
図,20844
視,20772
十,20755
廃,20749
末,20736
防,20731
ご,20601
令,20570
真,20539
競,20538
験,20524
帯,20516
投,20472
男,20460
風,20339
従,20300
打,20218
足,20213
停,20171
将,20136
港,20071
御,20022
供,19992
走,19896
宗,19879
失,19860
河,19789
査,19622
積,19585
感,19585
郡,19518
専,19510
諸,19479
福,19416
ゼ,19408
美,19401
落,19390
洋,19377
ぐ,19354
衛,19293
然,19291
個,19288
消,19167
標,19157
整,19073
職,19063
四,19021
階,18929
司,18918
算,18889
園,18870
差,18845
千,18749
求,18745
母,18688
追,18585
ね,18520
圧,18496
減,18483
境,18465
郎,18459
案,18415
頃,18373
告,18354
銀,18332
船,18328
づ,18313
藤,18297
複,18253
難,18233
根,18218
評,18200
ぎ,18171
担,18156
模,18076
極,18072
ひ,18068
津,18063
火,18049
照,17953
去,17953
歴,17948
護,17745
省,17721
座,17634
源,17630
師,17609
室,17575
段,17445
ぞ,17423
飛,17392
央,17374
谷,17293
修,17281
破,17256
酸,17218
仕,17203
X,17176
横,17166
愛,17133
策,17102
推,16932
崎,16916
辺,16841
渡,16771
普,16760
ぼ,16705
検,16581
効,16559
衆,16541
値,16531
催,16523
今,16497
企,16456
歳,16400
父,16272
輸,16238
証,16210
環,16124
ゆ,16095
敗,16084
守,15982
留,15935
帰,15902
級,15861
温,15828
補,15802
佐,15763
殺,15729
遺,15708
著,15662
病,15650
違,15615
越,15604
満,15524
処,15510
聞,15462
吉,15457
像,15418
旅,15413
識,15412
聖,15353
端,15290
略,15213
街,15124
了,15064
札,15000
好,14934
伊,14908
貨,14894
ヌ,14893
声,14847
赤,14845
委,14844
席,14835
創,14824
販,14823
材,14794
宇,14720
扱,14701
助,14655
伴,14431
v,14422
併,14318
監,14286
五,14277
読,14244
織,14213
熱,14208
八,14204
典,14180
裁,14111
青,14106
黒,14070
深,14020
闘,14008
因,13969
築,13954
返,13933
臣,13897
革,13859
乱,13834
医,13816
描,13808
何,13803
徴,13740
占,13723
囲,13718
則,13686
働,13661
射,13606
興,13597
幕,13567
悪,13528
富,13492
陽,13487
翌,13483
浜,13474
角,13444
w,13423
植,13393
為,13391
超,13379
測,13372
督,13371
密,13336
拠,13329
注,13301
左,13278
農,13272
就,13262
清,13261
抗,13237
ょ,13214
藩,13212
短,13211
寄,13189
適,13112
項,13070
精,13057
岸,13055
弾,13025
延,12915
盟,12877
費,12868
沢,12865
右,12842
援,12828
夫,12828
劇,12792
芸,12791
介,12773
久,12705
券,12691
財,12642
盛,12631
察,12593
拡,12551
警,12536
並,12486
許,12469
徳,12468
居,12448
夜,12427
写,12426
血,12412
便,12321
博,12166
薬,12164
花,12154
層,12143
未,12111
均,12103
替,12100
刊,12068
至,12033
突,12030
節,11979
幹,11976
籍,11955
蔵,11951
振,11944
易,11933
順,11904
滅,11890
雑,11827
群,11824
望,11818
布,11803
株,11794
承,11782
尾,11769
負,11746
功,11739
習,11719
誌,11702
豊,11673
巻,11662
壊,11615
ゥ,11604
早,11554
労,11534
紙,11522
固,11480
舎,11458
若,11390
爆,11387
九,11383
湾,11338
ざ,11336
互,11252
毎,11250
歩,11104
岩,11092
秀,11091
絶,11083
具,11046
給,11043
激,11041
林,11032
待,11029
被,11026
亡,11006
漫,10966
搭,10936
景,10897
板,10882
弟,10866
途,10779
邦,10775
曜,10767
永,10738
奏,10656
混,10643
鳥,10632
仏,10625
跡,10621
障,10600
況,10553
沿,10545
遠,10526
森,10522
志,10516
漢,10489
友,10462
療,10423
養,10405
候,10388
倉,10371
x,10367
逆,10361
幅,10321
私,10290
頼,10272
鮮,10234
婚,10182
春,10161
軽,10144
砲,10133
Y,10125
獲,10091
核,10003
賀,9990
訳,9988
仮,9976
宣,9974
休,9887
散,9885
甲,9852
舞,9852
羽,9764
印,9753
庁,9743
児,9734
額,9733
批,9715
故,9693
律,9672
章,9667
堂,9652
掲,9611
税,9578
敵,9559
秋,9554
華,9552
圏,9548
宿,9536
似,9510
較,9503
憲,9432
授,9388
庫,9371
距,9366
宙,9296
刑,9285
億,9281
覚,9267
禁,9257
盤,9184
駆,9171
泉,9147
祭,9115
百,9102
宅,9087
丸,9070
険,9012
韓,8994
否,8960
操,8955
捕,8955
雄,8948
草,8893
暦,8860
輪,8846
徒,8845
脱,8829
閣,8816
ゃ,8806
ふ,8741
概,8718
ヶ,8703
執,8699
詞,8647
戻,8647
傾,8639
息,8626
揮,8599
罪,8588
臨,8576
閉,8523
六,8493
油,8485
抜,8469
範,8449
康,8447
玉,8442
欧,8431
池,8422
姿,8420
討,8414
服,8376
避,8366
維,8344
軌,8337
週,8320
訪,8266
症,8259
筆,8244
宝,8167
縮,8136
契,8133
折,8128
襲,8106
背,8087
快,8075
携,8067
液,8009
余,7952
危,7948
岐,7943
坂,7919
釈,7916
塩,7907
冷,7895
焼,7853
奈,7847
夏,7829
講,7782
倒,7776
課,7768
侵,7765
隣,7764
詳,7746
請,7733
絡,7700
撤,7693
昇,7667
ゾ,7666
辞,7644
績,7637
老,7626
副,7618
災,7601
既,7580
静,7529
迎,7514
遊,7493
融,7460
厳,7449
祖,7439
胞,7433
純,7423
香,7419
栄,7402
買,7392
善,7384
妻,7277
依,7274
黄,7255
兄,7251
巡,7245
肉,7234
簡,7202
湖,7156
絵,7139
之,7133
刻,7117
傷,7107
磁,7077
掛,7072
躍,7055
魚,7052
崩,7036
架,7017
摘,6997
摩,6995
房,6993
陣,6968
談,6965
貴,6950
敷,6950
燃,6927
犯,6917
献,6884
免,6876
浦,6874
卒,6858
練,6844
益,6836
濃,6831
殿,6821
暗,6817
伸,6771
健,6770
樹,6743
聴,6735
欠,6723
毛,6714
ゅ,6706
忠,6689
沖,6676
巨,6675
魔,6649
損,6636
弱,6628
染,6621
撮,6620
申,6616
排,6608
納,6593
震,6584
舗,6578
里,6562
譲,6557
探,6549
惑,6546
弁,6544
塚,6533
訴,6523
z,6516
審,6492
孫,6487
唱,6468
鹿,6463
到,6462
丁,6452
郷,6427
哲,6426
倍,6378
炭,6377
礼,6369
困,6368
勤,6361
底,6351
片,6330
七,6329
唯,6294
君,6249
致,6235
救,6230
慶,6223
雲,6222
儀,6220
押,6217
翼,6194
酒,6191
骨,6174
疑,6166
還,6165
即,6162
遣,6149
奪,6148
砂,6148
繁,6144
瀬,6118
吸,6109
霊,6104
遅,6085
兼,6077
締,6067
繰,6019
払,6004
枠,5977
庭,5955
覧,5948
択,5935
皮,5923
亜,5910
没,5868
誕,5853
逃,5851
票,5834
触,5834
針,5825
征,5820
苦,5804
縁,5793
析,5777
誤,5757
荷,5750
踏,5750
窓,5742
願,5742
阿,5736
仙,5734
枚,5716
誘,5695
裏,5670
託,5668
仲,5608
竹,5584
銃,5576
答,5574
尊,5545
詩,5543
露,5538
季,5458
脈,5445
雪,5441
狭,5408
冬,5400
軸,5390
Q,5365
束,5343
旗,5341
奥,5331
飲,5306
貫,5295
Z,5285
壁,5274
幸,5270
充,5267
鉱,5259
鶴,5258
脚,5239
暴,5239
衝,5237
紹,5227
微,5225
騎,5221
喜,5187
干,5187
雨,5165
招,5162
龍,5158
却,5130
鎖,5113
我,5112
駐,5109
齢,5096
唐,5096
包,5047
縄,5041
仁,5035
脳,5032
溶,4979
雷,4972
午,4954
抑,4952
茶,4919
緑,4918
幼,4916
責,4899
娘,4899
恐,4896
慮,4893
威,4884
丘,4879
購,4876
削,4870
網,4865
秘,4856
渉,4837
熊,4822
須,4812
慣,4799
厚,4788
双,4782
往,4732
陰,4728
剤,4696
隆,4687
債,4686
患,4682
潟,4673
麻,4669
伏,4638
冠,4633
乳,4602
抱,4585
封,4580
沼,4573
棋,4524
索,4518
蒸,4504
夕,4490
隻,4473
怪,4458
縦,4454
抵,4454
隠,4441
剣,4424
奉,4400
ぬ,4386
序,4379
牧,4376
賃,4359
沈,4359
敬,4342
床,4341
ぜ,4339
吹,4324
顔,4322
綱,4315
迫,4287
殊,4271
裂,4271
浅,4264
鎌,4260
賛,4247
俗,4245
飾,4243
筋,4242
菌,4238
滞,4235
械,4214
粒,4200
陥,4199
牛,4190
隔,4183
己,4177
漁,4176
仰,4175
該,4174
弘,4172
訓,4170
潜,4169
握,4165
廷,4134
葬,4092
耐,4080
杉,4074
恵,4068
埋,4065
轄,4065
謀,4058
塁,4052
幌,4040
径,4035
拒,4031
硬,4021
矢,4017
智,4017
塔,4013
彦,4007
稲,4005
塗,4004
緩,3999
虫,3985
伯,3979
奇,3976
毒,3951
棄,3950
郵,3937
刀,3931
晶,3918
希,3915
句,3899
培,3895
羅,3895
竜,3880
掘,3872
郊,3858
緯,3852
殖,3831
眼,3823
逐,3785
那,3768
荒,3754
笑,3753
歯,3750
礎,3740
摂,3740
借,3720
浮,3708
柄,3705
墓,3704
姫,3689
梅,3667
稿,3661
劉,3647
拝,3646
鈴,3644
糖,3641
麗,3637
衣,3635
銅,3633
湯,3622
鏡,3608
潮,3595
箱,3590
姓,3589
薄,3583
顕,3568
桜,3565
署,3560
渋,3550
貢,3547
秒,3538
豆,3531
奴,3530
徐,3524
寿,3524
刺,3521
僚,3518
陵,3506
揚,3506
鎮,3478
寛,3477
幾,3476
飯,3471
豪,3463
卵,3463
募,3456
丹,3455
俳,3455
輝,3433
栽,3425
氷,3425
洗,3422
頂,3421
李,3420
妹,3418
童,3403
需,3401
誉,3395
亀,3375
頻,3373
岳,3372
翻,3369
芝,3352
粉,3352
括,3347
戒,3343
茂,3341
繋,3337
遂,3337
詰,3318
貸,3306
貞,3303
診,3301
駒,3290
柱,3269
炎,3266
償,3264
弦,3257
貿,3241
滑,3238
玄,3237
菱,3235
脂,3232
獣,3228
肥,3226
促,3225
祝,3212
刷,3203
又,3202
衰,3199
符,3169
透,3168
緒,3151
柔,3150
才,3144
膜,3142
埼,3139
乾,3138
晴,3135
偽,3130
嫌,3126
鳴,3125
勧,3097
姉,3091
旨,3088
紛,3086
酵,3086
寝,3084
如,3070
堀,3063
緊,3056
灯,3045
狩,3023
媒,3022
覆,3012
裕,3010
届,2997
箇,2982
鋼,2980
j,2949
袋,2946
塞,2939
僧,2932
荘,2931
謝,2925
曹,2921
弥,2918
晩,2913
泊,2910
薩,2906
珍,2902
犬,2900
腹,2892
侯,2891
夢,2889
恋,2878
贈,2872
婦,2858
爵,2853
随,2847
徹,2847
罰,2846
旬,2838
禄,2835
拓,2832
浄,2818
幣,2815
擁,2813
斜,2812
腕,2811
覇,2792
函,2789
筑,2786
添,2783
怒,2765
劣,2763
孝,2760
痛,2756
寒,2755
后,2739
峡,2738
紫,2706
煙,2696
誰,2689
欲,2684
浴,2677
冒,2661
挑,2654
昼,2644
鑑,2639
雇,2636
彩,2631
妙,2629
挟,2628
笠,2624
艇,2624
顧,2623
熟,2619
柳,2619
洲,2617
畿,2611
遇,2603
噴,2602
扉,2597
偵,2594
偏,2592
遷,2582
暮,2581
汚,2578
恒,2574
隷,2572
盗,2558
枝,2549
貧,2536
憶,2535
狙,2535
銭,2534
迷,2532
飼,2529
穴,2523
預,2509
騒,2502
鬼,2495
阜,2486
尚,2483
夷,2481
呂,2478
措,2463
逮,2452
趣,2449
譜,2442
淡,2442
斉,2423
菜,2420
宋,2413
掌,2413
墳,2406
桁,2390
懸,2390
暖,2390
勇,2378
呉,2374
努,2365
旋,2343
灰,2337
垂,2318
捜,2317
看,2316
奨,2303
湿,2302
斎,2302
梁,2301
逸,2297
臓,2297
勃,2296
澤,2296
勲,2290
垣,2286
跨,2279
麦,2277
紅,2271
伐,2266
傘,2263
捨,2256
悲,2249
磨,2247
祥,2242
浸,2238
巣,2235
尽,2231
也,2225
畑,2223
筒,2220
誇,2219
栗,2218
稼,2209
俊,2207
恩,2204
膨,2200
虎,2195
冊,2191
捉,2190
ぱ,2188
輩,2177
偶,2165
幡,2162
鷹,2160
蓄,2152
崇,2150
q,2150
附,2130
殻,2128
尉,2115
嘉,2114
糸,2110
葛,2105
阻,2101
屈,2097
紋,2087
蘇,2083
挿,2072
衡,2061
杯,2052
昌,2045
尼,2042
閥,2041
蓮,2034
桂,2021
邸,2013
庄,2006
陳,1998
ぷ,1996
獄,1994
盾,1991
享,1980
眠,1977
穂,1977
碑,1976
剰,1976
貯,1975
峰,1969
駿,1969
訟,1968
磐,1963
朱,1962
洞,1961
秦,1956
旦,1952
硫,1951
棒,1948
抽,1947
勅,1946
牽,1937
軟,1936
賢,1935
浪,1929
播,1925
秩,1920
梨,1919
疾,1918
剛,1916
菊,1912
甘,1911
涯,1904
ぽ,1897
悩,1895
弓,1890
墜,1886
脅,1880
零,1873
坊,1871
叙,1870
腐,1870
誠,1865
脇,1859
耳,1858
堅,1857
孔,1856
傍,1855
肩,1852
鼻,1851
蒋,1847
泰,1835
粋,1823
雅,1818
鍵,1816
狂,1815
桃,1814
辛,1812
宰,1800
耕,1793
妃,1793
喫,1790
卿,1785
燥,1785
鉛,1782
懐,1777
帳,1771
酷,1765
桑,1764
但,1763
励,1761
髪,1760
虐,1759
曽,1758
祀,1756
魏,1743
晋,1742
拘,1735
瑞,1733
暫,1732
卓,1731
枢,1730
猛,1728
芳,1723
皆,1720
彫,1712
披,1709
遭,1705
銘,1704
禅,1702
撲,1686
祉,1670
旭,1670
拳,1668
啓,1666
控,1666
盆,1661
昔,1660
蜂,1654
滝,1652
兆,1651
搬,1648
祈,1648
孤,1641
塾,1634
薦,1629
彰,1628
烈,1625
驚,1610
尿,1610
履,1608
溝,1607
珠,1606
蘭,1605
尺,1600
泳,1599
悟,1598
敏,1598
腸,1593
揺,1593
讃,1591
粘,1584
勾,1582
洪,1577
肝,1575
栃,1571
魂,1567
菓,1567
畜,1566
踊,1563
虚,1561
繊,1557
呈,1555
吾,1549
茨,1548
柏,1545
寸,1542
倫,1541
洛,1540
慎,1537
循,1535
瞬,1532
匠,1530
喪,1525
胸,1520
釣,1512
妨,1511
乏,1508
訂,1504
椎,1498
矛,1493
沙,1490
貝,1489
宜,1484
峠,1481
扇,1475
蒲,1471
倭,1468
丈,1465
犠,1464
赴,1463
揃,1460
陶,1459
潤,1452
琉,1447
棟,1445
凍,1445
謡,1443
辰,1443
浩,1441
肢,1441
庶,1441
鋭,1433
漠,1428
堤,1425
擬,1424
壇,1420
嶋,1417
召,1416
煮,1409
趙,1406
克,1406
虜,1404
翔,1403
綿,1402
忍,1400
猟,1399
稀,1394
穀,1391
牲,1388
幻,1388
掃,1387
嫡,1384
唆,1383
窒,1380
邪,1376
慢,1376
尻,1371
勘,1370
怖,1368
柴,1367
斐,1365
誓,1364
亭,1364
諾,1362
黙,1356
斬,1355
胴,1353
稚,1349
髄,1348
汁,1347
篠,1339
疎,1339
舶,1338
芽,1331
賊,1329
郭,1326
肺,1324
軒,1321
癌,1310
粛,1303
鋳,1302
汎,1299
勉,1294
篇,1291
纂,1289
彗,1289
歓,1281
僕,1281
宛,1280
疫,1279
閏,1279
尋,1275
寮,1274
滋,1272
朽,1270
肪,1267
朗,1266
遍,1264
α,1261
堺,1259
湘,1256
慈,1254
把,1250
羊,1250
猿,1250
腰,1246
胡,1246
糧,1243
蒙,1242
瓦,1240
践,1236
拍,1233
漏,1232
鳳,1231
昧,1230
戯,1228
蛇,1227
舟,1224
是,1224
臭,1223
遡,1222
醍,1222
醐,1222
謙,1219
隈,1217
斗,1216
擦,1214
妥,1207
凝,1206
魅,1204
輔,1201
侍,1201
碁,1201
宏,1198
菩,1198
雀,1198
倣,1195
萩,1195
釜,1194
蓋,1192
穏,1188
茎,1187
忘,1186
媛,1186
壌,1186
籠,1181
昆,1179
妖,1179
猫,1177
泥,1177
國,1173
賠,1173
遮,1172
諏,1172
偉,1170
錯,1167
竣,1164
焦,1164
刃,1163
貼,1163
淵,1155
呪,1152
淀,1148
叔,1145
霧,1143
幽,1138
准,1137
於,1134
僅,1131
磯,1127
班,1125
鍋,1124
乙,1122
琴,1121
据,1117
匹,1114
涼,1112
é,1106
剥,1104
賜,1102
絞,1102
妊,1101
忌,1100
猪,1098
殆,1098
屯,1090
麓,1090
隅,1087
餌,1087
嵐,1084
吐,1080
膚,1077
曖,1070
芦,1069
儒,1067
砕,1066
錬,1064
閲,1063
寧,1062
錦,1060
麺,1058
噂,1056
脊,1054
叡,1053
澄,1053
酢,1050
朴,1048
欄,1047
牡,1045
缶,1039
藻,1036
苗,1034
墨,1032
帥,1032
炉,1029
賭,1029
遼,1022
畠,1022
叩,1020
疲,1019
姻,1018
玩,1018
慕,1018
胆,1015
蝦,1010
腫,1004
簿,1003
巧,999
縛,994
ヲ,993
桐,992
累,988
槍,988
戴,985
舷,984
窮,983
惨,982
敦,978
綴,977
慰,976
涙,976
嫁,975
綻,971
咲,968
堆,962
嘆,961
吊,961
袁,961
祐,954
菅,954
穫,948
鯨,948
渓,947
椅,946
奮,939
烏,939
鶏,937
瓶,936
諭,936
謎,934
隙,933
壮,929
弧,928
陀,921
褐,921
豚,919
懲,918
岬,915
腺,914
沸,910
渤,909
鴨,908
ā,905
坑,904
痕,900
騰,894
雌,893
漬,891
畳,886
睦,885
淳,884
燕,883
敢,882
哉,881
填,881
雰,878
乃,876
駄,872
靖,868
租,868
傑,867
哺,863
棲,861
醸,860
飽,856
粗,853
汽,853
樺,850
諱,850
肖,847
藍,846
泌,846
鼓,845
拾,845
樽,844
迦,839
闇,835
耗,833
廻,832
β,832
嗣,831
跳,825
倶,825
甥,824
潔,823
枕,821
胃,821
琵,820
庵,820
靴,819
琶,816
綾,815
帽,812
亮,812
扶,811
挫,811
彙,810
詠,808
舌,807
楕,806
悼,805
廉,804
鍛,802
胎,802
暑,801
潰,801
戚,799
貌,798
骸,798
揆,798
泡,796
韻,795
漂,795
楊,794
酔,793
冥,793
砦,793
稽,791
娯,790
頓,789
濁,789
栖,787
棚,786
泣,783
斯,781
湊,781
枯,781
鳩,781
肯,780
癒,778
廊,776
拉,775
嶺,775
叫,772
侶,772
顎,768
蜜,768
礁,767
恭,764
廟,763
娠,763
粧,762
鐘,761
吏,761
篤,761
伎,761
囚,759
卑,755
錐,755
宴,754
伽,753
霞,752
臼,751
慌,751
塊,748
頑,745
曾,745
皿,744
俣,743
辻,742
飢,741
應,725
酬,723
狼,723
槻,722
蹴,720
裸,719
凱,718
楚,715
坪,714
詣,713
輌,713
笛,712
凶,712
赦,712
暇,708
撰,704
詔,702
俺,701
甚,699
汲,697
楠,696
捧,696
弊,694
抄,691
凡,690
匿,690
賄,689
遽,678
柵,677
ぴ,677
耶,676
釧,675
牝,673
舵,668
睡,667
噌,666
諦,665
逝,662
盲,659
灌,655
硝,654
窟,653
胤,652
俵,650
隼,647
腎,647
挨,646
拶,646
鷲,646
遥,644
悔,644
蛍,640
榎,638
佳,637
灘,636
帆,635
賑,633
憂,632
歪,632
楼,631
汰,631
萌,631
苑,631
莫,631
閑,625
汗,624
厩,622
塵,620
迂,620
梶,619
辱,618
藝,618
粟,617
謳,617
裔,614
奔,612
窪,611
鞍,611
惧,610
ヵ,610
湧,610
脆,609
坦,606
焉,606
縣,605
腔,599
迅,593
忙,592
牙,592
哨,591
擢,591
斑,590
濫,590
殉,590
餅,590
桓,589
冪,587
袖,586
哀,586
膝,585
頁,585
寅,584
庇,582
梗,581
紳,581
圓,581
鐵,581
溜,580
欺,580
蛮,580
婿,579
牟,578
醤,577
Ζ,577
勒,573
瘍,572
懇,571
而,571
猶,570
μ,570
喩,569
戊,567
曳,567
凌,565
糾,564
喚,563
褒,563
笹,562
箕,562
痘,562
汐,561
辿,559
或,559
條,558
渦,557
憧,556
痺,556
諡,555
橘,554
峨,552
欽,552
愚,550
槽,550
寵,550
祷,549
隋,548
蜀,544
剖,544
蔑,544
刈,540
聘,540
炊,540
肌,536
魯,535
嵯,535
鞨,535
爪,534
黎,533
靺,533
毅,532
尖,531
櫓,531
諮,531
鄭,529
昨,527
馴,523
崖,522
亥,522
斥,522
纏,521
憎,521
曰,520
錠,519
惜,519
盧,519
攘,518
牌,517
鉢,515
蒼,515
唄,515
詐,514
茅,514
挺,513
股,512
俸,512
鱗,512
喧,511
頸,508
騨,508
絹,507
巳,504
鴻,504
恨,503
芥,502
壬,501
畔,501
傭,499
憤,499
鞭,499
渕,499
祇,499
眺,498
鰭,498
恥,496
峙,495
其,493
云,493
熙,493
萬,492
縫,491
憩,491
儲,490
嘘,489
瞭,487
廠,486
漸,484
捻,482
薙,480
怠,477
ü,476
伺,475
惹,474
柿,472
餐,470
芋,469
惣,469
嚢,469
匈,469
董,467
癖,466
惟,466
冶,466
撫,465
聡,465
丞,462
餓,462
棺,461
荻,461
蹄,460
鵜,459
滴,458
紡,457
暁,457
叉,457
邑,456
渇,455
孟,455
嶼,454
揶,453
揄,453
嗜,453
亘,451
筐,451
讐,451
ا,451
憑,449
抹,446
圭,446
學,445
綬,444
殷,444
凸,444
唇,442
堕,441
卸,440
栓,438
殴,436
晃,435
ゞ,435
搾,434
譚,432
醒,432
狗,431
晒,431
悠,431
丼,430
檀,429
牢,428
鈍,425
乞,425
貰,424
曝,424
婆,424
ヂ,423
叶,423
紐,423
巴,422
噛,422
謁,421
冗,420
煉,420
爾,419
麹,419
凹,419
漆,419
姦,418
溢,417
寡,417
嵩,417
濯,415
煩,414
詮,413
款,413
堰,411
拷,411
稜,411
奄,409
祚,406
弔,405
桶,404
杜,402
侮,401
榴,401
胚,401
杖,399
諜,399
毘,398
諫,397
膠,397
寂,396
疇,395
喉,395
鎧,395
窺,394
輛,394
ぁ,394
獅,391
麟,390
璽,390
咸,389
寇,389
蔽,389
掴,389
賦,387
饉,387
榜,386
虹,385
薫,384
璧,383
鹸,383
雛,382
酎,381
宕,378
罷,378
埴,377
叱,377
榛,376
嶽,376
拐,374
渥,373
峻,372
鞘,372
堵,372
襄,371
賓,370
于,369
呑,368
罹,368
煎,366
聚,365
霜,364
凄,363
苔,363
訛,362
壱,361
串,361
畝,359
悦,359
漑,359
杭,359
遵,358
濱,358
箸,357
檜,357
蝶,357
瑠,356
只,356
嘩,356
炒,356
峯,355
蔓,354
糞,354
疆,354
曇,353
蛋,353
允,352
眞,352
ぺ,352
煕,351
朋,350
傀,349
儡,349
坐,349
挽,349
µ,349
氾,348
朔,348
煽,347
荊,346
喰,345
遜,343
頒,343
ī,341
劾,340
銚,339
涅,339
鵬,339
做,338
晦,337
丙,336
槃,336
庚,336
繕,335
衷,333
巫,330
璃,330
曼,330
堪,329
裾,328
仇,328
且,327
溺,327
拭,327
嘱,327
壺,326
拗,326
膳,326
蘆,326
謹,325
樋,325
麿,325
閤,325
伍,324
駕,324
扁,323
陛,323
蕃,323
緻,323
廣,323
罵,320
壕,320
鋒,320
喝,320
苛,319
孵,319
巾,318
肘,317
沃,315
鄧,315
葺,315
叢,314
釘,314
徽,311
慧,311
溥,310
杵,309
尹,309
舘,309
禍,309
誅,308
稙,308
棘,307
瀧,307
机,306
苫,306
橿,303
殲,303
嘴,303
逓,302
椿,302
庸,302
梵,302
斡,302
芯,301
γ,300
礫,299
爬,299
矩,298
瞳,298
糠,296
荼,296
輿,295
縞,295
姪,295
冨,294
矯,294
宦,293
珂,292
叛,292
厥,292
妬,292
鬱,292
ε,292
逢,291
厨,291
吟,290
ä,290
螺,290
á,289
瑜,289
厄,289
捗,289
隕,289
匁,289
卯,288
窯,288
錫,287
窃,287
仔,287
熾,286
瀕,286
ö,285
帖,285
弐,285
薇,284
騙,283
π,283
ぢ,282
ū,282
蕎,282
巌,282
嬉,281
泄,281
薔,281
匂,280
σ,280
堯,280
兜,280
轟,279
鸞,279
耆,278
怨,278
雍,278
汪,277
舜,277
逗,277
卦,275
迭,273
閃,272
淘,272
梱,272
亨,272
鷺,272
轢,271
馳,270
采,270
揖,270
茹,270
櫛,268
聯,268
蕭,268
ぇ,268
醜,266
碓,266
眉,266
宍,266
毀,265
鮎,265
此,264
翁,264
扮,264
撒,264
楯,263
洩,263
燈,263
升,263
蚕,262
崗,262
埠,261
酪,261
紺,261
桟,260
剃,259
箏,258
珪,258
葦,257
矮,257
ゐ,256
衙,254
瓜,254
ヅ,254
禽,253
懿,253
痴,253
禎,252
竿,252
墾,251
λ,251
髭,250
捏,249
旺,249
踪,249
按,248
痢,248
餃,248
喋,247
阮,247
甫,247
葵,246
嘗,246
δ,245
隘,244
寓,243
郁,243
掩,242
篭,242
逼,242
塑,242
濡,241
皐,241
痙,241
摺,240
襟,239
梯,237
炸,237
漕,237
葡,237
擲,236
蝋,236
梓,236
嚆,236
慨,236
碧,235
橙,235
侠,235
蟹,234
虔,234
靭,234
嗅,234
嫉,232
綺,231
焚,231
稔,230
禰,229
濠,228
嬢,228
掻,228
渾,227
妄,227
站,227
攣,226
乖,226
囃,226
柑,226
錆,225
淑,225
堡,225
鍾,224
ぃ,224
劫,224
薪,223
珊,222
喘,222
汝,222
梢,222
Δ,222
廿,221
雁,221
嬰,221
妾,220
驤,220
軋,220
曙,219
塀,218
弩,217
飴,217
錘,216
淮,216
賤,216
婢,216
崔,216
遙,215
謂,215
濾,215
陪,215
屠,215
捷,214
罠,214
馮,214
屏,214
ｍ,213
鉉,213
娼,212
蝕,212
嚇,212
噺,212
樫,212
蔡,212
團,211
ω,211
艤,210
ن,210
φ,210
勿,209
粕,209
墟,209
冑,209
註,209
顆,209
嘲,208
弄,207
酉,207
а,207
瑚,206
佑,206
酋,206
旛,206
奢,205
狐,205
萎,205
撥,205
絆,205
昏,204
姜,204
膵,204
痩,204
虞,204
賈,204
弼,204
娶,203
漿,203
蕉,203
斧,202
畏,202
疹,202
崋,202
某,201
簒,201
揉,201
膏,201
瓊,200
佛,200
會,199
瞑,199
咽,199
恣,199
鼠,198
邱,198
彷,198
疏,198
ل,198
椒,197
肛,197
頬,196
戮,196
鰓,196
漱,195
ν,195
竈,193
賂,193
櫻,193
荀,193
掟,193
擾,193
洒,192
喬,192
拙,191
爽,191
彭,191
謬,190
邊,190
榊,190
浙,190
卜,190
嘔,189
讒,189
楔,189
璋,189
贄,188
薨,187
鹵,187
è,187
狛,187
竪,186
翠,186
匡,186
芭,186
贅,186
耽,186
戌,186
拮,185
彬,185
丑,185
陝,185
萄,185
髙,185
竄,184
ó,183
渠,183
趾,183
僑,183
穣,182
杏,182
俯,182
藁,182
箔,182
屑,181
冀,181
圀,181
遁,181
夭,180
僭,180
穿,180
惚,179
蹟,179
愕,178
臥,178
粥,178
凰,178
膣,178
呆,177
倹,177
脩,177
淫,177
傳,177
砥,176
咎,176
偲,176
厭,176
錮,176
鷗,176
鼎,176
蕩,175
躊,175
躇,175
紆,174
爺,174
ي,173
彌,173
腿,172
繍,172
衞,171
ı,171
莢,171
祢,170
蔭,170
裳,169
秤,169
詫,168
ر,168
湛,168
宥,167
閩,167
筈,166
實,166
昂,166
訃,165
腱,165
諧,165
這,165
綜,164
玲,164
豫,164
肋,164
鋸,163
輻,163
萱,163
妓,163
Ω,163
肇,163
墺,163
槌,162
祠,162
跋,161
餡,161
誦,160
牒,160
藪,160
鉤,160
翰,160
鄴,159
蒔,159
兎,158
渚,158
邇,158
鰹,158
拿,158
š,157
冤,157
魁,157
玖,157
嵌,157
斤,157
í,156
恪,156
砺,156
ō,156
ρ,156
紗,156
翅,155
鉾,154
馨,154
謗,154
轍,153
址,153
蛭,152
竺,152
熹,152
艶,151
傲,151
棹,151
欣,151
艘,151
燻,150
辣,150
浚,150
涌,150
塹,150
麒,150
傅,149
桿,149
駁,149
唾,149
攪,149
و,149
灸,148
荏,148
鍮,148
蚊,148
吻,148
槿,148
碍,148
羹,148
畷,148
貪,147
媚,147
沌,146
莽,146
憾,145
à,145
丕,145
托,145
綸,145
饗,144
悉,144
閘,144
雫,144
蔚,144
甕,143
刹,143
о,143
笏,143
ο,143
糊,142
覗,141
穎,141
怯,141
芹,141
脾,141
厘,141
煤,140
麾,140
膀,140
胱,140
鮫,140
鰐,140
θ,140
奘,140
ç,139
饅,139
芙,139
躯,139
弛,138
鯉,138
穢,138
韋,138
亢,137
愉,137
н,137
鯖,137
臆,137
兌,137
迄,136
誹,136
霍,136
耀,136
雉,135
迹,135
疽,135
祓,135
佩,135
范,135
榮,134
槇,134
窩,134
躁,134
楷,133
蟻,133
م,133
訶,132
齋,132
濤,132
閻,132
掠,132
癸,132
佃,131
裴,131
瀋,131
鮭,130
鋏,130
緋,130
嗚,129
垢,129
戎,129
巷,128
套,128
諌,128
絃,128
祟,127
犀,127
捌,126
趨,126
袴,126
蛛,126
巽,125
冲,125
琢,125
蓬,124
赳,124
讀,123
贖,123
凋,123
咳,123
壷,123
渭,123
蜘,123
俘,123
豹,122
拌,122
羌,122
沫,122
姥,122
繹,122
當,121
ゑ,121
衍,121
頌,121
櫃,120
訊,120
彿,120
婁,120
逍,120
蒐,119
楢,119
贋,119
與,117
睨,117
鯛,117
ē,117
絨,117
掾,116
邁,116
咬,116
盃,115
燭,115
紘,114
憐,114
什,114
煌,114
閔,114
ヱ,114
靡,113
顛,113
莱,113
邯,113
韮,113
旱,113
撹,112
暢,112
愁,111
毫,111
些,111
宸,111
箪,111
彅,110
忽,110
淋,110
廓,110
證,110
碩,109
斂,109
柚,109
頚,109
芻,109
鞆,109
﨑,108
ι,108
ú,107
瘤,107
廬,107
磔,107
惠,106
禿,106
饒,106
吠,106
癇,106
胥,106
懺,106
魃,106
滸,105
и,105
琥,105
τ,105
篆,105
浬,104
奸,104
貶,104
籾,103
朕,103
酌,103
壽,102
箋,102
齟,101
齬,101
煥,101
釉,101
瞞,101
并,101
珀,101
鴎,101
哈,100
冴,100
蛙,100
膿,100
鑽,99
霖,99
姑,99
謄,99
惰,99
崑,99
囁,98
黛,98
柩,98
袂,98
爛,98
埃,98
菖,98
ب,98
ς,98
р,98
焙,98
É,98
杷,98
槐,97
舒,97
蓉,97
蠣,97
狄,97
ˈ,97
澱,97
ゝ,96
л,96
煬,96
禹,96
鞠,96
κ,96
戔,96
ß,95
凧,95
諺,95
羨,95
ñ,95
枇,95
錨,94
稗,94
鯱,94
冉,94
舫,94
ร,94
彪,93
椀,93
赫,92
捲,92
袍,92
鎚,92
燐,92
靱,91
滓,91
樟,91
د,91
狸,91
ː,91
糟,91
饋,91
翡,90
س,90
瘡,90
苅,90
椋,90
皝,90
簾,89
樊,89
羲,89
鍼,89
辟,89
杓,89
屍,89
蟄,89
賽,89
瞰,89
鞅,89
帷,89
寶,88
碇,88
楓,88
碗,88
偈,88
尤,88
笥,88
戟,88
囮,87
凪,87
聾,87
疋,87
า,87
圃,86
獨,86
誼,86
晰,86
游,86
剋,86
瑾,85
т,85
齧,85
穆,84
躙,84
摯,84
瑕,84
蓑,84
儁,84
撞,84
Σ,84
捺,84
卍,84
潘,84
經,84
舛,84
蹂,83
僻,83
鎬,83
η,83
禧,83
婉,82
櫂,82
疱,82
砧,82
抒,82
茸,82
龐,82
稠,81
檎,81
瓢,81
拵,81
猥,81
姚,81
櫨,81
ş,81
柘,81
蕨,81
ه,80
亦,80
髑,80
髏,80
爻,80
喇,80
藏,79
坤,79
悶,79
銑,79
孕,79
疵,79
琳,79
臂,79
蛹,79
Ø,79
禮,78
氐,78
幇,78
毯,78
檻,78
苻,77
棍,77
鵠,77
夙,77
軻,77
諒,76
ヰ,76
с,76
菟,76
е,76
沓,76
毬,76
澎,76
偕,75
檣,75
ぅ,75
拼,75
岱,75
晏,75
邉,75
χ,75
ك,75
鐐,75
臀,75
沛,75
癲,75
矧,74
祁,74
絢,74
灼,74
徨,74
Ｗ,74
弗,74
訣,74
â,74
虻,74
宵,73
舐,73
粲,73
攀,73
疼,72
檄,72
侈,72
籤,72
隧,72
皓,72
桔,72
兗,72
攸,72
帛,72
已,72
剪,72
軛,72
鰻,72
ə,72
奠,72
檗,72
鏃,71
茲,71
輯,71
愍,71
芒,71
茄,71
ô,71
鍬,70
漣,70
ت,70
贔,70
恰,70
倦,70
綏,70
奎,70
幟,70
筏,69
屓,69
蛸,69
廆,69
氣,68
吃,68
槙,68
र,68
ق,68
徘,68
徊,68
呟,68
裟,68
蕪,68
瑛,68
匙,68
邵,68
號,67
邀,67
渫,67
隴,67
闍,67
鮑,67
眷,67
紂,67
脛,67
苞,67
綽,67
蕊,67
俠,67
逞,66
賣,66
瀞,66
梧,66
炬,66
椰,66
俑,66
輳,65
窄,65
桝,65
舅,65
仄,65
稷,65
蕾,65
蒜,65
朧,64
俟,64
昴,64
襖,64
燵,64
袈,64
羯,64
猷,64
來,64
唖,63
悌,63
獏,63
鈔,63
軾,63
涜,63
ê,63
鄒,63
瘢,63
棣,63
痰,63
旁,63
ง,63
爲,62
淆,62
薗,62
笙,62
杣,62
迪,62
憚,62
Ｄ,62
撚,62
น,62
奕,61
त,61
諍,61
鍔,61
塘,61
Ｏ,61
桧,61
滲,61
韜,61
哥,61
澁,61
斌,61
滬,61
蜷,61
贛,61
襷,60
枡,60
餘,60
漉,60
藉,60
ï,60
Ｓ,60
喀,60
г,60
啄,60
渟,59
扈,59
莉,59
憬,59
暉,59
雙,59
癬,59
Ａ,59
盂,59
腋,59
薯,59
涵,59
儺,59
靳,59
叭,59
咋,58
臍,58
ش,58
瓚,58
茗,58
恬,58
艮,58
瀾,58
澳,58
鶯,58
咫,58
甦,57
梟,57
к,57
詛,57
ว,57
睿,56
泗,56
咄,56
肴,56
桀,56
闡,56
Λ,56
寳,56
篩,56
ψ,56
鯰,56
จ,56
ก,56
ƒ,56
鐸,55
霰,55
裡,55
臧,55
鳶,55
關,55
狡,55
皺,55
ج,55
蹊,55
蝉,55
娩,55
繭,55
眩,55
鱒,55
沐,55
楳,55
鞄,55
瞼,55
坡,55
ś,55
鋤,54
闊,54
滎,54
簗,54
總,54
鶻,54
蔦,54
雹,54
恫,54
д,54
岑,54
莞,54
薛,54
蘊,54
仗,54
姶,53
咀,53
顒,53
焔,53
耿,53
刎,53
ζ,53
敲,53
慄,53
瑳,53
昱,53
葱,53
韃,53
輜,52
茜,52
卉,52
鬚,52
炙,52
猩,52
म,52
Å,52
塙,52
臺,52
乂,52
黍,52
磾,52
廈,51
æ,51
烙,51
猾,51
跪,51
頽,50
孚,50
郃,50
睾,50
祗,50
邳,50
乎,50
茉,50
箒,50
硯,50
琨,50
弉,50
蟲,50
庖,50
喙,49
俎,49
ة,49
翳,49
礪,49
幢,49
竟,49
匝,49
篳,49
篥,49
顗,49
ย,49
燁,49
ด,49
亞,48
罐,48
鑿,48
巖,48
頤,48
嗟,48
嚼,48
苧,48
齎,48
撓,48
鈿,48
髷,48
杢,48
繆,48
鏑,48
ξ,48
綰,48
筮,48
咤,47
猜,47
酊,47
踵,47
猴,47
聰,47
υ,47
痒,47
圳,47
洙,47
न,47
褪,47
冏,47
龕,47
у,47
惇,47
ð,46
狽,46
孜,46
驕,46
哭,46
竇,46
礬,46
箭,46
ی,46
剽,46
攫,46
凉,46
庾,46
緬,46
י,46
癪,46
薊,46
烹,46
嬌,46
渣,46
槓,46
祺,45
聳,45
蓼,45
閾,45
篁,45
剱,45
蘂,45
將,45
溪,45
棠,45
艾,45
礦,45
炳,45
禊,45
ã,44
畢,44
瑩,44
潭,44
螢,44
撈,44
恢,44
俄,44
薮,44
濊,44
貊,44
躾,44
賎,44
癩,44
瀉,44
綝,44
厦,44
菴,44
خ,44
鵺,44
簀,44
袱,44
槨,43
й,43
酩,43
в,43
甜,43
盈,43
閭,43
鄲,43
缺,43
凛,43
搗,43
ع,43
砒,43
涸,43
涛,43
壹,43
淹,43
鼈,43
埔,43
畦,42
樂,42
繇,42
搦,42
鑁,42
愈,42
č,42
Ｂ,42
掬,42
พ,42
馗,42
騏,42
體,42
靼,42
蛾,41
邂,41
逅,41
剌,41
Ｔ,41
曺,41
柾,41
琅,41
轡,41
Ｊ,41
鴫,41
瞻,41
邨,41
崙,41
鴦,41
萠,41
楨,40
瀝,40
逡,40
闕,40
佇,40
襞,40
幀,40
梃,40
琮,40
侃,40
ز,40
處,40
ぉ,40
м,40
Ｃ,40
û,40
蟠,40
饌,40
羈,40
ɛ,40
蝠,40
ł,40
罫,40
筵,40
ห,40
欅,39
韶,39
鬆,39
銛,39
蒯,39
褶,39
德,39
鈞,39
詢,39
麩,39
躰,39
濟,39
闢,39
ë,39
Ö,39
驒,39
菰,39
邃,39
髦,39
鋺,39
枷,38
î,38
嚥,38
尸,38
銖,38
禾,38
晁,38
魄,38
碕,38
ί,38
א,38
鵡,38
潼,38
闔,38
汀,38
เ,38
截,37
獰,37
怜,37
栂,37
褥,37
魎,37
盪,37
潁,37
戈,37
燧,37
鉈,37
橈,37
譬,37
柊,37
黌,37
褻,37
Ｍ,37
縻,37
奚,37
ń,37
糀,37
蛤,36
蝸,36
醉,36
徂,36
賁,36
邈,36
几,36
膾,36
匪,36
Π,36
ø,36
翊,36
ṇ,36
埜,36
謨,36
齊,36
訌,36
躬,36
憺,36
鎔,36
蝙,36
頴,36
萼,36
ح,36
ʔ,36
戰,35
衒,35
埒,35
沮,35
彧,35
斃,35
琦,35
İ,35
Ｐ,35
痍,35
ท,35
閨,35
瀛,35
栩,35
釋,35
叟,35
ה,35
鴉,35
Ψ,35
燦,35
鞜,35
醇,34
瞥,34
琬,34
讖,34
杞,34
徠,34
偃,34
棗,34
ר,34
क,34
娑,34
謐,34
湣,34
鹽,34
捐,34
撼,34
ヮ,34
雖,34
य,34
邏,34
鐙,34
暐,34
毌,33
尭,33
Ü,33
筍,33
茫,33
蠅,33
鋪,33
蹠,33
瑪,33
瑁,33
ě,33
리,33
鏤,33
鞮,33
顰,33
聲,33
ṣ,33
燼,33
垓,33
昶,33
欒,33
餉,33
匍,33
匐,33
駈,33
ग,33
戍,32
發,32
鸕,32
瑤,32
甄,32
烽,32
絲,32
ו,32
栞,32
燿,32
箴,32
厲,32
ḥ,32
臘,32
汾,32
ह,32
ό,32
ม,32
咥,32
籌,32
駝,32
아,32
廖,32
Φ,32
醗,32
彎,32
繫,32
橄,32
欖,32
昊,32
Č,32
อ,32
ะ,32
ė,32
羞,31
掣,31
劈,31
擱,31
舍,31
鈎,31
洸,31
咆,31
咨,31
苺,31
髣,31
髴,31
歎,31
輓,31
閼,31
秉,31
Ｒ,31
簸,31
橇,31
駱,31
扼,31
恆,31
逖,31
Ｉ,31
ğ,31
Ｌ,31
ｔ,30
疸,30
秣,30
罕,30
痔,30
唸,30
壟,30
掖,30
劔,30
腓,30
吒,30
兒,30
捩,30
詭,30
呵,30
勁,30
彝,30
嚮,30
矜,30
遹,30
霆,30
翦,30
б,30
紇,30
濞,30
膺,30
寨,30
鰾,30
諷,30
Γ,30
व,30
鷦,30
Ｅ,30
藷,30
嬬,30
ý,30
謖,30
卷,30
э,30
х,30
स,29
珈,29
勗,29
髻,29
艀,29
鋲,29
吼,29
蟇,29
獺,29
飄,29
鵞,29
ž,29
鄙,29
亙,29
я,29
鰺,29
攬,29
鑓,29
糯,29
ต,29
樅,28
禦,28
澪,28
譙,28
摸,28
沂,28
琲,28
筥,28
蝿,28
菫,28
蜃,28
筌,28
蹙,28
翟,28
霸,28
鞋,28
棕,28
舳,28
筰,28
寔,28
厠,28
ゎ,28
妲,28
歇,28
嬴,28
廂,28
歿,28
辨,28
葭,28
曄,28
ò,28
〆,28
蔬,28
ศ,28
Ç,28
鴛,27
ǎ,27
ì,27
嘯,27
蛎,27
儘,27
鰍,27
誡,27
譴,27
蝗,27
隗,27
臚,27
恕,27
縊,27
瑣,27
粤,27
娥,27
ｋ,27
粳,27
驢,27
櫚,27
驪,27
ṭ,27
郞,27
晟,27
炮,27
躅,27
哩,27
陞,27
咩,27
靈,27
驍,27
甑,26
倚,26
哮,26
鱈,26
澹,26
ŋ,26
訝,26
埵,26
ы,26
प,26
悍,26
悛,26
栢,26
陋,26
稍,26
鍍,26
憫,26
侂,26
Š,26
皖,26
躑,26
跛,26
蠕,26
鷯,26
ㆍ,26
褄,26
檸,26
檬,26
บ,26
峅,26
å,25
嬪,25
穹,25
鬘,25
藺,25
框,25
皋,25
鄂,25
鉅,25
鰯,25
殯,25
靄,25
嵬,25
贇,25
繞,25
歆,25
鮨,25
潴,25
飫,25
鉦,25
粽,25
碾,25
籔,25
Α,25
笈,25
靠,25
ล,25
擂,25
靚,25
ʃ,24
咒,24
侑,24
錚,24
朦,24
暹,24
濘,24
脹,24
奐,24
斛,24
矣,24
С,24
鈷,24
跏,24
銕,24
圖,24
籃,24
燮,24
이,24
晨,24
騸,24
烟,24
訥,24
آ,24
盞,24
郝,24
楡,24
肄,24
萇,24
弖,24
覲,24
ส,24
刳,23
假,23
朶,23
肆,23
瀑,23
涿,23
憔,23
悴,23
ש,23
ά,23
頷,23
蛯,23
ى,23
慟,23
滕,23
Ｖ,23
瑭,23
椙,23
辯,23
Ä,23
瘰,23
癧,23
鵄,23
彊,23
屁,23
歸,23
漳,23
Ｕ,23
粮,23
縷,23
俀,23
夾,22
驃,22
逵,22
粍,22
孩,22
冕,22
Ｘ,22
忿,22
熔,22
份,22
恤,22
邢,22
孺,22
郢,22
騫,22
澗,22
躓,22
Ś,22
醂,22
畫,22
飜,22
稈,22
酈,21
對,21
ɔ,21
悸,21
繚,21
愴,21
籬,21
倖,21
鉞,21
謔,21
擅,21
颯,21
糺,21
怡,21
頗,21
夔,21
瀟,21
द,21
礒,21
ל,21
釐,21
褌,21
鈑,21
淄,21
僊,21
權,21
墉,21
恍,21
齮,21
礙,21
炯,21
蠱,21
夥,21
沽,21
娃,21
Β,21
篋,21
邽,21
嶷,21
豺,21
鮪,21
圻,21
Θ,21
疣,21
噶,21
鞴,20
羣,20
毗,20
磊,20
漲,20
臙,20
鄱,20
從,20
涎,20
鮒,20
ک,20
濮,20
ù,20
佚,20
柯,20
岷,20
Ｆ,20
Χ,20
ь,20
珎,20
敖,20
ｎ,20
Ξ,20
Ｈ,20
ण,20
旌,20
滿,20
弑,20
滔,20
儚,20
矗,20
頡,20
褚,20
奧,20
蝮,20
遐,20
苟,20
兪,20
ɒ,20
ɑ,20
М,20
Ū,20
杁,20
蘚,20
衾,20
篝,20
觀,20
馭,20
鵲,20
腑,20
籐,20
ค,20
য,20
غ,19
卞,19
葷,19
魍,19
蛆,19
侘,19
粂,19
œ,19
滄,19
鉋,19
詁,19
蔗,19
杮,19
霓,19
駙,19
雞,19
Х,19
膽,19
پ,19
囀,19
鬨,19
ɪ,19
ă,19
鯵,19
榕,19
匣,19
ｇ,19
ד,19
廞,19
ज,19
坏,18
þ,18
弋,18
鵯,18
踰,18
纒,18
亳,18
傕,18
莒,18
谿,18
п,18
挹,18
ℓ,18
鄰,18
刁,18
奝,18
ल,18
樓,18
麁,18
Ｋ,18
椹,18
濬,18
姐,18
稱,18
營,18
眜,18
凜,18
瑋,18
瓘,18
誣,18
噲,18
琛,18
舩,18
畸,18
緘,18
禕,18
胝,18
溯,18
গ,18
玻,18
Ｎ,18
忻,18
焜,18
羂,18
繪,18
閒,18
ב,18
ब,18
堝,17
陂,17
暎,17
錢,17
چ,17
詈,17
璟,17
蜻,17
蛉,17
霹,17
靂,17
痣,17
縒,17
冰,17
玕,17
恂,17
酥,17
ษ,17
愾,17
芬,17
犢,17
襦,17
飩,17
鸚,17
泓,17
晞,17
筧,17
坎,17
А,17
蜚,17
艸,17
佼,17
鑒,17
盡,17
熈,17
瑟,17
仍,17
ف,17
徭,17
疝,17
Ｇ,17
聶,17
珥,17
ช,17
踞,17
勺,17
轆,17
颪,16
禱,16
抉,16
紊,16
箍,16
櫟,16
楞,16
磋,16
灃,16
莎,16
ṃ,16
犍,16
窘,16
鴈,16
屎,16
鑢,16
弴,16
貂,16
琰,16
樵,16
冢,16
瞿,16
剿,16
龜,16
蕗,16
楮,16
頊,16
辭,16
鹹,16
肱,16
騖,16
珣,16
孀,16
臏,16
雕,16
拇,16
徙,16
沱,16
ʻ,16
區,16
穗,16
蹼,16
জ,16
轤,16
戡,16
ү,16
泻,16
淤,15
坩,15
屬,15
鈕,15
Т,15
駢,15
曠,15
佞,15
馥,15
熨,15
ת,15
К,15
魑,15
訢,15
ύ,15
श,15
भ,15
Ú,15
孁,15
笄,15
媼,15
嵆,15
杼,15
瀆,15
Р,15
И,15
鐡,15
گ,15
懈,15
吝,15
誥,15
罔,15
黴,15
מ,15
據,15
裒,15
霾,15
垠,15
潅,15
尓,15
鐺,15
Ā,15
礽,15
з,15
만,15
麝,15
觜,15
ħ,15
Æ,15
ʿ,15
糎,14
淩,14
噪,14
鎗,14
鶉,14
瘻,14
邕,14
楫,14
辮,14
髯,14
倪,14
抛,14
氈,14
闖,14
辜,14
葯,14
洵,14
駟,14
榧,14
灞,14
敞,14
饂,14
拱,14
變,14
昵,14
暲,14
ę,14
杲,14
烝,14
黨,14
伶,14
滉,14
澶,14
碼,14
恃,14
霽,14
ˌ,14
銓,14
猊,14
ő,14
昕,14
鞏,14
淞,14
蛟,14
諚,14
嗇,14
佗,14
媽,14
菲,14
慇,14
懃,14
縯,14
ম,14
র,14
驩,14
聊,14
酘,14
簧,14
瑙,14
羿,14
ㇽ,14
豐,14
鉗,14
騭,14
廳,14
ж,14
ำ,14
ป,14
橡,14
淦,14
爭,13
憊,13
芍,13
諤,13
祆,13
旻,13
詡,13
囂,13
ע,13
愼,13
鼬,13
拂,13
Ο,13
鞬,13
蠡,13
毓,13
ภ,13
鐚,13
紬,13
硅,13
Г,13
薀,13
涇,13
爐,13
僖,13
无,13
惲,13
睢,13
數,13
廩,13
구,13
ч,13
襴,13
懽,13
艫,13
愷,13
靜,13
顓,13
В,13
鴟,13
Д,13
刄,13
暈,13
ས,13
餞,13
羆,13
鑚,13
嶮,13
洽,13
樗,13
珉,13
厖,13
劍,13
杳,13
梭,13
โ,13
悳,13
兀,13
筝,13
烤,13
雎,13
Ε,13
匕,13
葩,13
鐔,13
瘴,13
鑼,13
ध,13
ỉ,13
瑯,13
祜,12
筺,12
懼,12
蒂,12
糜,12
瑀,12
裨,12
喃,12
溌,12
箆,12
ئ,12
泪,12
衢,12
啖,12
佶,12
軫,12
渙,12
甸,12
Μ,12
丶,12
塡,12
欝,12
粱,12
崧,12
赧,12
姒,12
衿,12
猗,12
醋,12
袢,12
鶺,12
鴒,12
蒴,12
續,12
胖,12
痂,12
鷄,12
廼,12
奭,12
瀚,12
랑,12
두,12
逯,12
ǔ,12
濂,12
ｘ,12
棊,12
浣,12
妍,12
अ,12
蜥,12
蜴,12
瞽,12
ם,12
च,12
ন,12
輞,12
楪,12
譯,12
絁,12
涓,12
圜,12
渺,12
晧,12
挂,12
臈,12
鶿,12
ʧ,12
媧,12
娍,12
ㇱ,12
罘,12
Ↄ,12
ء,12
į,12
懣,11
卬,11
箚,11
轉,11
冽,11
彖,11
觴,11
璐,11
ط,11
陟,11
毖,11
麴,11
蠢,11
苓,11
吽,11
έ,11
氓,11
姨,11
耙,11
璘,11
沁,11
犁,11
們,11
讓,11
亶,11
猨,11
ɡ,11
劒,11
黑,11
嫦,11
拏,11
龢,11
나,11
誨,11
Н,11
Á,11
啜,11
鼂,11
芾,11
蠍,11
朮,11
枹,11
緞,11
נ,11
聟,11
搏,11
縋,11
侭,11
ż,11
絣,11
曆,11
嗄,11
汶,11
斟,11
驛,11
ư,11
陌,11
ʊ,11
瘧,11
洹,11
ṅ,11
醪,11
郤,11
牘,11
ḍ,11
조,11
霙,11
寐,11
菁,11
פ,11
獠,11
忯,11
苡,11
糒,11
驟,11
昉,11
哪,11
蕁,11
捄,11
མ,11
嫪,11
毐,11
壙,10
碌,10
畯,10
曉,10
蚤,10
醢,10
隲,10
汜,10
사,10
粁,10
糲,10
碭,10
Η,10
Κ,10
أ,10
ǐ,10
Я,10
竦,10
侏,10
蹈,10
巍,10
乍,10
豎,10
고,10
지,10
해,10
醴,10
芷,10
鎭,10
祿,10
甯,10
塼,10
峴,10
錕,10
舂,10
ㇼ,10
茣,10
蓙,10
籟,10
艱,10
བ,10
ｰ,10
珸,10
譽,10
壜,10
杆,10
劓,10
貮,10
辦,10
迢,10
璿,10
ℵ,10
參,10
拜,10
萃,10
燔,10
ř,10
蔣,10
莊,10
璞,10
慷,10
弌,10
燗,10
泛,10
罅,10
ธ,10
拔,10
ص,10
芿,10
鮟,10
鱇,10
鑞,10
狹,10
ข,10
刪,10
ত,10
ব,10
হ,10
ą,10
嚴,10
Ñ,10
笞,10
鑲,9
鰊,9
袞,9
獪,9
枳,9
爰,9
雒,9
赭,9
縹,9
鈇,9
縉,9
趺,9
挌,9
齡,9
郅,9
絅,9
淝,9
إ,9
瀲,9
ष,9
雜,9
黔,9
懋,9
嫩,9
徑,9
弭,9
鰌,9
翫,9
蘿,9
蒡,9
婬,9
慊,9
裙,9
兩,9
歐,9
鄄,9
穰,9
한,9
燾,9
勳,9
라,9
시,9
기,9
竝,9
Ч,9
輦,9
匯,9
兇,9
緝,9
筅,9
槎,9
Đ,9
埓,9
專,9
沒,9
郗,9
豁,9
Б,9
劭,9
熏,9
裃,9
澠,9
枋,9
諶,9
瓠,9
ć,9
麵,9
儋,9
靏,9
囓,9
ơ,9
莚,9
僮,9
汕,9
ṛ,9
煦,9
傪,9
蒿,9
栲,9
厓,9
隨,9
擡,9
巿,9
覃,9
鉧,9
疥,9
蟾,9
么,9
閖,9
豸,9
菘,9
ή,9
沘,9
แ,9
蔀,9
卅,9
鷸,9
腆,9
Ş,9
屡,9
琿,9
ｃ,9
ס,9
弈,9
齕,9
价,9
Τ,9
琺,9
摠,9
ט,9
攙,9
椏,9
褹,9
ŭ,8
瓏,8
郿,8
汴,8
喁,8
儼,8
睫,8
ц,8
蠟,8
椛,8
纓,8
誄,8
佟,8
虢,8
瑶,8
窈,8
ث,8
笊,8
薑,8
우,8
腟,8
寥,8
嘶,8
彥,8
呻,8
邾,8
다,8
가,8
도,8
보,8
동,8
嫗,8
收,8
Ｚ,8
楙,8
釗,8
ǰ,8
誂,8
暘,8
葆,8
ạ,8
謌,8
勛,8
稟,8
淺,8
繼,8
ώ,8
ไ,8
ʁ,8
紮,8
ח,8
貳,8
銜,8
沔,8
臻,8
璝,8
辷,8
雋,8
庠,8
杰,8
幄,8
煇,8
阯,8
覊,8
珅,8
ㅂ,8
ㄱ,8
đ,8
汨,8
藹,8
鴬,8
禛,8
鯀,8
璉,8
舁,8
炻,8
舊,8
殘,8
册,8
의,8
硼,8
蟷,8
螂,8
藥,8
尞,8
侲,8
恙,8
盥,8
呰,8
簑,8
ㇷ,8
嵜,8
枓,8
Ō,8
鮓,8
哄,8
Ī,8
頫,8
閇,8
栴,8
寫,8
匋,8
苾,8
Ż,8
簫,8
ལ,8
鰤,8
ｐ,8
呎,8
ধ,8
ġ,8
כ,8
蕋,8
蠹,8
ㇺ,8
ᠠ,8
咖,8
飡,8
蹶,8
ㅇ,8
聃,8
Þ,7
Í,7
汞,7
媄,7
怙,7
笮,7
覩,7
盒,7
戀,7
黠,7
戛,7
蹇,7
龔,7
耒,7
蘖,7
愧,7
俅,7
瞋,7
凞,7
閦,7
ן,7
諛,7
裝,7
娜,7
耘,7
豨,7
綫,7
內,7
媯,7
殤,7
苴,7
마,7
漪,7
날,7
주,7
綵,7
蕤,7
廙,7
馘,7
羋,7
崛,7
ɟ,7
ш,7
糴,7
顥,7
梼,7
暄,7
穐,7
柞,7
翹,7
氂,7
敕,7
璩,7
詧,7
醱,7
蜆,7
鵰,7
थ,7
牆,7
痤,7
顯,7
ང,7
õ,7
亰,7
迸,7
潞,7
대,7
국,7
甬,7
剝,7
屹,7
躱,7
稻,7
ㄹ,7
溟,7
菽,7
孛,7
垪,7
ĕ,7
梔,7
逹,7
犂,7
獸,7
褘,7
嚳,7
髠,7
敎,7
舉,7
ų,7
瞠,7
ʼ,7
賾,7
灣,7
嚙,7
笵,7
ㇾ,7
ɣ,7
ʕ,7
緡,7
ض,7
յ,7
个,7
ŏ,7
鵟,7
ẓ,7
萢,7
闌,7
誐,7
缽,7
鵝,7
ť,7
ณ,7
摧,7
誾,7
窿,7
豌,7
鏨,7
壢,7
冄,7
莆,7
蕷,7
髀,7
薏,7
ө,7
달,7
你,7
俥,7
玫,7
瑰,7
鞦,7
箝,6
鑠,6
ḻ,6
亟,6
嗾,6
ە,6
眸,6
銷,6
嶠,6
伷,6
璜,6
眭,6
隸,6
僥,6
수,6
그,6
歟,6
ṯ,6
啼,6
羇,6
倅,6
선,6
絓,6
俚,6
廚,6
裘,6
嶌,6
灤,6
鉀,6
縺,6
箜,6
篌,6
鬢,6
薈,6
釵,6
ĭ,6
茘,6
乕,6
譞,6
어,6
쓰,6
闥,6
勣,6
Ｑ,6
頠,6
籙,6
嬲,6
砿,6
輒,6
У,6
Е,6
覡,6
甌,6
逋,6
璣,6
忖,6
椥,6
齒,6
桴,6
梳,6
聿,6
淸,6
亂,6
虱,6
橦,6
Ι,6
鉏,6
疳,6
牀,6
འ,6
ད,6
豉,6
鵤,6
惕,6
陘,6
逄,6
驥,6
諳,6
榠,6
阡,6
ল,6
蝎,6
茱,6
萸,6
碣,6
ʦ,6
榑,6
黻,6
忱,6
裹,6
莘,6
皎,6
檮,6
縢,6
김,6
甪,6
Ḥ,6
성,6
신,6
喆,6
ז,6
ʽ,6
谺,6
劃,6
尔,6
ʒ,6
賨,6
軀,6
酇,6
ﾟ,6
殂,6
悄,6
À,6
玢,6
ș,6
车,6
Œ,6
倆,6
姆,6
攝,6
鄖,6
প,6
鶫,6
楤,6
纈,6
蛄,6
ག,6
화,6
鬣,6
ड,6
襠,6
竃,6
ভ,6
浞,6
簇,6
拯,6
蹲,6
荽,6
貘,6
삼,6
槊,6
韆,6
秬,6
ㅎ,6
壓,5
泝,5
耄,5
癆,5
絳,5
儷,5
鈺,5
悖,5
笘,5
唹,5
ۇ,5
广,5
豬,5
涪,5
塢,5
毋,5
悧,5
군,5
暠,5
謫,5
荃,5
乘,5
ｓ,5
З,5
歙,5
仝,5
芮,5
鄯,5
它,5
瓔,5
拈,5
ฤ,5
掉,5
嗽,5
綠,5
贊,5
蒟,5
蒻,5
狒,5
榻,5
絮,5
ɲ,5
錡,5
吶,5
驁,5
씨,5
개,5
로,5
천,5
백,5
네,5
문,5
소,5
정,5
비,5
衫,5
肜,5
畤,5
虓,5
瘠,5
釟,5
璇,5
覽,5
瑗,5
바,5
盱,5
炆,5
ａ,5
瓌,5
怛,5
默,5
玳,5
隍,5
翺,5
歡,5
梛,5
迩,5
ｉ,5
宀,5
熄,5
ｗ,5
哇,5
淖,5
洌,5
纜,5
椚,5
歬,5
嗔,5
熕,5
讚,5
旃,5
蓁,5
ན,5
醫,5
焯,5
甍,5
檐,5
鎹,5
轅,5
闓,5
蹕,5
驀,5
樝,5
覺,5
增,5
嶢,5
頎,5
葫,5
檔,5
橅,5
ʾ,5
弍,5
П,5
毟,5
蒹,5
脯,5
卡,5
鑊,5
전,5
鈐,5
屢,5
蘄,5
慫,5
慂,5
黥,5
俶,5
연,5
淪,5
炫,5
婼,5
ʰ,5
ヽ,5
坵,5
炷,5
枎,5
泯,5
椓,5
錺,5
璠,5
ɸ,5
ظ,5
岨,5
치,5
ր,5
懶,5
丗,5
ג,5
柤,5
瘋,5
鱠,5
衲,5
嚶,5
穽,5
僰,5
閂,5
ố,5
ň,5
懌,5
兮,5
淨,5
紵,5
蓚,5
ট,5
ক,5
ㇿ,5
颺,5
輅,5
嬃,5
鞣,5
烘,5
曷,5
蹉,5
跌,5
棉,5
ར,5
ὑ,5
Ρ,5
熬,5
龙,5
紈,5
鍇,5
熒,5
禺,5
ㇰ,5
瀰,5
粔,5
籹,5
偸,5
Ṣ,5
ĩ,5
आ,5
鵷,5
鶵,5
鉃,5
俱,5
ḇ,5
璦,5
骰,5
ნ,5
繡,5
ק,5
繦,5
沭,5
羚,5
啡,5
鷆,5
ἐ,5
齶,5
篊,5
菇,5
凖,5
萊,5
鱶,5
蓍,5
È,5
ර,5
굴,5
洿,5
堊,5
າ,5
ະ,5
峪,4
噫,4
圦,4
匱,4
憮,4
銈,4
磧,4
樘,4
懊,4
亠,4
熲,4
华,4
嶂,4
鬮,4
ǫ,4
箙,4
苣,4
燎,4
薺,4
幔,4
幘,4
ｙ,4
挾,4
珞,4
ذ,4
蜉,4
蝣,4
О,4
柬,4
ɘ,4
舖,4
郫,4
佻,4
杙,4
摎,4
詹,4
蔔,4
陜,4
巒,4
鴃,4
戶,4
癘,4
璵,4
颱,4
躋,4
鄣,4
寰,4
袰,4
는,4
하,4
많,4
재,4
좀,4
오,4
자,4
게,4
려,4
閶,4
茯,4
恚,4
鰈,4
慾,4
煖,4
瀨,4
ɨ,4
帶,4
點,4
盎,4
腧,4
筠,4
誑,4
ˋ,4
麥,4
埣,4
謇,4
驅,4
慚,4
ｈ,4
愬,4
咢,4
袤,4
狎,4
塚,4
鄢,4
鬩,4
葎,4
麼,4
榔,4
昫,4
闐,4
檫,4
滾,4
惻,4
茌,4
胄,4
璆,4
蚝,4
翽,4
상,4
萍,4
磴,4
彤,4
ф,4
櫲,4
ả,4
Ē,4
嶝,4
垞,4
欹,4
ˆ,4
彈,4
娄,4
姞,4
磚,4
錣,4
皷,4
窖,4
麑,4
Ｙ,4
濶,4
廾,4
諄,4
兕,4
獻,4
絇,4
壤,4
垝,4
鑪,4
惺,4
騶,4
袷,4
效,4
儂,4
戾,4
豢,4
琊,4
ண,4
魴,4
靫,4
电,4
荅,4
蜊,4
髞,4
㓛,4
ʌ,4
騾,4
勱,4
汧,4
漓,4
𩹄,4
ե,4
觚,4
睺,4
歷,4
榷,4
鰆,4
鱸,4
媓,4
媞,4
簞,4
ḏ,4
ḫ,4
擶,4
鯢,4
繧,4
繝,4
鑰,4
ʀ,4
廢,4
ญ,4
珙,4
繻,4
杠,4
ਨ,4
桙,4
齲,4
珖,4
Î,4
鵙,4
樒,4
枘,4
鎺,4
袒,4
彘,4
跗,4
蝴,4
纐,4
仭,4
擺,4
廐,4
ồ,4
ㇻ,4
夛,4
战,4
嬋,4
娟,4
鶲,4
岫,4
嬾,4
篦,4
ट,4
椴,4
鱧,4
乭,4
ঙ,4
摑,4
黃,4
爼,4
鷟,4
傻,4
撻,4
擎,4
ﾝ,4
佬,4
圍,4
Ж,4
穌,4
蕈,4
罌,4
駑,4
酛,4
㶞,4
扛,4
屛,4
醵,4
瓤,4
捔,4
Л,4
咱,4
驫,4
鶆,4
벌,4
敝,4
兔,4
Ô,4
洟,4
謾,4
薹,4
槭,4
畚,4
维,4
忉,4
歹,4
枪,4
塲,4
ජ,4
க,4
ச,4
莓,4
曚,4
觝,4
輟,4
ㄷ,4
ㅈ,4
ㅆ,4
넉,4
갑,4
婺,4
驎,4
龠,4
桎,3
梏,3
衜,3
涑,3
蹣,3
跚,3
妝,3
倡,3
郕,3
涕,3
鯔,3
襤,3
褸,3
猖,3
獗,3
妣,3
Ž,3
분,3
萵,3
蕙,3
圉,3
恠,3
鰲,3
繩,3
ῦ,3
溫,3
朐,3
訾,3
薁,3
鲜,3
查,3
嶸,3
窴,3
橐,3
孰,3
ὐ,3
侗,3
瓣,3
澈,3
咕,3
怩,3
菏,3
價,3
ɐ,3
窗,3
很,3
磬,3
狆,3
泚,3
徇,3
慙,3
闞,3
저,3
영,3
湉,3
劻,3
档,3
요,3
를,3
산,3
났,3
응,3
경,3
임,3
인,3
에,3
堨,3
眕,3
幷,3
囊,3
擧,3
熺,3
당,3
郴,3
夬,3
杤,3
ゔ,3
醬,3
щ,3
噠,3
塤,3
幞,3
餈,3
壯,3
ḙ,3
冂,3
匚,3
夊,3
夂,3
彳,3
亅,3
攴,3
Ó,3
鵑,3
憍,3
Ν,3
蕓,3
檳,3
澂,3
慳,3
顏,3
餺,3
飥,3
𓇋,3
𓏤,3
髁,3
邲,3
麋,3
跆,3
睹,3
羕,3
耜,3
霑,3
汊,3
覓,3
ཁ,3
閬,3
ἄ,3
鯏,3
齣,3
禋,3
㔨,3
䐗,3
暾,3
嘏,3
霄,3
眙,3
崤,3
軹,3
髮,3
嚭,3
岌,3
澆,3
湟,3
박,3
부,3
昻,3
楸,3
寬,3
說,3
嫣,3
曁,3
黐,3
墅,3
忝,3
욕,3
緖,3
坳,3
躡,3
ʉ,3
墩,3
Ƿ,3
隞,3
嗩,3
鴇,3
腩,3
磤,3
覯,3
灊,3
珝,3
Ф,3
Ё,3
睛,3
초,3
스,3
眾,3
Ë,3
琪,3
鷂,3
타,3
穉,3
詝,3
虨,3
冩,3
창,3
원,3
래,3
鎰,3
潢,3
悝,3
葅,3
耨,3
일,3
鍈,3
奶,3
禔,3
방,3
动,3
每,3
擒,3
搔,3
祛,3
峽,3
藕,3
嫄,3
ɦ,3
衽,3
毳,3
ἀ,3
ю,3
蓴,3
澔,3
ա,3
ւ,3
螭,3
俤,3
鰒,3
蒭,3
狢,3
麈,3
柝,3
Ã,3
抓,3
姝,3
鏱,3
吋,3
捥,3
笨,3
양,3
簪,3
ヾ,3
匏,3
赛,3
寢,3
莵,3
麭,3
顚,3
밭,3
勰,3
徧,3
荑,3
塒,3
詒,3
麛,3
肚,3
唎,3
时,3
ผ,3
ถ,3
鴿,3
滙,3
邛,3
眇,3
স,3
單,3
鐃,3
鶡,3
牖,3
嘛,3
橫,3
鼡,3
鳰,3
腮,3
錄,3
樾,3
樣,3
巘,3
ཞ,3
綎,3
禑,3
捫,3
晢,3
남,3
撿,3
豅,3
야,3
遑,3
빵,3
懴,3
玃,3
猱,3
狨,3
箟,3
彜,3
ठ,3
湍,3
殀,3
褫,3
禖,3
ự,3
ộ,3
侖,3
ণ,3
দ,3
চ,3
শ,3
उ,3
埕,3
ｕ,3
鹼,3
蛻,3
ṓ,3
鄩,3
燒,3
Ṭ,3
컴,3
扎,3
燉,3
嵓,3
遯,3
磑,3
ｸ,3
ﾞ,3
𤘩,3
倞,3
ვ,3
რ,3
ი,3
眄,3
ｶ,3
포,3
棧,3
驗,3
코,3
Ц,3
葳,3
焊,3
幺,3
喔,3
ؤ,3
廰,3
讎,3
鉚,3
岔,3
麪,3
掫,3
豈,3
蔘,3
倧,3
裵,3
您,3
灋,3
粢,3
俾,3
燜,3
ɾ,3
Э,3
蜍,3
迴,3
胛,3
滌,3
ḵ,3
살,3
서,3
沆,3
甝,3
ක,3
珓,3
པ,3
帙,3
瑄,3
蟋,3
櫔,3
厂,3
ཏ,3
銹,3
潙,3
ㄴ,3
ㅅ,3
ㄳ,3
ㅄ,3
러,3
좋,3
굻,3
滇,3
栻,3
ċ,3
氧,3
羃,3
斈,3
ລ,3
ປ,3
ຊ,3
柢,2
聽,2
鯡,2
讌,2
鷀,2
嵊,2
溧,2
韵,2
哦,2
寞,2
淙,2
悽,2
綦,2
鋕,2
攷,2
滂,2
郛,2
为,2
퍼,2
䦰,2
籖,2
絕,2
ј,2
Υ,2
頲,2
愃,2
ἰ,2
鬲,2
鬻,2
獫,2
狁,2
鍑,2
鄆,2
膈,2
髎,2
顱,2
ख,2
儔,2
ĝ,2
燙,2
肸,2
煆,2
鄕,2
悰,2
舸,2
熜,2
杬,2
巓,2
卆,2
垕,2
网,2
咾,2
忸,2
賴,2
狀,2
柷,2
蝟,2
藂,2
騅,2
畧,2
綯,2
喊,2
郯,2
鼐,2
넘,2
간,2
버,2
별,2
꽃,2
본,2
까,2
열,2
머,2
겨,2
올,2
장,2
礻,2
珧,2
佽,2
吞,2
㦮,2
ｚ,2
炅,2
旼,2
簽,2
阬,2
獼,2
姤,2
瓛,2
煜,2
疒,2
ｂ,2
鍪,2
嚈,2
渝,2
鯇,2
昺,2
雱,2
薜,2
鄜,2
艹,2
辵,2
辶,2
阝,2
囗,2
匸,2
鬯,2
豕,2
鳧,2
凩,2
叻,2
菼,2
煒,2
渼,2
癡,2
ữ,2
髆,2
鏝,2
痾,2
𓂋,2
辧,2
竑,2
纖,2
异,2
侔,2
Ἀ,2
侫,2
宓,2
鯲,2
抔,2
殃,2
蹤,2
洧,2
眘,2
遒,2
鄠,2
愆,2
嗷,2
柸,2
滏,2
跖,2
廋,2
犖,2
愿,2
黜,2
민,2
瑒,2
吁,2
薤,2
侊,2
蔲,2
蜩,2
弇,2
晤,2
粿,2
ｒ,2
犛,2
乢,2
ছ,2
睥,2
伜,2
할,2
독,2
楜,2
𐤀,2
膂,2
适,2
婕,2
妤,2
망,2
십,2
檍,2
愔,2
沜,2
Ϝ,2
楝,2
鋮,2
俔,2
翆,2
蟬,2
鴗,2
窕,2
剏,2
祕,2
碽,2
楩,2
莅,2
萑,2
殮,2
胼,2
潛,2
耍,2
윤,2
희,2
진,2
학,2
습,2
과,2
회,2
레,2
토,2
빠,2
緱,2
종,2
汙,2
ର,2
薭,2
蓀,2
鏞,2
ள,2
ன,2
羔,2
晚,2
세,2
없,2
면,2
중,2
앙,2
侨,2
滷,2
懷,2
际,2
諟,2
捃,2
Ү,2
刵,2
剕,2
ހ,2
ރ,2
އ,2
ޖ,2
軕,2
і,2
巂,2
ʂ,2
厝,2
厙,2
蹋,2
椽,2
囘,2
徸,2
崴,2
滯,2
ն,2
ը,2
վ,2
ո,2
ի,2
գ,2
ք,2
ץ,2
ъ,2
珩,2
估,2
漯,2
瘟,2
물,2
鯽,2
洱,2
鶇,2
籩,2
鈦,2
姬,2
寀,2
脉,2
仂,2
𐎢,2
𐎼,2
𐎠,2
ὀ,2
Â,2
鏢,2
팔,2
粨,2
籵,2
堈,2
ŝ,2
縑,2
瀘,2
鶸,2
墻,2
戳,2
𐌹,2
穝,2
ਮ,2
窣,2
Ţ,2
茴,2
麸,2
फ,2
병,2
沅,2
鑈,2
鼾,2
丽,2
昜,2
ǁ,2
东,2
ใ,2
濛,2
ё,2
ฮ,2
ฉ,2
ฐ,2
砌,2
蘋,2
鐶,2
艪,2
弢,2
榦,2
অ,2
莪,2
勞,2
輕,2
祖,2
鸛,2
鸇,2
桵,2
惶,2
ㇳ,2
晙,2
ཆ,2
壩,2
礱,2
饕,2
餮,2
ﾉ,2
蚩,2
嗤,2
塏,2
鎣,2
飮,2
飠,2
﨟,2
단,2
강,2
鬃,2
䜌,2
婀,2
乇,2
沾,2
湫,2
獦,2
晗,2
擐,2
울,2
丐,2
식,2
顙,2
猚,2
猓,2
狖,2
鶩,2
婧,2
搪,2
麬,2
鶖,2
贍,2
禪,2
卨,2
鉥,2
泠,2
무,2
황,2
북,2
ầ,2
ậ,2
覘,2
筦,2
偐,2
壻,2
觸,2
호,2
泔,2
釼,2
海,2
উ,2
ষ,2
छ,2
睍,2
腥,2
嵭,2
磺,2
艋,2
舺,2
歲,2
루,2
ʤ,2
鸑,2
鋩,2
鮹,2
鱆,2
颶,2
胯,2
諕,2
稅,2
廑,2
ڭ,2
苕,2
ⁿ,2
ܐ,2
佈,2
거,2
탕,2
豷,2
鈩,2
癈,2
矍,2
ʋ,2
ɖ,2
籏,2
嫂,2
ɯ,2
賚,2
棱,2
裄,2
농,2
법,2
嶧,2
滈,2
縵,2
娀,2
ﾄ,2
魵,2
鰕,2
簦,2
Ș,2
ｖ,2
阳,2
靉,2
靆,2
弯,2
僦,2
설,2
鯤,2
簠,2
簋,2
ǃ,2
駸,2
竭,2
梠,2
剳,2
წ,2
ე,2
ც,2
ძ,2
傴,2
僂,2
蕘,2
미,2
난,2
皁,2
斿,2
售,2
Ἱ,2
陬,2
膊,2
帚,2
晪,2
滻,2
咯,2
顫,2
濵,2
枸,2
櫞,2
芇,2
챠,2
跑,2
匤,2
怫,2
瓱,2
竰,2
ᡥ,2
ᠯ,2
抬,2
眈,2
壑,2
枦,2
釀,2
帕,2
臉,2
舮,2
凭,2
錻,2
帑,2
ḗ,2
ɹ,2
ɚ,2
隩,2
厰,2
褧,2
ა,2
ꜜ,2
鼇,2
虾,2
聨,2
僵,2
ｄ,2
鵼,2
楣,2
詿,2
嫮,2
椈,2
蝌,2
蚪,2
鸝,2
纆,2
Ï,2
醞,2
膩,2
畴,2
떡,2
鯷,2
䚟,2
艟,2
ṕ,2
釻,2
啾,2
ῶ,2
姖,2
겹,2
兢,2
蠇,2
鰛,2
鰮,2
鰰,2
鱩,2
轮,2
璈,2
奬,2
懍,2
僔,2
ὕ,2
㠀,2
犧,2
寤,2
ශ,2
ල,2
ත,2
න,2
ல,2
ய,2
ட,2
ர,2
Ł,2
菠,2
薐,2
从,2
迺,2
ὶ,2
ῆ,2
ῷ,2
戲,2
駰,2
擘,2
撕,2
戩,2
丄,2
篷,2
縟,2
த,2
牋,2
ỹ,2
步,2
鏵,2
ㄺ,2
ㄻ,2
ㄿ,2
ㄼ,2
ㅁ,2
옷,2
밖,2
넓,2
널,2
삶,2
넋,2
값,2
ㄶ,2
ㅀ,2
啉,2
竽,2
褲,2
舃,2
屨,2
屐,2
鞫,2
莇,2
堉,2
鄹,2
夘,2
蚯,2
蚓,2
柒,2
Å,2
鈹,2
鏐,2
溏,2
亖,2
ţ,2
曵,2
朖,2
蛞,2
蝓,2
呷,2
ך,2
亚,2
蹻,2
瓲,2
噸,2
聸,2
籘,2
ທ,2
ນ,2
琫,2
Ð,1
旉,1
戢,1
昞,1
芲,1
靍,1
擯,1
淚,1
骑,1
衄,1
秭,1
檠,1
㕎,1
馺,1
洮,1
斄,1
种,1
邟,1
覬,1
硲,1
肃,1
䴥,1
贓,1
术,1
餝,1
Ῥ,1
ᾶ,1
䰗,1
љ,1
계,1
侁,1
潯,1
鼷,1
遘,1
溲,1
薰,1
蹛,1
癯,1
腴,1
Ά,1
ἡ,1
髃,1
脘,1
嚨,1
ए,1
घ,1
馿,1
摶,1
约,1
Ĝ,1
ฬ,1
騑,1
諢,1
橖,1
埦,1
渗,1
繒,1
ʲ,1
㷖,1
卫,1
纸,1
搞,1
坖,1
琠,1
노,1
태,1
溷,1
尠,1
膅,1
藐,1
צ,1
洨,1
蚌,1
滁,1
璬,1
昩,1
鱂,1
郇,1
迥,1
譖,1
胙,1
甗,1
邴,1
歜,1
郳,1
더,1
채,1
璷,1
님,1
은,1
청,1
늘,1
엔,1
새,1
웬,1
갠,1
섣,1
듯,1
든,1
셨,1
데,1
못,1
누,1
괴,1
름,1
눈,1
억,1
질,1
盌,1
紞,1
湨,1
漼,1
嬈,1
羸,1
哿,1
鬪,1
兟,1
른,1
嵕,1
ॐ,1
ळ,1
轑,1
虛,1
冐,1
險,1
皞,1
氊,1
ӕ,1
鍜,1
鱅,1
鰱,1
偁,1
玨,1
乣,1
ǖ,1
僉,1
㻋,1
儿,1
丨,1
厶,1
卩,1
撇,1
禸,1
黹,1
髟,1
彡,1
篪,1
Ἰ,1
楹,1
槱,1
韞,1
堃,1
鏗,1
纘,1
詵,1
悆,1
悋,1
諂,1
琇,1
ừ,1
ể,1
嫖,1
𓊃,1
𓄿,1
𓌙,1
𓀀,1
𓁐,1
𓏥,1
蛔,1
籁,1
龗,1
媸,1
酓,1
郟,1
倨,1
狷,1
单,1
ŗ,1
疚,1
瞟,1
鑛,1
镥,1
І,1
Ї,1
Ј,1
刂,1
鳫,1
虺,1
畀,1
籀,1
蓂,1
搆,1
溂,1
橢,1
畡,1
鉁,1
ཙ,1
梆,1
釭,1
脰,1
尟,1
岠,1
轘,1
坫,1
洎,1
漒,1
汭,1
蠮,1
螉,1
懦,1
謏,1
浹,1
灄,1
劳,1
濼,1
근,1
혜,1
詖,1
憕,1
垍,1
琯,1
림,1
倩,1
觭,1
腊,1
楂,1
ʏ,1
ὁ,1
ὅ,1
邘,1
淯,1
Ỉ,1
朓,1
罧,1
賰,1
惡,1
殭,1
阴,1
贼,1
秽,1
류,1
땅,1
鰡,1
鱲,1
Ⰲ,1
𐤁,1
淅,1
雯,1
緣,1
錞,1
𧮾,1
ợ,1
苽,1
苒,1
莨,1
濉,1
盜,1
ǵ,1
ϝ,1
Ѱ,1
Њ,1
斫,1
孃,1
ᚦ,1
崁,1
塽,1
蘓,1
玅,1
靑,1
唭,1
袛,1
壖,1
埭,1
旒,1
巵,1
祤,1
綣,1
㐧,1
捍,1
蔕,1
䑞,1
簍,1
羑,1
摔,1
墮,1
瓷,1
馯,1
Ʒ,1
Ѳ,1
발,1
瑎,1
諲,1
譔,1
砣,1
鰉,1
﨨,1
瀷,1
등,1
브,1
념,1
孽,1
妮,1
玆,1
와,1
ㅔ,1
瑆,1
艜,1
黽,1
墎,1
枉,1
扣,1
ϊ,1
敍,1
鴆,1
誴,1
추,1
특,1
급,1
ɴ,1
암,1
범,1
彔,1
壞,1
穩,1
諴,1
𐤃,1
攽,1
劬,1
豽,1
鼲,1
弽,1
鱷,1
鼉,1
碻,1
磝,1
揣,1
踝,1
埇,1
膁,1
ଥ,1
ଯ,1
ତ,1
莂,1
凾,1
鏘,1
嵎,1
砮,1
楛,1
ப,1
ற,1
挈,1
聵,1
逸,1
ۍ,1
으,1
贴,1
吧,1
禩,1
송,1
渢,1
漊,1
ㄆ,1
ㄒ,1
传,1
贤,1
选,1
园,1
红,1
傖,1
驊,1
螞,1
Ң,1
Ө,1
龞,1
ދ,1
ވ,1
ގ,1
މ,1
ޔ,1
檪,1
ﯦ,1
煓,1
濰,1
餬,1
痼,1
殄,1
ɕ,1
ʐ,1
ʑ,1
ʝ,1
蚺,1
盍,1
豲,1
泫,1
磻,1
攄,1
螽,1
𫵾,1
𩲈,1
犨,1
稉,1
掎,1
应,1
强,1
竞,1
縠,1
緇,1
Հ,1
կ,1
ծ,1
ձ,1
ց,1
հ,1
糗,1
麨,1
閎,1
ｱ,1
ﾎ,1
ḿ,1
晄,1
牂,1
牁,1
蜿,1
蜒,1
嫵,1
窶,1
两,1
慥,1
𛅧,1
魳,1
魣,1
鮍,1
찐,1
왕,1
꽁,1
擔,1
鰩,1
𩹉,1
视,1
鮬,1
闋,1
𩸶,1
皕,1
釆,1
嬗,1
蜈,1
蚣,1
芟,1
昢,1
怕,1
剄,1
禃,1
倎,1
勐,1
絧,1
埤,1
갱,1
姙,1
𐎳,1
𐎬,1
𒌑,1
𒅁,1
𒊏,1
𒌅,1
𒅖,1
𒌓,1
𒄒,1
𒉣,1
Ϻ,1
竴,1
洄,1
諝,1
용,1
ﾃ,1
鏧,1
Ա,1
տ,1
ɽ,1
ɻ,1
〱,1
〲,1
佰,1
环,1
铃,1
驰,1
队,1
刕,1
鱺,1
鰋,1
𩷑,1
鷭,1
蝥,1
Ͱ,1
稹,1
䳑,1
鸐,1
𐌸,1
𐌿,1
𐌳,1
𐌰,1
𐍂,1
𐌴,1
𐌺,1
𐍃,1
炕,1
麀,1
ਹ,1
ਸ,1
ਘ,1
靇,1
舄,1
瓺,1
潦,1
醯,1
儗,1
貔,1
Ẓ,1
鷓,1
鴣,1
Ἑ,1
ῖ,1
拖,1
𩲃,1
𩵄,1
䰢,1
魓,1
𩳐,1
魒,1
荸,1
ụ,1
슴,1
皈,1
枛,1
〻,1
禯,1
嚏,1
澮,1
桹,1
烋,1
媳,1
鈫,1
鋿,1
頰,1
崍,1
Ő,1
媿,1
肅,1
霫,1
燏,1
棻,1
騁,1
檉,1
墊,1
隃,1
傣,1
ʷ,1
최,1
Ҳ,1
қ,1
ҷ,1
鵥,1
歛,1
鯑,1
蠑,1
鰙,1
鵐,1
鶍,1
ڵ,1
聢,1
鞢,1
轂,1
联,1
ỳ,1
棙,1
錥,1
痞,1
獎,1
筬,1
奯,1
嶴,1
謦,1
阽,1
虖,1
偰,1
ཚ,1
湔,1
莋,1
ཀ,1
糕,1
莹,1
殁,1
咏,1
ซ,1
薲,1
蚡,1
秺,1
𩙿,1
戋,1
栈,1
﨤,1
皙,1
릉,1
Ẫ,1
ở,1
ặ,1
叺,1
壼,1
榁,1
薷,1
蚫,1
茵,1
鱼,1
ञ,1
连,1
啤,1
载,1
沪,1
虬,1
螘,1
貲,1
唏,1
碆,1
충,1
카,1
ኢ,1
ሳ,1
ይ,1
ያ,1
ስ,1
ኣ,1
ፈ,1
ወ,1
ር,1
ቅ,1
曩,1
仿,1
𤟱,1
涉,1
ڬ,1
綮,1
陕,1
们,1
鬟,1
皹,1
瑫,1
牓,1
孑,1
𤟹,1
獶,1
䴇,1
嵋,1
农,1
槲,1
营,1
业,1
润,1
碱,1
㶏,1
炤,1
ũ,1
繙,1
쟁,1
昤,1
廁,1
ấ,1
譫,1
Ř,1
荔,1
滹,1
瘁,1
逾,1
摹,1
袠,1
兰,1
침,1
ề,1
ế,1
爿,1
轎,1
衎,1
譎,1
吮,1
銒,1
瘣,1
擿,1
捭,1
ঞ,1
ঠ,1
ড,1
ৎ,1
আ,1
থ,1
Ĭ,1
Ĕ,1
鵆,1
鴴,1
鰝,1
岻,1
扨,1
军,1
儕,1
觿,1
耑,1
鴾,1
鵇,1
蘗,1
ŵ,1
峒,1
筴,1
荖,1
椨,1
椪,1
髢,1
螇,1
蚸,1
𒀭,1
扃,1
曻,1
煲,1
爹,1
癰,1
薌,1
ƀ,1
ܬ,1
ܘ,1
ܡ,1
슈,1
鄫,1
虠,1
飭,1
澀,1
隱,1
ˑ,1
鰄,1
噏,1
滊,1
䵍,1
剔,1
胠,1
鈸,1
체,1
蕞,1
旄,1
怚,1
刖,1
凮,1
𠊎,1
ｲ,1
ﾗ,1
螧,1
棓,1
ཨ,1
勸,1
坭,1
貉,1
ཐ,1
ཕ,1
ↄ,1
绥,1
氵,1
𧵑,1
餾,1
嚟,1
岼,1
逧,1
Ω,1
僾,1
蘅,1
痲,1
痹,1
砾,1
盐,1
剗,1
Ἐ,1
ị,1
璁,1
鯆,1
簎,1
矠,1
耻,1
樞,1
览,1
胰,1
頖,1
衂,1
芫,1
Ъ,1
Щ,1
მ,1
თ,1
ლ,1
გ,1
ფ,1
ქ,1
芃,1
鹏,1
诗,1
窆,1
ﾊ,1
ﾀ,1
ﾅ,1
輾,1
칠,1
복,1
절,1
畓,1
옥,1
답,1
공,1
락,1
위,1
蓆,1
예,1
絜,1
ῑ,1
听,1
傔,1
Ǎ,1
캡,1
틴,1
휴,1
쳐,1
함,1
메,1
트,1
Պ,1
լ,1
ս,1
ʹ,1
髫,1
蜑,1
虧,1
訇,1
澍,1
跣,1
枩,1
釬,1
钎,1
銲,1
剂,1
镴,1
珤,1
㭽,1
潏,1
綢,1
鶤,1
秧,1
暕,1
晅,1
㬏,1
曣,1
曦,1
㫟,1
燠,1
黶,1
姁,1
伉,1
襍,1
倬,1
Ꞓ,1
Є,1
빨,1
趵,1
駭,1
哆,1
瑇,1
ۆ,1
朏,1
翛,1
峁,1
墕,1
塋,1
饐,1
ɬ,1
屆,1
货,1
晳,1
丏,1
悃,1
諗,1
祩,1
瓧,1
瓸,1
瓩,1
瓰,1
甅,1
竍,1
竡,1
竏,1
竕,1
竓,1
ᠰ,1
ᡳ,1
ᠶ,1
ᠨ,1
ᡠ,1
ᠩ,1
ᡤ,1
ᡩ,1
육,1
鄚,1
訒,1
酣,1
菝,1
葜,1
輙,1
趕,1
鑫,1
駃,1
騠,1
敔,1
孳,1
螾,1
忤,1
緧,1
閡,1
潡,1
莖,1
ʎ,1
遟,1
鵶,1
睆,1
불,1
喟,1
현,1
승,1
엽,1
埈,1
媾,1
繃,1
빛,1
鰞,1
魷,1
饱,1
ɤ,1
囎,1
頏,1
獬,1
蠶,1
ཇ,1
釃,1
礟,1
鵩,1
耦,1
ﾙ,1
蒨,1
襾,1
组,1
陷,1
ო,1
ბ,1
უ,1
ჯ,1
鞀,1
鏈,1
抖,1
擻,1
䱱,1
綃,1
擇,1
叮,1
嚀,1
ɫ,1
ᶞ,1
鱢,1
喿,1
榘,1
遏,1
蝲,1
躄,1
节,1
ễ,1
濹,1
炘,1
暨,1
险,1
围,1
师,1
배,1
월,1
드,1
둑,1
터,1
礿,1
溱,1
ሾ,1
ተ,1
ል,1
碯,1
蟜,1
ĉ,1
ĵ,1
ĥ,1
䉼,1
稘,1
苳,1
茀,1
嶦,1
桕,1
树,1
莺,1
ǂ,1
ۈ,1
ھ,1
轀,1
魨,1
煨,1
閹,1
詆,1
貽,1
圄,1
祐,1
乐,1
ﾈ,1
魸,1
梣,1
령,1
羡,1
綧,1
狠,1
艨,1
猝,1
蚵,1
ף,1
堦,1
浿,1
芊,1
攤,1
埗,1
笪,1
苆,1
隹,1
泅,1
鬐,1
駮,1
鶚,1
圆,1
块,1
萹,1
케,1
티,1
灵,1
梦,1
别,1
竩,1
謜,1
鱣,1
𐎱,1
𐎿,1
樸,1
珮,1
纪,1
餻,1
ᾱ,1
潑,1
籽,1
목,1
膛,1
碪,1
鸙,1
忩,1
㐂,1
龝,1
犴,1
𠵇,1
傌,1
ढ,1
畺,1
澧,1
璨,1
鱪,1
鱰,1
粃,1
鯕,1
瘖,1
殱,1
桒,1
噬,1
嗑,1
檨,1
ヸ,1
섬,1
棫,1
獒,1
簺,1
僣,1
ප,1
ස,1
ම,1
ව,1
ද,1
ය,1
இ,1
ங,1
ந,1
ஷ,1
업,1
耋,1
虆,1
飞,1
軆,1
惢,1
乩,1
醮,1
晸,1
ǧ,1
冖,1
殳,1
满,1
ἷ,1
鍱,1
翎,1
矞,1
역,1
矦,1
瓫,1
ṁ,1
漾,1
瘦,1
堞,1
骼,1
餠,1
凢,1
恶,1
ˤ,1
说,1
榀,1
鰷,1
𫙮,1
鋰,1
乒,1
乓,1
杌,1
窫,1
窳,1
褞,1
啢,1
腦,1
彍,1
佺,1
襆,1
䍦,1
胭,1
靨,1
羮,1
倀,1
嚩,1
囑,1
ம,1
ழ,1
வ,1
흑,1
ṝ,1
ḷ,1
ḹ,1
翩,1
돈,1
관,1
襌,1
璫,1
澒,1
韙,1
縅,1
棭,1
蛦,1
濔,1
蚶,1
丂,1
櫪,1
枥,1
愰,1
昰,1
徵,1
谘,1
塰,1
ẽ,1
遞,1
剐,1
외,1
째,1
捽,1
飪,1
Ɔ,1
釕,1
斷,1
韴,1
嗛,1
呫,1
魛,1
婪,1
睞,1
窠,1
磌,1
遶,1
ű,1
들,1
겜,1
제,1
합,1
ਗ,1
ਰ,1
ਕ,1
秊,1
籼,1
Ċ,1
蠔,1
燊,1
诸,1
梈,1
傒,1
Ħ,1
언,1
ㅊ,1
ㅋ,1
ㅌ,1
ㅍ,1
ㄲ,1
옫,1
받,1
테,1
께,1
ㄵ,1
ㄽ,1
ㄾ,1
따,1
허,1
ꡂ,1
ꡊ,1
ꡙ,1
ꡎ,1
ꡛ,1
𐤏,1
ㅸ,1
ㆄ,1
ㅹ,1
ㅱ,1
攵,1
盘,1
碟,1
撣,1
袿,1
翬,1
韐,1
蕚,1
ℝ,1
頵,1
毇,1
爨,1
裲,1
釤,1
苹,1
ℎ,1
ℏ,1
ἔ,1
襪,1
ˁ,1
ẞ,1
黼,1
肓,1
塨,1
驌,1
𣂑,1
궁,1
피,1
었,1
니,1
朞,1
Ľ,1
泙,1
躔,1
图,1
紱,1
裯,1
幵,1
倽,1
粵,1
絽,1
秕,1
嗢,1
拕,1
佯,1
ů,1
稃,1
昪,1
𝒷,1
ヷ,1
迚,1
噤,1
堠,1
埶,1
丮,1
蓺,1
蔴,1
獘,1
跢,1
𡩛,1
𫡷,1
釷,1
粭,1
蓜,1
簔,1
ῥ,1
橪,1
衚,1
衕,1
瞎,1
伙,1
关,1
ﺣ,1
ﻘ,1
ﻮ,1
ﻕ,1
ﺍ,1
ﻟ,1
ﻠ,1
ﻪ,1
ﻻ,1
暀,1
殩,1
跫,1
魘,1
隝,1
嶹,1
ᵝ,1
饑,1
垰,1
鶙,1
鮃,1
紉,1
濕,1
桌,1
평,1
직,1
Ю,1
Ы,1
桉,1
廸,1
瘀,1
竅,1
兛,1
兞,1
ﾐ,1
ﾛ,1
ǽ,1
絋,1
蘘,1
ฒ,1
뛰,1
䡄,1
詘,1
捶,1
糢,1
ສ,1
ດ,1
ໄ,1
ຕ,1
ວ,1
檛,1
撾,1
ủ,1
ớ,1
总,1
窼,1
姈,1
