이,5070124
다,4620829
에,3773596
의,3709176
는,3356775
로,2726506
하,2619860
을,2301728
가,1986004
고,1917487
지,1898209
서,1857585
한,1838529
은,1764213
기,1623125
으,1479610
사,1450823
대,1438132
리,1435692
시,1418287
를,1394195
년,1364834
스,1333744
도,1319686
인,1280293
일,1121881
아,1107613
자,1087540
어,1066357
라,1036630
있,1032505
수,1018682
나,989863
부,964668
그,954092
전,950835
되,911327
정,909016
국,894470
과,872424
해,855479
주,840023
었,828304
제,811287
들,766677
성,696504
장,692848
여,677201
구,674474
상,667474
적,666053
e,654315
동,650657
했,625710
월,617457
위,611153
a,608774
와,607629
원,595650
게,577349
였,574369
공,574080
선,569241
만,550917
보,550266
마,549356
트,539682
조,534226
며,533505
드,528728
중,527543
화,520308
o,518605
경,511811
우,510407
미,496802
소,496694
유,495702
학,492027
세,489193
r,486562
비,483841
교,482532
신,471639
i,471546
오,467334
르,455450
문,452185
치,445437
개,441311
명,437192
n,434706
계,428411
면,422988
연,421468
후,421230
관,416361
회,412914
것,408496
등,408253
역,407496
된,405231
진,403607
영,400310
터,398470
모,397739
용,393285
프,375599
t,373995
발,371986
군,361267
l,357554
무,356632
당,356169
러,353202
산,352295
작,350505
재,343088
방,340937
니,339723
타,337315
민,337048
음,337029
데,333647
단,331528
m,330112
거,325568
레,323134
s,315014
통,304741
간,303370
분,299134
카,298717
반,293302
생,292827
안,292791
바,290028
체,288361
포,286969
크,285760
차,285625
내,284481
행,283466
호,273798
식,273333
현,270133
본,268310
운,267831
노,266103
u,260656
할,259037
파,257415
남,255740
종,254748
물,254668
양,249213
요,247827
때,245220
출,243058
속,240039
실,238112
임,236055
두,229367
함,227547
야,227370
토,222290
던,222117
S,222060
형,221715
결,220750
루,218970
강,217024
설,216972
려,216336
표,214805
C,212431
A,212047
c,210860
히,207311
각,205892
코,205415
키,204563
법,201552
태,199197
배,195078
초,192754
독,192425
업,191449
승,191059
직,189374
디,184548
건,184535
까,184495
불,182512
입,181673
력,181519
래,180194
버,178146
h,177832
d,176188
합,175137
록,174616
또,174105
점,172701
예,169558
않,168484
최,168263
피,166785
같,166764
받,166694
번,165474
매,165416
았,163457
약,162589
권,162483
른,162336
천,159246
왕,157373
말,154351
베,153701
메,153059
티,152427
M,150143
심,149727
판,149442
격,148256
T,147297
알,146849
립,145963
브,145818
금,145366
더,144809
청,143797
목,142541
투,141907
B,141339
감,141054
처,139848
없,139720
추,139310
달,137960
란,137699
북,136870
f,136775
항,136636
평,135545
외,134347
네,134140
활,133881
따,133659
F,132546
린,132428
저,131786
열,131437
집,129757
I,129741
특,129664
편,127959
언,127891
g,126672
P,125771
석,124533
복,124434
준,121705
D,121627
테,121529
향,121083
광,117991
변,117870
즈,117491
병,116954
류,116662
령,115768
질,113889
p,113322
족,113023
름,112844
k,112722
난,112372
근,111991
랑,111606
E,110979
황,110679
페,108959
급,108399
람,107469
y,107039
존,106821
올,105812
많,105722
능,104416
송,104046
술,103524
김,103478
쪽,103205
축,103196
론,102607
총,102140
박,101938
울,101925
철,100738
참,100523
별,99195
살,98629
L,96116
환,95520
R,94716
N,94171
온,93717
악,93496
창,91797
품,91170
증,89819
절,89220
육,88576
및,88313
O,86916
쿠,86914
곡,86738
료,86694
백,86537
새,84041
K,83892
G,83603
돌,83310
순,83198
필,82936
량,82715
쓰,82642
졌,82411
져,82379
플,82367
망,82045
께,81699
애,80356
든,79605
확,79590
림,78978
머,78872
글,78715
b,78610
케,77878
규,77776
탈,77502
패,77443
색,77371
극,76627
워,76331
쟁,75664
날,75658
범,75248
견,75157
팀,75145
련,73902
H,73144
클,73010
탄,72370
너,72009
삼,71532
랜,71265
친,70215
V,69781
째,69492
충,69399
봉,68905
손,68585
막,68376
책,67279
접,66725
못,64784
뒤,64628
완,64489
v,63571
협,63326
퍼,62206
담,61262
U,61183
런,60929
션,60777
밀,60347
채,60209
츠,59361
길,59053
녀,57892
측,57606
습,57409
골,57119
블,56719
혼,56585
취,55846
엔,54734
곳,54666
럽,54650
W,54567
칭,54192
누,54177
겨,53941
험,53913
귀,53910
벌,53865
났,53153
슬,52947
갈,52780
암,52681
뜻,52396
커,52228
찰,51973
앙,51439
웨,51120
슈,50737
침,50708
높,50655
쳐,50561
첫,50521
허,50243
씨,50145
죽,49358
즌,49331
뉴,48821
볼,48744
효,48618
획,48402
널,47643
응,47609
w,47253
착,47123
센,47018
락,46660
큰,46567
잡,45635
헌,45491
폭,44947
희,44676
렸,44544
움,44534
징,44227
논,44079
검,43889
례,43826
득,42857
캐,42845
농,42784
J,42388
걸,42256
섬,41738
럼,41283
홍,41173
풍,40827
즉,40804
퇴,40569
느,40557
폴,40346
틀,40129
좌,40092
엘,39660
택,39554
끝,39395
왔,39329
폐,39179
줄,39104
층,39059
될,38857
압,38671
픽,38550
윤,37939
념,37809
먼,37686
헤,37493
맞,37458
덕,37205
싱,37137
찬,36409
앞,36262
늘,36093
킨,36052
맡,35736
혁,35716
써,35528
턴,35519
긴,35432
갖,35321
율,34979
릭,34575
익,34485
잘,34012
램,33580
묘,33492
텔,33277
링,32903
슨,32883
벨,32278
델,32213
궁,32196
빈,32085
얼,32084
냈,31777
맹,31614
닌,31545
휘,31413
콘,31306
몇,31260
억,31161
빌,31148
균,31135
흥,30981
엄,30914
밝,30891
앨,30673
팔,30601
훈,30371
얻,30313
객,30149
옥,30056
렌,29763
염,29682
숙,29645
갔,29360
컵,29188
칼,28825
칸,28787
므,28684
됐,28617
쇼,28044
콜,27994
괴,27792
푸,27711
맥,27598
넘,27498
좋,27008
X,26899
몰,26649
붙,26606
뷔,26405
덴,26353
핵,26141
샤,25842
떠,25779
흐,25669
찾,25649
혹,25610
켰,25521
낸,25483
둘,25480
빠,25401
액,25266
컴,25223
몬,25124
릴,24927
템,24850
혀,24831
x,24786
뿐,24413
놓,24387
욕,24098
룹,24061
률,23996
탑,23729
굴,23608
끌,23603
십,23545
힘,23487
잠,23215
z,23186
롯,23163
칙,23021
싸,22921
죄,22902
떨,22630
쥐,22617
핀,22504
척,22458
략,22164
벽,21961
먹,21929
졸,21929
잉,21754
몸,21642
켜,21580
갑,21574
풀,21496
춘,21355
끼,21244
눈,21223
휴,20972
벤,20778
맨,20683
Y,20558
잔,20352
렉,20218
쳤,20197
촌,20156
홈,20135
밖,20065
칠,20046
틴,20028
몽,20004
大,19788
렇,19672
곤,19485
녹,19415
컬,19346
륙,19280
뮤,19031
탁,18964
둥,18796
폰,18794
멸,18757
겼,18681
뛰,18571
혜,18541
꾸,18536
탕,18474
털,18473
웠,18259
솔,17784
밴,17689
돈,17669
딸,17605
렀,17568
겸,17559
앤,17546
셀,17404
혈,17313
팅,17302
톤,17261
혔,17158
낮,17135
홀,17126
넷,17066
둔,17064
컨,17062
퓨,17017
냐,16636
쿄,16595
톨,16551
윈,16541
욱,16514
넓,16450
롤,16296
랐,16280
텐,16266
겠,16258
탐,16255
님,16164
떤,16079
촉,15885
꽃,15873
헨,15860
낙,15620
킬,15367
콩,15240
읍,15099
뇌,15071
왜,14955
옹,14883
셔,14827
렬,14757
山,14630
펜,14625
붕,14604
金,14453
섭,14304
흔,14220
옮,14128
융,14105
슷,14101
놀,14090
빛,14067
덜,14035
랙,14018
듬,13953
멘,13938
넣,13813
곧,13696
땅,13596
깨,13590
킹,13542
켓,13437
李,13437
닝,13436
헬,13273
쌍,13159
힌,13138
답,12983
젤,12976
팬,12964
딩,12928
룬,12901
흑,12833
튜,12827
롭,12821
윌,12799
겐,12700
챔,12649
릉,12537
값,12516
룡,12456
멤,12394
즘,12311
쉬,12248
렵,12223
뢰,12202
쇄,12125
짓,12120
닉,11856
밤,11841
튼,11841
學,11788
옛,11787
큐,11750
웅,11622
젠,11310
납,11292
맺,11255
듀,11254
씩,11220
흡,11025
궤,10813
쉽,10779
랭,10664
듯,10598
숭,10566
짜,10561
Z,10544
잃,10484
깊,10440
文,10417
숨,10391
랫,10385
웃,10379
섯,10356
빙,10225
꼬,10211
젝,10208
j,10184
닥,10183
멀,10173
王,10168
멜,10145
州,10096
쓴,10073
國,10028
핑,9973
펠,9929
롱,9926
끄,9878
캠,9870
잇,9833
즐,9792
큼,9711
믿,9611
뜨,9599
텍,9528
웹,9507
찍,9495
셰,9482
덤,9442
밍,9418
잎,9387
빅,9364
Q,9177
짐,9152
펼,9133
뷰,9032
틱,8922
멕,8900
돼,8853
中,8847
뀌,8816
빨,8804
틸,8791
엽,8708
삭,8670
짧,8648
쇠,8525
롬,8486
곱,8380
럭,8248
힐,8204
子,8165
첨,8147
폼,8122
랍,8091
릿,8026
城,8000
道,7997
혐,7993
켈,7975
썼,7931
三,7916
럴,7854
촬,7838
q,7819
東,7810
겪,7772
딘,7764
캘,7736
밑,7704
낭,7703
高,7647
켄,7598
安,7583
곽,7497
콤,7491
옆,7480
쌓,7438
헝,7382
닐,7346
삶,7335
낳,7314
人,7275
벗,7273
컷,7269
흘,7267
天,7265
南,7238
냥,7197
첩,7164
뉘,7142
젊,7123
빼,7105
싶,7095
랄,7090
꿈,7083
됨,7081
옷,7022
法,7015
氏,7009
듣,6968
톱,6959
읽,6935
얀,6926
셜,6920
왼,6888
냉,6785
公,6778
룩,6741
벡,6721
校,6562
寺,6533
픈,6531
믹,6529
엑,6479
平,6470
닛,6441
낼,6410
事,6378
뒷,6362
봄,6344
섰,6312
宗,6290
숲,6279
띠,6275
書,6262
엇,6231
븐,6133
뱅,6118
붉,6095
퀴,6092
軍,6077
끊,6073
쿨,6043
셋,6040
튀,6038
벼,6036
샌,6035
흰,6009
앗,5988
뤄,5967
괄,5930
묵,5904
좀,5896
뿌,5888
義,5875
슴,5812
一,5783
덮,5781
둑,5725
캄,5720
川,5712
正,5661
넬,5619
첼,5595
륜,5567
맛,5558
댄,5539
숫,5530
늬,5493
씬,5485
잭,5472
元,5445
녕,5433
찌,5431
é,5415
늄,5397
떻,5367
팽,5336
묻,5309
팩,5304
長,5297
뱀,5268
춤,5263
짝,5238
톰,5225
웰,5202
府,5201
院,5197
뤼,5115
탱,5090
石,5078
셈,5072
깔,5049
成,5042
앵,5010
明,4982
쾌,4982
렴,4954
쓸,4936
海,4930
엠,4930
꼽,4887
뽑,4842
샘,4841
캔,4840
쫓,4838
렐,4788
上,4779
늦,4775
옌,4762
陽,4751
닫,4721
꺼,4713
地,4705
뼈,4700
西,4693
太,4673
훨,4666
밥,4655
횡,4647
좁,4640
앉,4637
덩,4628
光,4593
끈,4565
륨,4551
行,4532
겔,4524
郡,4516
德,4504
흉,4503
會,4503
팝,4483
北,4470
等,4444
使,4440
原,4424
部,4411
武,4407
렘,4375
꼭,4375
新,4367
훗,4364
主,4357
끔,4338
本,4332
家,4327
룸,4313
멍,4312
神,4274
꾼,4273
뚜,4268
봇,4263
룰,4260
ㆍ,4231
윗,4228
깃,4189
水,4187
랩,4178
君,4173
펙,4166
世,4166
無,4150
갤,4143
日,4134
田,4134
門,4087
都,4086
쿼,4083
덧,4066
生,4063
퀘,4058
政,4058
韓,4058
춰,4049
햄,4010
펴,4006
딕,4002
仁,4001
縣,3980
홋,3978
딜,3976
듭,3950
싼,3927
삽,3908
륭,3906
꺾,3854
킴,3823
눌,3823
趙,3816
묶,3811
첸,3810
龍,3806
탠,3788
궐,3776
슐,3751
官,3719
뉜,3709
빗,3706
洞,3695
司,3682
꼴,3678
經,3673
겹,3672
섞,3655
퀸,3655
띄,3641
相,3623
所,3616
훌,3604
돔,3599
里,3596
윙,3591
셉,3587
쌀,3543
а,3515
興,3509
朴,3503
五,3501
敎,3499
깥,3479
江,3469
녔,3456
펄,3447
녁,3441
뮌,3440
和,3410
늑,3406
鄭,3404
긍,3398
白,3389
理,3369
렛,3358
밭,3351
忠,3346
民,3345
넌,3340
聖,3327
心,3321
넥,3317
永,3297
펑,3295
낌,3275
漢,3266
틈,3265
林,3243
곰,3226
뿔,3224
史,3221
の,3218
馬,3209
훼,3203
똑,3192
性,3187
돕,3186
깝,3184
닷,3180
빵,3177
컫,3171
記,3167
善,3161
랴,3158
о,3148
皇,3141
定,3138
夫,3137
섹,3135
펀,3130
慶,3125
흙,3125
臣,3115
엉,3105
툰,3105
갱,3087
有,3084
핸,3084
島,3082
前,3073
넨,3062
힙,3045
之,3044
朝,3040
굳,3036
팡,3029
帝,3013
昌,2998
不,2987
化,2980
킥,2979
小,2977
딱,2972
羅,2961
將,2958
셸,2954
全,2946
知,2943
콰,2943
十,2931
툴,2928
빚,2925
面,2924
톡,2911
겁,2903
и,2900
堂,2888
콧,2886
굽,2880
社,2872
콥,2854
닭,2850
맷,2842
河,2839
張,2835
古,2825
士,2818
룽,2800
겉,2799
킷,2798
풋,2796
京,2771
松,2768
뻗,2768
通,2762
껍,2762
쏘,2756
佛,2754
四,2749
콕,2749
宮,2740
崔,2738
下,2738
尹,2737
同,2725
方,2723
淸,2707
멈,2707
럿,2690
뇨,2690
밸,2683
代,2671
信,2663
二,2650
옵,2650
時,2646
師,2646
봐,2642
굿,2633
핫,2612
푼,2611
年,2604
떼,2602
論,2599
딴,2599
퉁,2598
벳,2587
α,2586
꿀,2579
턱,2570
탓,2554
뮬,2548
쑤,2523
렷,2519
樂,2519
쯤,2503
샹,2499
後,2450
홉,2439
像,2427
八,2422
닮,2409
市,2388
華,2382
붓,2377
劉,2365
릇,2365
業,2359
왈,2357
禮,2354
孝,2349
굉,2340
物,2328
캡,2310
줬,2309
木,2308
月,2306
눅,2306
字,2305
е,2305
守,2298
權,2297
н,2295
陵,2288
祖,2286
낱,2285
侯,2285
댐,2276
샬,2272
圖,2268
黃,2265
칩,2259
名,2258
릎,2252
띤,2241
죠,2240
싫,2235
뚫,2232
쁜,2228
듈,2227
立,2224
重,2214
툼,2208
自,2198
基,2192
엣,2190
女,2182
雲,2177
尙,2172
놈,2164
걷,2164
內,2162
젖,2152
合,2149
닿,2144
驛,2139
六,2130
集,2129
寧,2129
洪,2123
孫,2119
分,2113
낀,2111
셨,2105
р,2105
吉,2096
갓,2084
科,2080
톈,2077
廣,2072
兵,2071
헐,2071
見,2070
鎭,2060
體,2048
펌,2044
쉐,2041
봤,2029
걱,2029
웬,2028
建,2027
衛,2022
順,2019
냄,2015
흠,2013
靑,1984
的,1982
솟,1982
á,1966
判,1956
議,1953
九,1952
路,1952
잊,1950
制,1945
殿,1941
쩌,1939
景,1933
身,1932
퐁,1931
짙,1929
功,1928
監,1925
承,1925
ー,1924
谷,1919
春,1916
곁,1914
삿,1913
柳,1911
솜,1907
美,1905
돋,1904
옴,1904
쥬,1901
흩,1897
直,1894
周,1887
者,1884
福,1875
쿤,1867
쏟,1860
굵,1853
슘,1850
曹,1846
챌,1842
팜,1841
얇,1840
둠,1839
宋,1839
덟,1838
꾀,1831
館,1828
긋,1827
度,1827
껴,1825
觀,1821
眞,1819
英,1816
花,1813
앱,1811
村,1810
動,1808
얄,1807
源,1801
쯔,1801
初,1792
野,1790
根,1788
륵,1783
治,1782
휩,1782
節,1779
康,1771
밟,1767
星,1767
左,1764
郞,1763
뭉,1756
멋,1752
號,1752
外,1751
렁,1750
派,1742
얘,1741
탤,1740
章,1739
国,1736
훔,1733
萬,1729
덱,1729
傳,1727
꿔,1724
с,1720
音,1715
思,1713
泰,1709
宣,1708
濟,1704
貞,1686
開,1684
臺,1681
촨,1677
造,1676
옐,1669
맵,1666
뚝,1666
典,1665
后,1665
끓,1663
令,1658
式,1656
別,1652
利,1651
컸,1651
い,1646
뤘,1645
寶,1644
智,1637
к,1632
玉,1629
떡,1628
吳,1626
캉,1625
짱,1622
壽,1620
語,1617
族,1617
햇,1614
в,1610
댓,1604
戰,1601
實,1594
뀐,1593
說,1592
侍,1592
휠,1588
修,1587
位,1586
命,1585
色,1585
副,1584
應,1584
憲,1581
阿,1580
л,1574
作,1573
왓,1570
핍,1565
쁘,1562
歌,1558
形,1557
奉,1555
잦,1547
御,1543
ü,1543
땃,1542
맘,1538
保,1536
鮮,1534
工,1526
省,1526
申,1525
界,1525
텀,1524
т,1518
空,1515
횟,1514
ン,1512
親,1512
塔,1511
꽤,1511
펫,1509
浦,1507
錄,1506
土,1502
在,1498
唐,1495
流,1493
良,1490
빔,1484
老,1483
줌,1483
벅,1470
賢,1468
썬,1467
詩,1466
밋,1465
씀,1462
슭,1460
弘,1458
梁,1457
津,1452
헥,1448
言,1448
픔,1446
碑,1442
뒀,1428
붐,1427
來,1427
땄,1425
앓,1420
엿,1420
進,1418
線,1417
찐,1416
갇,1413
敬,1411
右,1401
싯,1392
溪,1389
風,1384
ó,1384
井,1381
七,1379
얹,1376
벵,1374
多,1373
數,1367
間,1366
눠,1363
用,1363
口,1361
齋,1360
對,1358
常,1357
딪,1356
괘,1354
깎,1347
秀,1346
팟,1339
識,1337
徐,1335
닦,1334
如,1332
藏,1328
護,1327
샨,1320
ο,1319
藤,1316
參,1315
運,1314
맑,1313
延,1313
í,1310
맏,1308
陳,1307
反,1307
ā,1307
몫,1306
멧,1305
許,1302
꼈,1291
場,1285
슛,1285
찔,1284
先,1281
玄,1281
줘,1279
ö,1275
ا,1272
禪,1265
옳,1250
甲,1247
뭇,1247
亭,1246
沈,1245
達,1243
쟈,1241
텝,1241
任,1231
統,1231
頭,1226
志,1226
곶,1224
팰,1223
郎,1222
意,1219
씌,1213
密,1209
現,1208
팍,1205
얽,1201
낫,1201
깐,1199
靈,1197
佐,1196
鳳,1196
麗,1196
ℓ,1194
夏,1193
랏,1193
끗,1187
出,1187
百,1185
諸,1180
解,1176
뚱,1176
愛,1173
熙,1170
察,1170
츄,1169
器,1168
귄,1166
想,1165
걀,1165
烈,1165
團,1161
캅,1160
橋,1158
務,1157
朱,1156
뻔,1155
姜,1155
엥,1153
楊,1153
商,1152
氣,1150
車,1149
嘉,1146
湖,1146
儀,1142
園,1142
쭉,1141
勝,1141
草,1138
윅,1138
關,1132
墓,1127
員,1126
印,1122
處,1118
錫,1109
非,1108
我,1107
力,1103
ν,1100
機,1098
伯,1097
受,1095
伊,1093
鄕,1092
튬,1092
異,1091
욘,1087
千,1087
궈,1087
起,1085
加,1080
훙,1080
렝,1080
볍,1079
낚,1078
榮,1075
鐵,1072
晉,1071
엮,1071
豊,1068
뻐,1068
次,1068
領,1067
찮,1067
뱃,1066
祭,1066
뜬,1065
支,1064
ς,1062
竹,1062
ä,1060
ι,1060
귤,1060
果,1050
遠,1047
第,1045
沙,1042
쩔,1042
紀,1042
ん,1041
し,1039
畵,1039
從,1036
핏,1035
植,1031
報,1030
術,1028
탬,1027
火,1024
調,1024
柱,1022
廳,1022
惠,1021
管,1019
뫼,1019
遺,1018
坐,1017
앰,1014
居,1013
쉴,1012
雄,1012
な,1011
뾰,1010
꿨,1008
푹,1004
う,1001
品,1000
싹,1000
總,994
쿡,994
容,992
か,989
始,989
慧,987
泉,986
魏,986
ρ,985
챙,983
샀,978
能,976
뭄,972
뮈,970
숀,969
黨,967
局,967
昭,967
岩,966
샐,966
μ,966
交,965
益,965
鍾,964
香,963
崇,962
因,961
育,961
營,958
室,957
秦,956
目,956
秋,954
얕,953
넛,952
宇,951
낄,950
圓,949
舍,948
β,947
署,945
類,945
쾰,942
丁,942
曲,941
得,941
妃,940
資,938
랬,936
싣,935
삐,934
캣,934
手,931
섀,928
恩,928
뜸,925
俊,922
表,922
셴,921
産,921
꽂,917
듐,915
늙,912
τ,910
м,910
웍,909
發,908
覺,907
렙,906
角,904
提,904
群,903
챈,903
깜,903
돗,902
咸,900
結,899
屬,896
と,896
情,895
富,891
댈,890
펭,890
д,889
껏,889
눔,887
共,886
波,886
仲,884
훤,884
た,883
헛,882
首,882
極,881
盧,879
防,879
갚,879
맬,879
母,879
짚,877
蔡,877
卿,876
農,873
尊,873
少,872
尉,872
냅,872
몹,871
入,870
탭,868
象,867
仙,867
츰,867
顯,866
齊,866
電,864
녜,864
薩,864
뇽,862
男,860
늪,860
區,860
試,859
쾨,858
系,857
恭,853
半,853
ス,849
썩,849
빽,849
믈,848
町,847
戶,846
博,844
퀼,841
ε,839
彦,837
姓,835
è,835
딧,833
짖,832
쩐,832
딥,831
吏,830
可,830
陸,827
致,827
虎,826
찢,826
邑,826
故,825
普,824
池,824
쪼,821
峰,820
숍,816
り,816
港,816
閣,814
큘,813
뜰,812
獻,812
췄,812
갯,811
σ,810
й,810
淑,809
괌,808
쿰,807
ル,806
境,806
瑞,806
ل,805
菩,805
λ,803
巖,803
췌,803
倉,802
엎,801
連,800
蓮,800
굶,799
父,798
樞,797
즙,796
陰,795
僧,795
邊,793
牧,793
씻,793
律,792
у,792
變,790
엡,790
魚,789
庵,789
域,789
丹,788
範,787
越,786
督,782
뿜,782
쑨,782
る,781
船,781
쁨,780
板,780
넉,777
台,776
릅,776
祠,775
룻,774
協,774
壇,774
房,773
莊,772
샵,772
靖,771
舞,770
衆,769
イ,768
死,767
촛,764
惡,764
燕,764
銀,762
足,761
層,761
롄,759
哲,759
겟,759
職,758
久,755
贊,755
藝,754
勳,753
貴,752
퀄,751
벙,749
껑,747
隆,745
種,745
彌,745
隨,743
깁,742
近,740
슌,740
復,739
샷,738
鶴,737
뭐,737
촘,737
淵,736
爲,735
喜,734
蘇,732
乙,731
舊,729
緣,729
赤,728
퓌,728
翼,727
잣,727
좡,724
完,724
精,723
溫,722
샴,721
轉,720
学,720
촐,718
쵸,717
κ,717
素,717
똥,717
뮐,716
둡,713
ら,713
嚴,712
禹,711
볶,711
亞,711
取,708
劇,707
純,707
淳,705
ま,703
臨,703
觸,702
奇,701
꽝,701
具,701
輔,700
念,699
友,697
に,696
낡,695
陀,695
聲,695
뜯,694
탔,692
윽,691
住,691
洋,688
球,688
郭,688
ラ,686
둬,686
꿰,685
載,684
젯,683
惱,682
淨,681
쥘,679
均,679
튠,678
澤,677
執,677
禁,676
괜,676
龜,675
毛,675
욤,675
쥔,674
リ,674
젓,673
蘭,672
座,671
慈,671
警,670
盛,669
那,669
苦,669
뵈,668
私,668
珍,667
훅,665
꼼,665
戦,663
멱,663
텅,661
衣,661
잼,661
養,659
至,654
欲,654
允,652
葉,652
벚,651
放,649
ト,648
斗,647
썰,647
特,647
要,647
牛,646
儒,646
펩,646
き,645
麻,644
列,643
址,643
딤,643
以,642
條,641
廟,641
量,641
핼,641
備,640
땀,640
캇,638
隱,638
は,636
獨,636
今,635
맴,634
内,633
旨,632
쑹,631
밧,629
賀,628
뎀,628
雨,628
멩,627
訓,626
魯,626
誠,626
隊,626
낯,626
然,626
藩,624
醫,624
슝,623
팻,622
射,621
質,620
閔,620
期,620
製,619
離,619
靜,619
狀,619
布,618
持,618
깅,616
奎,616
츨,616
π,615
쉰,614
煥,614
됩,614
桂,612
聯,612
浩,612
썸,611
呂,611
ッ,610
穆,608
く,607
綱,607
岡,603
갸,603
팎,603
퓰,602
改,602
캥,599
考,598
羽,597
お,597
愼,596
洙,595
嶺,595
댕,595
聞,594
弼,594
兼,593
丘,593
檢,593
雙,592
比,591
띈,589
兒,589
킵,589
γ,586
я,586
煩,585
清,584
刑,584
왁,584
戒,583
封,581
岳,579
肅,579
眼,579
冠,575
洛,574
亂,574
由,572
銅,572
兩,571
若,571
末,571
好,571
몄,571
孟,570
易,569
客,569
件,568
さ,568
尾,567
祿,566
칫,566
望,566
計,565
て,564
補,564
型,564
向,563
宅,563
希,562
藥,561
à,560
約,560
單,560
帶,560
ク,560
助,558
솥,558
챠,558
珠,558
杜,558
于,557
謙,557
夷,557
釋,556
胡,555
委,555
켐,554
랠,553
屋,552
茂,552
樹,552
넴,551
飛,550
뽀,548
樓,546
웜,546
端,545
滅,545
퀀,544
役,544
쏠,544
問,544
誌,543
恒,541
ç,541
먀,540
ن,540
ь,540
会,539
葛,539
技,539
細,538
影,538
準,537
엌,536
格,535
鏡,535
쐐,535
錦,534
孔,534
卷,534
辰,533
쏜,533
環,532
邪,532
폈,530
г,530
δ,529
求,529
敏,528
回,527
斷,526
留,526
摩,526
あ,525
假,525
簡,524
貪,524
퍽,523
팥,523
克,522
財,522
ī,522
剛,522
鳥,521
梅,521
宰,521
夢,521
헴,520
辛,519
餘,519
乘,519
圭,518
乾,518
演,518
쿵,517
食,517
釜,517
寅,517
丞,516
黑,516
祥,516
指,516
證,515
汝,515
돛,515
威,515
꽁,514
뭔,514
ア,511
裵,511
筆,510
選,509
덥,508
騎,508
句,508
增,508
짠,507
僉,506
酒,504
烏,504
究,504
散,503
講,503
滿,502
だ,502
叔,500
雜,500
未,500
略,499
骨,499
遊,498
욜,498
續,498
曺,497
눕,495
衡,494
宜,494
則,492
쨌,492
댁,492
紅,491
ي,491
â,491
ち,491
秉,490
麟,489
뺏,489
己,489
漏,489
妙,488
み,487
譜,487
遼,487
輪,487
뱌,485
依,484
服,484
摠,484
С,483
題,482
廷,482
諦,482
登,481
徳,481
諫,481
話,481
쩍,481
ы,481
η,480
懿,480
銘,480
뮴,479
깡,478
坊,478
こ,477
タ,476
積,476
ú,475
厚,474
亨,474
祐,474
雅,474
甫,471
É,471
旗,470
ч,470
慕,469
襄,468
翰,468
丸,467
刺,466
ر,466
칵,466
啓,465
鉉,464
م,464
뇰,464
歸,463
設,463
쉘,462
革,462
庶,461
軒,461
消,460
晋,460
잖,460
丙,459
が,459
點,459
罪,459
盟,457
曆,457
桓,456
庫,455
딛,455
ㄱ,455
最,454
送,454
央,453
倭,453
昇,452
つ,452
鎬,451
翁,451
契,451
固,451
핌,450
を,449
庭,449
願,449
籍,449
밈,448
姬,447
勢,447
シ,447
俗,446
裕,446
巨,445
寬,445
超,444
擧,444
県,443
峴,443
雪,442
感,442
征,441
邱,441
윔,441
策,441
뛴,440
늠,439
얌,437
病,437
젬,437
옅,437
蓋,437
炳,437
区,436
扶,436
و,435
条,434
놉,433
θ,433
過,433
休,433
季,432
硏,432
찻,432
も,432
簿,431
夜,430
뺨,430
힉,430
웁,430
程,430
旌,430
注,429
欽,429
茶,429
振,429
蘊,428
ド,428
읊,427
速,427
刻,427
敦,427
株,426
詞,426
캬,425
組,424
難,424
п,423
童,422
健,422
切,422
繼,422
ω,421
紫,421
寫,421
뛸,419
旅,419
琴,419
賜,417
洲,416
際,415
梵,414
Δ,414
뺀,414
앳,414
툭,413
カ,413
盤,413
ί,412
蒙,412
懷,412
晩,412
ｍ,411
逸,410
勞,410
深,409
料,408
볕,408
巡,407
凉,406
磁,405
す,405
れ,404
贈,404
鑑,404
追,402
而,401
再,401
惟,400
陶,400
뽕,400
序,400
뀔,400
옙,400
爾,399
紙,399
構,399
땐,398
納,398
潤,395
엷,395
坡,395
歷,394
燮,394
磨,394
쑥,394
б,394
也,393
版,393
震,393
ñ,393
止,393
落,393
譯,393
殺,392
宿,392
站,392
芳,391
マ,390
え,390
才,390
染,390
掌,390
尼,389
殷,388
施,388
介,387
팸,387
ł,386
配,385
텡,385
翊,385
廉,385
콴,385
よ,385
熊,384
戸,384
邦,384
徒,384
鐘,384
甘,383
鼎,383
х,383
毅,382
當,382
街,381
з,380
ά,379
퀵,379
織,378
勇,377
ジ,377
浮,377
팁,375
웸,374
楚,373
썹,373
編,373
亮,372
症,372
置,371
岐,371
ㅇ,371
ό,371
꿇,370
갠,369
露,369
壤,369
ê,368
虛,368
於,368
刊,368
推,367
稅,367
횃,366
斯,366
넵,366
習,366
畿,366
灣,366
υ,365
쭈,363
率,363
룀,363
僕,362
뎅,362
レ,360
維,360
存,360
켤,360
活,360
ロ,359
失,359
墳,358
眠,358
š,358
與,356
真,355
씹,355
迦,355
峯,354
냇,354
何,354
項,353
د,353
勒,353
匡,353
キ,352
弟,352
嬪,352
ß,351
差,350
熱,350
깼,350
崎,349
숄,349
帥,349
깬,348
干,348
階,347
專,346
フ,346
奴,346
솅,346
壁,344
将,343
耶,342
害,342
米,341
뎌,340
奏,340
댑,340
評,339
뻘,339
紋,338
墨,337
К,337
步,337
導,337
鹿,336
け,336
揚,336
疏,336
碩,335
А,335
耳,334
祚,334
긁,334
샛,333
っ,333
阮,333
其,333
決,332
튿,332
펨,332
背,332
頼,331
鳴,331
춧,331
撰,331
瞋,331
輝,330
幕,330
鬼,330
泳,329
쇤,329
賊,329
移,328
닙,328
忍,328
援,328
쭤,328
爭,328
賓,327
辭,327
쉼,327
짤,326
倫,325
で,325
述,325
獄,324
引,324
案,324
ı,323
戱,323
奈,322
模,322
봅,322
뱉,322
燈,322
힝,322
コ,321
勤,321
눗,321
땡,321
標,320
邉,320
惑,320
꽉,320
얏,320
蔚,319
坪,319
堅,319
裝,318
貢,318
ô,318
찼,317
폄,317
撫,317
規,317
潭,317
視,317
刀,316
텟,316
じ,316
幸,315
깍,314
午,314
綠,314
青,314
蹟,314
篇,313
冬,313
솝,312
障,312
鼓,312
홑,312
庄,310
袁,310
弓,310
わ,310
伽,309
텃,309
랗,308
渡,308
愚,308
照,308
ə,308
坂,307
徽,307
号,307
オ,306
韻,306
限,306
浪,305
賞,305
쏴,305
ニ,305
壬,304
ب,304
告,304
ㄷ,304
帖,304
쎄,304
줍,304
唱,303
輸,303
葬,303
教,303
吾,303
附,302
豆,301
秘,301
微,301
関,300
癡,300
皮,299
舌,299
鬪,298
꺽,298
讀,298
錢,298
符,297
胤,296
뢴,296
候,295
歲,294
꼰,294
ū,294
劍,293
査,293
ㅡ,293
般,291
血,291
降,291
や,290
쫒,289
庚,289
뤽,289
ナ,289
郵,289
ㄴ,288
伏,288
휼,288
蜀,288
破,288
睿,288
땜,288
芝,287
ウ,286
젼,286
貫,285
頂,285
授,285
紹,284
喪,284
段,284
魔,284
М,284
塚,283
壯,283
材,283
テ,283
舜,282
疑,282
函,282
廢,281
算,281
檀,281
享,280
曾,280
ㅁ,280
栗,280
諡,279
操,279
級,279
뎃,277
顔,277
映,277
兄,277
뜩,277
ø,277
뵤,277
П,277
脈,276
幀,276
稷,276
댜,276
包,276
攝,276
씽,276
В,276
鴻,275
ㄹ,275
哀,274
味,274
됭,274
컹,274
謝,273
油,273
創,272
숱,272
黎,272
豫,271
閭,271
볜,270
橫,270
텁,270
慢,269
ㅣ,269
寒,268
桃,268
肉,268
쌈,268
匠,268
退,268
禧,268
唯,268
伐,267
ノ,267
빴,267
ш,267
븀,267
宝,266
彩,266
륄,266
敵,266
是,266
놔,265
萊,265
稱,265
뎬,265
兪,265
傅,264
接,264
챕,264
尺,263
윳,263
去,262
展,262
班,262
φ,261
融,261
꿩,261
衍,261
脫,261
收,260
談,260
웡,260
優,259
ć,259
俱,259
須,258
齒,258
経,257
赫,257
森,257
了,257
ひ,256
蔵,256
番,256
舟,256
잿,256
價,256
他,255
幹,255
찜,255
ミ,255
쩡,255
춥,254
絶,254
陣,254
륀,254
終,253
羊,253
淮,253
逆,252
徵,252
巴,252
堤,252
救,252
還,251
岸,251
놨,251
覆,251
꿉,250
寂,250
強,249
喆,248
婆,248
쌌,248
헵,248
젱,248
例,248
숯,248
婦,247
巫,247
便,247
흄,247
バ,247
請,246
冊,246
讓,246
잰,246
駐,246
チ,246
換,245
맙,245
著,245
牙,244
碧,244
薛,244
좇,244
潘,244
菴,243
雍,243
蕭,243
梨,243
县,242
亥,242
ã,241
広,241
嗣,241
モ,241
審,240
튕,240
貨,240
戊,238
챗,238
胎,237
朔,237
낵,237
찹,236
箕,236
毘,236
給,235
푀,235
卯,235
ャ,235
仕,234
屯,234
鷄,234
뻣,234
ē,234
実,233
潮,233
腹,233
ィ,233
崖,232
サ,232
賦,232
漁,232
莫,232
鹽,232
귈,231
示,231
驪,231
έ,231
默,231
탸,231
築,231
丈,231
י,231
め,231
湯,230
헷,230
뽐,230
酸,230
떴,230
옻,229
첵,229
占,229
ت,229
앎,229
햐,228
썽,228
佑,228
ō,228
헹,228
航,228
祝,228
跋,228
س,227
볏,227
ц,227
ư,227
빡,226
셍,226
酉,226
旭,226
孤,226
ュ,226
얗,225
着,225
打,225
巳,225
Đ,225
軌,224
エ,223
泥,223
爵,223
ょ,223
幡,222
넋,222
括,222
尋,222
댔,222
æ,222
Б,222
折,221
愍,221
濬,221
グ,221
彭,220
鍊,220
遂,219
董,219
놋,219
拳,219
녘,219
万,218
片,218
砲,218
菊,218
短,218
プ,218
澄,217
ば,217
禎,217
係,217
χ,217
輿,216
묄,216
굼,216
裁,215
桐,215
툇,214
底,214
培,214
牌,213
杉,213
楽,213
갬,213
昧,213
탯,213
整,212
遍,212
蟲,212
及,211
測,211
複,211
輕,211
Р,211
냑,211
停,210
밌,210
梧,209
枝,209
郷,209
暴,209
癸,209
必,209
듦,209
柴,208
佳,208
짊,208
炎,208
齡,208
遷,208
槃,208
妻,208
メ,208
ム,208
ع,208
숏,207
淡,207
被,206
訴,206
稿,206
乳,206
ή,205
ガ,205
卓,205
店,205
꿋,205
菜,205
鎮,204
汗,204
衙,204
禍,204
줏,203
災,203
祀,203
朗,203
就,203
휜,203
ブ,203
升,202
沢,202
庸,202
艦,202
覽,202
戴,202
駿,201
ˈ,201
氷,201
Н,201
嫡,200
召,200
態,200
討,200
彰,200
쌔,200
뷸,200
랸,199
ズ,199
ː,199
仇,199
鼻,199
凡,198
ㅅ,198
鎌,198
悲,198
涅,198
껌,197
券,197
ハ,197
И,197
范,196
遞,196
胞,196
賴,196
曉,196
갭,196
訪,196
ろ,196
額,195
殊,195
笠,195
拓,195
筵,195
抗,195
擊,194
泗,194
註,194
쿱,194
宙,194
競,193
똘,193
甁,193
傑,193
早,193
伴,193
企,193
荊,192
ه,192
穴,192
乱,191
č,191
炭,191
費,191
坤,191
沃,191
突,190
雷,190
壺,190
藍,190
辨,189
渾,189
戌,189
捨,189
덫,188
肖,188
仰,188
縛,188
除,187
Α,187
核,187
탉,186
漆,186
苑,186
勅,186
炯,186
尚,186
待,186
彈,186
ゃ,185
奭,185
丑,185
彫,185
ύ,184
垂,184
賈,184
荷,184
熟,184
沖,183
供,183
卽,183
넙,183
低,183
デ,183
綜,182
虞,182
牟,182
擇,182
鉢,182
沼,182
넜,182
曰,182
投,181
云,181
卜,181
総,181
為,180
犯,180
耕,180
ă,180
粉,179
宴,179
幽,179
å,179
抄,179
젭,179
鈴,178
履,178
悟,178
側,178
昊,178
쭝,178
ë,178
돤,177
更,177
ş,177
睦,177
呼,177
砂,177
耆,177
ㅂ,177
毒,177
走,177
租,177
ふ,177
濃,176
豪,176
頌,176
余,176
魂,176
앴,175
賣,175
樣,175
拜,175
各,175
쁠,175
뺄,174
盡,174
窟,174
卒,174
綾,174
槐,173
궂,173
絲,173
긱,173
来,173
Σ,173
息,172
儉,172
迎,172
튤,172
倍,172
Á,172
콸,172
幢,172
귓,171
瓦,171
꾹,171
播,171
숴,171
묀,171
探,170
늉,170
Г,170
招,169
権,169
ح,169
卞,169
蕃,169
닳,169
눴,169
ו,169
뷜,169
乃,168
섣,168
뉠,168
忘,168
ж,168
敍,167
せ,167
穀,167
謹,167
浚,167
哈,167
応,167
Π,167
괭,166
塘,166
东,166
눙,166
隋,166
荒,166
采,166
亡,166
黄,165
溝,165
諱,165
認,165
床,165
急,165
ゆ,164
豐,164
懸,164
そ,163
姫,163
負,163
ぶ,163
烽,163
鄧,163
µ,163
暗,162
晴,162
ダ,162
堯,162
席,162
幼,162
瀬,162
免,161
禦,161
핥,161
含,161
舒,161
答,161
薰,161
Т,161
쳅,161
晶,160
鷹,160
閑,160
Д,160
쳇,160
ど,159
矢,159
獸,159
軸,159
婚,159
宏,159
ế,159
謀,158
屠,158
聚,158
扇,158
肥,157
珪,157
篆,157
杖,157
緯,157
攻,157
損,157
벰,157
듄,157
垣,156
詳,156
呪,156
悅,155
伝,155
卑,155
鏞,155
謨,155
陜,155
壓,155
圈,154
陟,154
飯,154
排,154
眉,154
Л,154
浜,154
憂,154
ツ,154
겜,154
팹,154
奥,153
灘,153
馮,153
扈,153
넝,153
훠,153
ビ,153
筑,153
寛,153
ワ,153
췬,153
又,152
勿,152
戎,152
束,152
ệ,151
驗,151
僞,151
效,151
跡,151
按,151
冷,150
蒲,150
Ö,150
뚤,150
緖,150
蔣,150
О,150
諭,149
浙,149
쟝,149
镇,148
샥,148
奮,148
兆,148
灌,148
ה,148
ェ,148
괵,148
솽,147
犬,147
昆,147
体,147
雕,147
頃,147
ف,147
鉄,146
億,146
偏,146
筒,146
蜜,146
펍,146
衝,145
셤,145
付,145
ᆞ,145
充,145
沿,145
뎠,145
쨩,145
繫,145
왐,145
混,145
ほ,144
架,144
パ,144
銃,144
喬,144
鎔,144
雀,144
塾,144
껄,144
ی,144
む,144
쬐,144
广,144
寄,143
箭,143
왠,143
髮,143
遇,143
텨,143
買,143
渠,143
洗,143
า,143
課,142
党,142
ㅎ,142
숟,142
텼,142
網,142
ず,142
쥰,142
ר,141
뗀,141
뭘,141
偉,141
絃,141
冥,141
綏,141
깟,141
阪,140
拉,140
索,140
迷,140
屛,140
씰,140
揮,140
此,140
嶽,140
險,140
뗏,140
몐,139
黒,139
왑,139
忽,139
辦,139
湘,139
ý,139
顧,138
ð,138
忌,138
掛,138
適,138
似,138
겅,138
쳄,138
ج,138
往,137
笑,137
끽,137
沒,137
橘,137
幾,137
已,137
燦,136
ㅈ,136
믐,136
爐,136
庾,136
詔,136
観,136
햅,136
樑,136
桑,136
ョ,136
帽,135
蔭,135
慰,135
팠,135
线,135
訣,135
伸,135
吹,135
傷,135
ï,135
渓,135
ơ,135
ね,134
堀,134
빤,134
駕,134
澈,134
阜,134
燧,134
劑,134
셧,134
强,133
満,133
ヶ,133
び,133
윕,133
迪,133
鑛,133
訥,133
疾,133
ق,133
綿,133
뷴,133
蘆,132
慮,132
韋,132
諺,132
荀,132
챘,132
蒼,132
璋,131
彬,131
닻,131
ś,131
ケ,131
짬,131
礙,131
헉,131
א,130
々,130
瞻,130
栢,130
숑,130
떳,130
貝,130
鑄,130
禄,129
樊,129
뀜,129
챤,129
頓,129
ò,129
Κ,129
맣,128
쫄,128
零,128
襲,128
柔,128
乞,128
趣,128
욧,128
ŋ,127
涉,127
訟,127
狄,127
廊,127
セ,127
寇,127
糖,127
対,126
悼,126
押,126
菌,126
刹,126
参,126
톄,126
ю,126
푈,125
膜,125
羲,125
瑜,125
芸,125
旦,125
誤,125
э,125
Φ,125
塵,124
꼿,124
僖,124
甄,124
斬,124
療,124
猛,124
游,124
샅,123
묽,123
潛,123
켠,123
綬,123
쥴,123
ネ,122
悌,122
륌,122
借,122
違,122
ة,122
歐,121
蛇,121
浅,121
뭍,121
覇,121
꿍,121
ㅋ,121
暦,121
練,120
霞,120
圃,120
ボ,120
斤,120
脚,120
漫,120
看,120
互,120
塞,120
쏙,120
뵐,120
循,119
窯,119
燒,119
変,119
戚,119
皐,118
亀,118
纂,118
隣,118
纏,118
냘,117
堡,117
ร,117
従,116
冀,116
劃,116
託,116
邸,115
擬,115
琉,115
廻,115
皆,115
斥,115
吐,115
煙,115
翟,115
揆,114
峻,114
힛,114
析,114
只,114
鳩,114
畠,114
債,114
ゅ,114
ㅏ,114
屈,113
捕,113
伎,113
أ,113
値,113
倒,113
妄,113
壞,113
睡,113
婁,112
げ,112
汀,112
畫,112
岑,112
娘,112
個,112
ァ,112
盆,111
貿,111
晦,111
쪄,111
勸,111
曜,111
沛,111
琳,111
祉,111
避,111
割,111
裏,111
땔,111
遮,111
ソ,111
竿,111
棋,111
卦,111
Š,111
ě,111
闕,110
杏,110
誘,110
横,110
旋,110
萱,110
讚,110
耽,110
円,110
幻,110
뒬,110
閉,110
ش,110
画,110
톳,110
ğ,110
Ε,110
ё,110
ベ,109
솁,109
ù,109
怪,109
翠,109
遵,109
姚,109
馨,109
晟,109
翔,109
鵬,109
넹,109
ф,109
ạ,109
Å,109
ぎ,108
預,108
怡,108
殉,108
뻑,108
卵,108
衿,108
빳,108
쳉,107
昔,107
斎,107
趾,107
賤,107
票,107
祈,107
畢,107
減,107
悔,107
遣,107
繁,106
칡,106
狂,106
膺,106
ń,106
肇,106
鐸,106
î,106
욥,106
伺,106
杓,105
냔,105
珉,105
飾,105
獅,105
帳,105
郁,105
湛,105
拔,105
確,105
죤,105
圍,105
瓊,105
弁,105
휨,105
뺑,105
媛,105
峽,105
譚,104
ヤ,104
腸,104
恪,104
叢,104
杭,104
巾,104
斜,104
갛,104
粹,104
뎁,104
짰,104
盜,104
场,104
넸,104
彼,103
繡,103
퉈,103
旺,103
抱,103
婢,103
쭐,103
铁,103
잽,103
Ü,103
溟,103
顕,103
Ω,103
寿,102
へ,102
勉,102
糧,102
説,102
縱,102
脂,102
脣,102
藻,102
妓,102
幣,102
駒,102
寵,102
튈,102
捷,102
恐,102
熹,102
奧,102
鄒,101
礪,101
裴,101
閻,101
폿,101
껀,101
น,101
ぬ,100
凝,100
棟,100
隸,100
璿,100
腦,100
窩,100
亦,100
º,100
电,100
מ,100
ك,99
肩,99
稽,99
辯,99
갉,99
廬,99
윷,99
響,99
燁,99
湜,99
恵,99
敷,99
ž,99
ễ,99
弥,98
鎖,98
駅,98
札,98
畜,98
閤,98
崙,98
輯,98
詮,98
厭,98
Μ,98
隅,97
竺,97
串,97
録,97
快,97
飮,97
否,97
漸,97
採,97
棺,97
針,97
徹,97
狗,97
予,97
龐,96
械,96
聰,96
ご,96
羌,96
嵌,96
좨,96
猿,96
皓,96
瑩,96
挺,96
榜,96
灰,96
醮,96
裂,96
姑,96
ㅗ,96
愧,96
柏,95
濱,95
瀛,95
珥,95
遜,95
獲,95
窮,95
凰,95
患,95
薄,95
璽,95
滋,95
什,95
峙,95
뷧,95
盈,94
弱,94
邵,94
杞,94
탰,94
炫,94
液,94
ポ,94
ピ,94
黔,94
陝,94
週,94
ל,94
ヒ,94
渭,93
阳,93
祗,93
깰,93
鴨,93
媒,93
씁,93
研,93
崗,92
褒,92
꽈,92
詠,92
ψ,92
謁,92
謠,92
危,92
秩,92
渤,92
틋,92
Λ,92
滉,91
빻,91
拘,91
閱,91
績,91
貸,91
據,91
償,91
誕,91
狼,91
멎,91
畏,91
윰,91
慚,91
溶,90
禿,90
켁,90
汚,90
섐,90
諍,90
У,90
뵙,89
倂,89
筋,89
歡,89
辟,89
敞,89
需,89
爆,89
遲,89
홰,89
і,89
ב,88
脩,88
誼,88
ㅍ,88
矣,88
溥,88
紗,88
巢,88
峨,88
ა,88
硬,88
ì,88
叉,88
ḥ,88
冶,88
Γ,88
ز,88
猫,87
찧,87
楞,87
臥,87
趺,87
醉,87
朋,87
뢸,87
퀜,87
点,87
醴,87
ก,87
栄,86
涼,86
疫,86
ξ,86
戀,86
柄,86
凶,86
猶,86
軾,86
団,86
竟,86
飡,86
ヴ,86
韶,86
쉔,86
ъ,86
Č,86
継,85
楷,85
恋,85
寸,85
弗,85
燃,85
臧,85
暉,85
鈞,85
衰,85
恨,85
図,85
뗄,85
拾,85
鋼,85
霧,85
웩,85
弐,85
鱗,84
龙,84
螺,84
郊,84
殘,84
崩,84
哉,84
섕,84
旬,84
澗,84
ザ,84
đ,84
ա,84
笛,83
驅,83
瓜,83
聽,83
蠶,83
勃,83
偶,83
瀑,83
솀,83
ζ,83
釐,83
껫,83
污,83
瓚,82
逢,82
苗,82
幷,82
窓,82
牡,82
쾡,82
縮,82
墩,82
ი,82
軟,82
篤,82
碍,82
셩,82
誓,81
胄,81
鎰,81
暎,81
ṭ,81
沆,81
倻,81
旣,81
拍,81
淺,81
璧,81
햘,81
华,81
仔,81
曇,80
ɪ,80
曼,80
每,80
寮,80
尤,80
잴,80
र,80
敗,80
楠,80
ʻ,80
滑,80
僚,80
疇,80
뵘,80
ṣ,80
凌,79
椿,79
責,79
胸,79
詹,79
勘,79
뺐,79
旻,79
禾,79
哥,79
ㅌ,79
爀,79
滄,79
ώ,79
誦,79
셌,79
퍄,79
쯩,79
짼,79
ぼ,78
ぐ,78
녠,78
椒,78
踏,78
꽹,78
뜀,78
礎,78
疆,78
祇,78
箱,78
与,78
蠻,78
你,78
Ч,78
怒,78
罰,78
霍,78
跏,78
泊,78
当,78
횔,78
懺,78
З,78
ㅊ,78
휫,78
べ,78
檜,77
掾,77
蓬,77
腺,77
穡,77
瑛,77
隴,77
车,77
棲,77
坦,77
吸,77
퓸,77
龕,77
貧,77
塊,77
距,77
槍,77
楓,77
妾,77
塩,77
夕,77
廓,77
銓,77
ầ,77
깽,77
絵,77
经,77
垈,76
辺,76
蔘,76
絹,76
晃,76
麥,76
冕,76
莞,76
쫑,76
菅,76
腫,76
ホ,76
Ф,76
ざ,76
Ο,76
ง,76
籠,75
繕,75
邯,75
虜,75
笏,75
幅,75
髻,75
梓,75
祁,75
鞍,75
虹,75
傍,75
霊,75
瑾,75
牒,75
稚,75
얍,75
閩,75
豹,75
気,75
ゴ,74
尸,74
隷,74
囊,74
冲,74
到,74
輛,74
塑,74
伍,74
槪,74
済,74
琵,74
ギ,74
描,74
侵,74
琦,74
ㅜ,74
沔,74
녓,74
ố,74
磐,73
琮,73
妹,73
茅,73
竇,73
쐈,73
涵,73
奸,73
兎,73
弔,73
ἀ,73
棒,73
粒,73
섶,73
昕,73
웽,73
鬱,73
垢,73
辻,73
퓔,73
ř,73
麤,73
裳,72
邢,72
猪,72
讖,72
釉,72
賁,72
浴,72
痛,72
裔,72
嬰,72
蝕,72
擴,72
Θ,72
찡,72
様,72
Ｍ,72
젋,72
濁,71
杯,71
틍,71
丕,71
쇳,71
莘,71
瀋,71
孚,71
摂,71
밉,71
莖,71
鋒,71
짭,71
믄,71
Ι,71
欣,71
蝦,71
Х,71
Ш,71
튄,71
อ,71
ש,71
雑,70
츤,70
詵,70
削,70
胥,70
遙,70
沮,70
耀,70
璟,70
紳,70
熾,70
묠,70
雉,70
稲,70
Β,70
ị,70
汎,69
濕,69
兢,69
叡,69
臟,69
甕,69
겊,69
臘,69
뼛,69
웻,69
殖,69
批,69
궬,69
耐,69
塗,69
쟌,69
厳,69
発,69
띵,69
İ,69
矯,69
ả,69
鸞,68
誣,68
ʼ,68
읜,68
児,68
悳,68
崑,68
헙,68
ط,68
静,68
某,67
鄴,67
长,67
쩨,67
晏,67
堆,67
庁,67
潔,67
ユ,67
斐,67
禰,67
琶,67
艾,67
紺,67
ǃ,67
潁,67
쾅,67
軛,67
щ,67
透,66
替,66
棄,66
芽,66
寃,66
乎,66
鍵,66
拱,66
霖,66
틔,66
誥,66
桜,66
倡,66
逐,66
Я,66
弩,66
湌,66
ม,66
俠,66
뻤,65
뒹,65
霜,65
雁,65
暹,65
腔,65
髓,65
잤,65
宛,65
琛,65
擔,65
曙,65
謂,65
叟,65
훑,65
彪,65
Τ,65
ậ,65
増,64
専,64
汽,64
昶,64
邕,64
曄,64
踊,64
맸,64
訶,64
妖,64
蹄,64
刷,64
땋,64
堪,64
琪,64
营,64
둣,63
陞,63
弧,63
斌,63
閼,63
劫,63
瑀,63
僑,63
볐,63
麒,63
삯,63
稙,63
掉,63
嶼,63
뻬,63
ę,63
ת,63
覚,63
먄,63
Е,63
苞,62
錯,62
塼,62
呈,62
舉,62
駱,62
頤,62
吟,62
凱,62
騰,62
汶,62
혓,62
怨,62
砦,62
埋,62
Ц,62
募,62
蕩,62
롼,62
忿,62
醬,62
稻,62
ő,62
惛,62
鷲,61
温,61
湾,61
ى,61
쭌,61
璃,61
寢,61
袖,61
甸,61
裨,61
枕,61
旧,61
迫,61
添,61
竜,61
昱,61
옘,61
쎈,61
雇,61
Χ,61
Ø,61
เ,61
禅,60
寓,60
浄,60
繪,60
恕,60
諧,60
尖,60
芬,60
墟,60
剌,60
琅,60
ㅓ,60
嵩,60
惇,60
槿,60
仏,60
ờ,60
憩,60
룔,59
争,59
욀,59
兮,59
腰,59
缺,59
箋,59
薬,59
屍,59
袍,59
卍,59
旼,59
累,59
홧,59
漑,59
奚,59
娑,59
擦,59
碣,59
霸,59
빰,59
兜,59
ペ,59
苻,59
埈,59
न,59
굄,59
ʿ,59
视,59
ㅐ,59
状,58
ㄲ,58
矩,58
璜,58
黜,58
璘,58
玹,58
検,58
帯,58
悉,58
彊,58
禑,58
Ś,58
ォ,58
ἐ,58
뻥,58
恚,58
ɛ,58
厲,57
断,57
惺,57
把,57
奠,57
閥,57
蒸,57
赴,57
宁,57
쏨,57
並,57
닢,57
蹴,57
濤,57
漣,57
麵,57
穂,57
녤,56
鉛,56
柵,56
帛,56
轄,56
荘,56
瑟,56
ɔ,56
粟,56
撤,56
抵,56
楨,56
沂,56
ヨ,56
竪,56
続,55
数,55
偃,55
恂,55
娥,55
쉥,55
攸,55
텄,55
聃,55
泓,55
濡,55
삵,55
驤,55
狹,55
礼,55
劣,55
玩,55
箚,55
竝,55
ą,55
踐,55
壹,55
狩,55
濊,55
빕,55
抽,55
洵,55
蜂,55
厥,55
ぞ,55
栖,55
룝,55
裸,54
奕,54
澮,54
깻,54
漠,54
薨,54
途,54
孺,54
桥,54
偈,54
甚,54
侃,54
赦,54
轍,54
憶,54
綺,54
淫,54
芮,54
켑,54
붑,54
陪,54
穎,54
潼,54
쌘,54
股,54
묜,54
쌩,54
ʲ,54
멥,53
鞠,53
Ó,53
杰,53
瓣,53
兌,53
毬,53
駙,53
薦,53
糾,53
씸,53
煌,53
萌,53
嵯,53
脇,53
閏,53
舎,53
渴,53
鞭,53
נ,53
臼,53
夾,53
且,53
尔,53
づ,53
汪,53
ע,53
ɨ,53
꽌,53
毗,52
隔,52
œ,52
扁,52
奪,52
徑,52
沫,52
汾,52
款,52
焦,52
瓘,52
饒,52
똔,52
嫉,52
酵,52
楡,51
뗐,51
傾,51
衫,51
仍,51
띌,51
偰,51
涇,51
却,51
誅,51
罷,51
祺,51
渚,51
撥,51
釣,51
諶,51
佩,51
濂,51
踰,51
愁,51
綴,51
翎,51
諾,51
헀,51
或,51
欄,51
梯,51
ן,51
郢,51
疎,51
勲,51
ק,51
軽,51
渋,51
Ä,51
怖,51
켕,51
푄,51
腐,50
툽,50
霽,50
鮑,50
慣,50
稠,50
卨,50
껐,50
巷,50
ე,50
庇,50
鈔,50
逍,50
筠,50
巧,50
薇,50
斉,50
猷,50
컥,50
抑,49
쏭,49
椎,49
藁,49
叅,49
ṃ,49
祜,49
鄂,49
ㅔ,49
肝,49
醍,49
逝,49
囚,49
岬,49
濮,49
狐,49
弦,49
툉,49
냠,49
큅,49
堰,48
楮,48
찟,48
濯,48
肯,48
腎,48
엾,48
禽,48
肢,48
醐,48
驍,48
瑤,48
寡,48
芙,48
錘,48
叱,48
彧,48
絡,48
冒,48
õ,48
滸,48
剣,48
尿,48
嬴,48
ὶ,48
ɑ,48
紂,48
ն,48
ย,48
ท,48
ว,48
ộ,47
杵,47
虔,47
큔,47
麴,47
낟,47
軫,47
乂,47
冉,47
匪,47
츈,47
띨,47
琬,47
槨,47
賑,47
嶋,47
陈,47
苯,47
姪,47
戈,47
搜,47
櫓,47
斑,47
宦,47
祕,47
慎,47
歩,47
奬,47
托,47
紡,47
敖,47
ồ,47
ต,47
ส,47
뷘,47
뿍,46
ד,46
菱,46
膠,46
甑,46
Ν,46
弄,46
粧,46
輦,46
輩,46
柯,46
驥,46
门,46
浣,46
瑕,46
鼠,46
坑,46
Ж,46
牲,46
呉,46
军,46
蓉,46
ゲ,46
巻,46
殼,46
喩,46
双,46
槽,46
潟,46
懈,46
煬,46
焉,46
埔,46
慳,46
玆,45
ゼ,45
侮,45
虐,45
遁,45
頸,45
盒,45
暇,45
Ἀ,45
惣,45
갗,45
飜,45
鷺,45
蝶,45
玟,45
煜,45
爽,45
醒,45
怠,45
袋,45
ㅕ,45
얉,45
医,45
貯,45
焰,45
壘,45
ص,45
떫,45
岛,45
盾,45
洽,45
ㅆ,45
ė,45
歴,44
儿,44
Ç,44
Ş,44
红,44
纖,44
谿,44
鰲,44
膳,44
儺,44
瑢,44
淚,44
뒨,44
驚,44
諒,44
撮,44
숩,44
哭,44
乐,44
俳,44
慾,44
줴,44
莽,44
낑,44
売,44
澳,44
짦,44
짹,44
掖,43
懐,43
馥,43
瑪,43
ས,43
儁,43
亘,43
葡,43
籌,43
勛,43
訂,43
顚,43
淄,43
凸,43
粘,43
擾,43
獵,43
昻,43
隠,43
苏,43
浿,43
艮,43
麓,43
揷,43
敢,43
툠,43
Э,43
讃,43
û,43
쌤,43
ƒ,43
鑴,42
咨,42
炅,42
貳,42
룅,42
蕙,42
硯,42
匹,42
毓,42
巽,42
磯,42
薪,42
闡,42
ㅿ,42
馹,42
焚,42
儼,42
琰,42
矛,42
쐬,42
盲,42
傭,42
ם,42
겡,42
仮,42
辞,42
棘,42
벱,42
餓,42
张,42
Ю,42
莒,42
밂,42
鵝,42
鄉,41
Ú,41
耿,41
蟹,41
塡,41
岱,41
兀,41
譙,41
ʃ,41
緩,41
拯,41
耉,41
懶,41
툐,41
寔,41
쉿,41
醜,41
穢,41
衢,41
鷗,41
繩,41
뎐,41
珣,41
牢,41
خ,41
ک,41
ח,41
装,41
篠,41
燾,41
奘,41
专,41
瑗,41
醇,41
暖,41
뱐,41
Æ,41
Í,41
ס,41
쯕,41
섄,41
彛,40
陂,40
几,40
팃,40
懋,40
舶,40
旱,40
恤,40
掘,40
粗,40
鍋,40
귐,40
漂,40
偵,40
喉,40
攘,40
顥,40
傘,40
綸,40
漳,40
姦,40
姉,40
箴,40
뉼,40
폽,40
販,40
況,40
昏,40
緒,40
쾃,40
ũ,40
ذ,40
窒,40
ր,40
뱁,40
銖,39
毌,39
푯,39
兗,39
牽,39
膽,39
喇,39
拙,39
ṇ,39
亜,39
返,39
斂,39
愈,39
凹,39
曦,39
艇,39
獐,39
땠,39
弊,39
樺,39
迅,39
晝,39
漕,39
斧,39
团,39
拂,39
暮,39
廠,39
恬,39
禱,39
罕,39
琢,39
勣,39
쿳,39
楼,39
ņ,39
غ,39
ヘ,39
眾,39
爻,39
穰,38
昉,38
ག,38
粲,38
墻,38
樵,38
銭,38
儲,38
煕,38
袞,38
ㅃ,38
适,38
贍,38
ო,38
愾,38
両,38
檄,38
箏,38
汴,38
沸,38
辱,38
逃,38
詐,38
劒,38
紛,38
葦,38
燭,38
烟,38
產,38
榴,38
剝,38
蘿,38
邇,38
廛,38
璇,38
嫁,38
胚,38
奢,38
ề,38
胃,38
큉,38
Ρ,38
愷,38
Ž,38
म,38
誑,38
Ł,38
ㅑ,38
蛋,38
죌,38
ล,38
Ⰰ,38
כ,37
攀,37
솎,37
雒,37
吴,37
滝,37
詢,37
奐,37
བ,37
逑,37
裙,37
攷,37
珩,37
ㄸ,37
嶠,37
楸,37
쿈,37
动,37
隍,37
拒,37
裡,37
躍,37
穗,37
綽,37
軀,37
乗,37
邾,37
諏,37
陛,37
勵,37
晳,37
哨,37
餠,37
त,37
쮸,37
掃,37
ῖ,37
桶,37
爱,37
棠,37
큄,37
ㅉ,37
癌,37
ს,37
แ,37
พ,37
ช,37
薊,36
马,36
饔,36
岭,36
晷,36
괸,36
瓢,36
园,36
聘,36
რ,36
舅,36
奔,36
闢,36
肺,36
鉅,36
鈕,36
独,36
稜,36
賃,36
瑚,36
畝,36
ㅠ,36
嵐,36
戲,36
퓐,36
ด,36
鞮,36
틂,36
Ā,35
爪,35
乡,35
氐,35
旽,35
स,35
濠,35
鵲,35
稟,35
鋪,35
噴,35
暢,35
雖,35
叙,35
准,35
ヌ,35
鞨,35
鍛,35
穩,35
궜,35
迹,35
謬,35
뮨,35
焼,35
ǎ,35
ז,35
پ,35
뒴,35
ན,34
鈺,34
萄,34
膝,34
슥,34
鑒,34
泌,34
麿,34
籬,34
裟,34
瀷,34
苔,34
艶,34
枚,34
滎,34
簾,34
滯,34
ヲ,34
悪,34
繆,34
酌,34
楫,34
恥,34
泡,34
낏,34
狭,34
転,34
无,34
鯨,34
棗,34
넒,34
堺,34
鞏,34
펏,34
촙,34
縄,34
苾,34
営,34
枯,34
逵,34
但,33
ʊ,33
ར,33
筍,33
珏,33
Þ,33
瓷,33
瑁,33
क,33
嘗,33
垠,33
袈,33
衷,33
ㆁ,33
憤,33
ż,33
瑋,33
毁,33
撃,33
ῦ,33
剩,33
梟,33
옇,33
碎,33
侶,33
靺,33
瘡,33
窺,33
胴,33
誰,33
좆,33
宸,33
椅,33
瑠,33
煉,33
歆,33
緊,33
玲,33
ぱ,33
됴,33
歳,33
闇,33
碁,33
葵,33
曽,33
諂,33
罗,33
셱,33
떵,33
ĩ,32
杨,32
갹,32
晨,32
冑,32
衞,32
纘,32
誡,32
蟾,32
剖,32
珦,32
椽,32
錐,32
擎,32
隧,32
緋,32
磻,32
嫌,32
毫,32
乭,32
夔,32
賭,32
藜,32
貌,32
凍,32
犁,32
ء,32
盖,32
ぴ,32
佟,32
譽,32
涓,32
脊,32
죈,32
厦,32
臂,32
뇬,32
玖,32
إ,32
开,32
汲,32
ὐ,32
纪,32
璉,32
磎,32
ө,32
銑,32
옭,32
ɡ,32
ự,32
햏,32
潑,31
慄,31
峡,31
斛,31
芒,31
儆,31
雌,31
簽,31
堵,31
듸,31
壕,31
彙,31
战,31
摯,31
諮,31
砥,31
泮,31
柑,31
佾,31
辣,31
瓔,31
ṛ,31
欺,31
歎,31
숌,31
쉈,31
惜,31
絳,31
띔,31
沅,31
퉜,31
Ζ,31
験,31
级,31
鑲,31
涯,31
声,31
짢,31
灝,31
关,31
븡,31
ぁ,31
ọ,31
뚠,31
푁,31
옝,31
攣,31
畑,30
暄,30
驃,30
괼,30
顎,30
盃,30
労,30
恢,30
ἰ,30
鄙,30
笙,30
暑,30
俔,30
蔓,30
賻,30
勾,30
प,30
斡,30
蕉,30
灼,30
뼉,30
読,30
抹,30
邳,30
פ,30
湍,30
浸,30
叛,30
魁,30
涪,30
憙,30
껩,30
떄,30
慘,30
倧,30
絅,30
Ｓ,30
冰,30
亶,30
运,30
风,30
壱,30
貊,30
娜,30
쳔,30
졔,30
仝,30
燐,30
ㆆ,30
圉,30
堈,30
匱,30
业,29
憐,29
뵌,29
匈,29
欠,29
य,29
覓,29
耘,29
莎,29
滴,29
疊,29
懲,29
跳,29
壙,29
控,29
푤,29
騷,29
謄,29
顗,29
厓,29
靡,29
쌕,29
暾,29
倚,29
雞,29
孼,29
咄,29
ὁ,29
繇,29
証,29
潢,29
汕,29
唄,29
栽,29
称,29
虢,29
삔,29
汁,29
尻,29
緝,29
屹,29
ᐨ,29
돠,29
隈,29
廖,29
ῶ,29
ʾ,29
ལ,29
吒,29
ấ,29
ո,29
ắ,29
佗,29
洮,29
杌,29
땝,29
憑,28
頊,28
捧,28
ぃ,28
沁,28
憍,28
撒,28
珞,28
宥,28
蓄,28
痘,28
催,28
ლ,28
þ,28
湟,28
稀,28
萩,28
芭,28
戍,28
稗,28
絞,28
爛,28
帆,28
虫,28
琯,28
츳,28
书,28
姐,28
쑈,28
娼,28
邁,28
璨,28
湧,28
煖,28
傲,28
姻,28
蓍,28
쇨,28
贖,28
ǐ,28
淀,28
螭,28
菁,28
ţ,28
弾,28
机,28
激,28
餐,28
誉,28
द,28
份,28
瀅,28
Η,28
व,28
济,28
寨,28
顛,28
郤,28
ứ,28
廈,28
ј,28
뵬,28
ห,28
悍,28
邈,27
詡,27
樽,27
緞,27
鉤,27
环,27
瑄,27
丰,27
馳,27
仗,27
თ,27
属,27
湊,27
殯,27
剋,27
聾,27
戟,27
俘,27
꾐,27
縉,27
盂,27
흭,27
饌,27
簫,27
酋,27
翅,27
ㅛ,27
較,27
姙,27
秤,27
繹,27
晁,27
棚,27
ἄ,27
达,27
ნ,27
ぜ,27
گ,27
糸,27
鍼,27
肆,27
头,27
Υ,27
殤,27
ர,27
ե,27
ט,27
闍,27
楯,26
峠,26
騒,26
呑,26
鵠,26
恆,26
딨,26
ئ,26
厄,26
杆,26
鄰,26
ῆ,26
鯉,26
蘄,26
썻,26
靴,26
妥,26
髪,26
犀,26
訊,26
搏,26
羞,26
樸,26
飢,26
渦,26
蠟,26
짇,26
퇼,26
屏,26
炤,26
朕,26
熏,26
顒,26
戡,26
邏,26
困,26
喝,26
茸,26
垓,26
뺌,26
覧,26
稼,26
犢,26
Î,26
ħ,26
쓱,26
图,26
盞,26
际,26
ぽ,26
珊,26
即,26
献,26
澁,26
荻,26
櫃,26
漱,26
갰,26
并,26
韜,26
ʁ,26
ὴ,26
Ḥ,26
휙,26
畓,26
ㅒ,26
剎,26
ș,26
闘,25
鄲,25
毎,25
刃,25
茨,25
ʰ,25
溢,25
銳,25
訢,25
錮,25
膏,25
菟,25
濫,25
僻,25
廂,25
洹,25
翕,25
毋,25
沪,25
滨,25
埰,25
꿴,25
蹈,25
頒,25
آ,25
揭,25
陷,25
硅,25
濾,25
礫,25
枰,25
꿎,25
顏,25
倪,25
聶,25
곪,25
퇘,25
赵,25
紇,25
俟,25
皋,25
帰,25
报,25
粵,25
캑,25
吃,25
莉,25
櫛,25
ג,25
駄,25
禕,25
旿,25
藪,25
ት,25
汤,25
끙,25
ค,25
眷,25
ɾ,25
귬,25
ະ,25
캴,24
棧,24
瀟,24
ང,24
刘,24
མ,24
昰,24
処,24
晙,24
墮,24
貶,24
嬉,24
拈,24
璣,24
À,24
佺,24
卫,24
婉,24
倬,24
腕,24
沓,24
咽,24
忱,24
輓,24
烙,24
櫻,24
促,24
髙,24
柒,24
迂,24
濩,24
俄,24
煎,24
쌉,24
詣,24
曳,24
盗,24
滕,24
犧,24
頹,24
筏,24
該,24
됸,24
ल,24
宕,24
彝,24
抜,24
俣,24
諴,24
羨,24
駝,24
ㅖ,24
褚,24
剪,24
큇,24
檔,24
灯,24
圳,24
淇,24
จ,24
횬,24
診,24
솨,24
讐,23
黙,23
缶,23
潞,23
煞,23
磬,23
弋,23
諷,23
佶,23
佃,23
糞,23
截,23
姿,23
穿,23
廡,23
妨,23
詰,23
霓,23
晚,23
棉,23
쟀,23
벋,23
똠,23
鍮,23
轅,23
嗚,23
芑,23
硝,23
舘,23
醋,23
咎,23
抛,23
撞,23
逼,23
鈍,23
縁,23
亚,23
总,23
倶,23
歯,23
們,23
佇,23
ㅸ,23
頡,23
郝,23
훵,23
痴,23
퀠,23
鶯,23
ะ,23
Й,23
ể,23
ʒ,23
쿌,23
肪,23
满,23
拼,23
틉,23
ゐ,23
稧,23
箇,22
釈,22
甯,22
幞,22
醞,22
姸,22
苧,22
鉞,22
兴,22
龔,22
澹,22
努,22
刪,22
쨋,22
俸,22
誾,22
墾,22
밞,22
瀾,22
昀,22
頻,22
梶,22
礁,22
蛤,22
娛,22
륑,22
ʔ,22
疹,22
棣,22
遯,22
瘟,22
緑,22
枋,22
埼,22
묏,22
憎,22
堉,22
賛,22
飼,22
덞,22
匣,22
税,22
誨,22
柿,22
籤,22
塹,22
婬,22
鱼,22
臚,22
贛,22
롸,22
渼,22
겋,22
联,22
ㅘ,22
乏,22
没,22
왬,22
บ,22
ừ,22
ň,22
芥,22
ʂ,22
ὸ,22
酈,22
Ⱃ,22
墅,21
綝,21
맟,21
뎨,21
軻,21
悠,21
삥,21
檣,21
潽,21
观,21
竭,21
亳,21
羈,21
纓,21
მ,21
勁,21
穹,21
勗,21
摘,21
擁,21
炊,21
搖,21
躬,21
欒,21
僮,21
鄱,21
ぢ,21
闊,21
璞,21
奄,21
ث,21
穉,21
倩,21
枓,21
靚,21
벧,21
圻,21
辽,21
暐,21
ụ,21
昂,21
몌,21
璡,21
ㅚ,21
涿,21
琿,21
猴,21
幌,21
塋,21
곗,21
徙,21
輅,21
两,21
发,21
喚,21
陁,21
鍍,21
胜,21
牆,21
煦,21
鸡,21
ү,21
ไ,21
킁,21
ɕ,21
茲,21
ի,21
祔,21
传,21
楕,21
쏸,21
鶏,20
ɐ,20
閒,20
忻,20
膚,20
鞫,20
朶,20
耗,20
拏,20
쨍,20
陋,20
倣,20
遡,20
鍠,20
披,20
釘,20
諜,20
渥,20
碗,20
訔,20
瀚,20
傀,20
蓼,20
襟,20
贄,20
痲,20
翌,20
溜,20
縫,20
込,20
顆,20
돝,20
洑,20
웟,20
袴,20
随,20
졍,20
働,20
菓,20
挾,20
网,20
资,20
爺,20
郃,20
ź,20
岾,20
瑭,20
蕪,20
墉,20
ㅟ,20
ớ,20
궃,20
ћ,20
蚊,20
埴,20
硫,20
丽,20
库,20
ů,20
풰,20
澍,20
Ξ,20
펐,20
措,20
ợ,20
얭,20
똣,20
І,20
戩,20
솃,20
뽁,20
摺,19
术,19
匿,19
པ,19
釗,19
鈿,19
閨,19
覲,19
畔,19
敾,19
朽,19
鳶,19
袒,19
驕,19
歙,19
鬚,19
荇,19
嵋,19
櫟,19
Ż,19
骸,19
遐,19
苩,19
捉,19
鐥,19
圜,19
賠,19
棍,19
璥,19
恃,19
懼,19
褓,19
筮,19
窪,19
皖,19
甥,19
僭,19
謫,19
劾,19
酬,19
購,19
ț,19
曠,19
贵,19
鲁,19
曷,19
翻,19
癖,19
杲,19
瘍,19
棨,19
捺,19
芚,19
孛,19
灸,19
嗜,19
羯,19
鹵,19
嬀,19
迴,19
Â,19
ض,19
垕,19
캰,19
宫,19
泛,19
獎,19
瑯,19
酇,19
쇽,19
瀨,19
獺,19
兰,19
捲,19
頗,19
젔,19
欧,19
湫,19
걔,19
ǔ,19
髦,19
멓,19
쉑,19
ვ,19
ำ,19
뿅,19
ம,19
肱,19
雩,19
Ӏ,19
桀,19
յ,19
ˣ,19
윾,19
叫,18
彥,18
汉,18
节,18
邽,18
鞋,18
脱,18
頔,18
騏,18
稔,18
汰,18
泣,18
懇,18
渝,18
蛙,18
叶,18
畷,18
瀆,18
薔,18
끎,18
絕,18
鋸,18
荏,18
洸,18
惲,18
暻,18
扮,18
ɒ,18
鴉,18
紬,18
鴦,18
樋,18
餉,18
奫,18
憬,18
逮,18
乖,18
飲,18
쩜,18
廚,18
錡,18
挙,18
ї,18
户,18
덖,18
拝,18
凯,18
뼘,18
绥,18
ゾ,18
蟠,18
澣,18
붇,18
蓀,18
幇,18
駟,18
ር,18
궉,18
飽,18
沽,18
肋,18
ข,18
恊,18
슙,18
ւ,18
ນ,18
ग,18
ә,18
输,18
喻,18
竈,18
ὲ,18
娃,18
ǂ,18
舖,18
Ⱀ,18
笹,17
产,17
沘,17
伋,17
ད,17
荼,17
釀,17
紐,17
鰓,17
瑱,17
巌,17
淋,17
ゥ,17
泄,17
暠,17
謔,17
揖,17
魅,17
琥,17
쫀,17
巍,17
臏,17
汐,17
藺,17
沐,17
釧,17
氈,17
蔽,17
卡,17
樟,17
愉,17
伶,17
萇,17
鑿,17
輻,17
샙,17
閃,17
薑,17
鰭,17
薺,17
膨,17
遥,17
罡,17
蔿,17
狎,17
琨,17
务,17
孰,17
볘,17
賽,17
簪,17
蒜,17
芋,17
螢,17
藷,17
牘,17
哆,17
鬘,17
潙,17
爰,17
垸,17
帙,17
緇,17
个,17
欌,17
糜,17
朐,17
秊,17
紆,17
챵,17
샾,17
皝,17
Ё,17
怯,17
ẋ,17
ǫ,17
薙,17
큥,17
ủ,16
긷,16
郿,16
胖,16
汜,16
綃,16
険,16
馆,16
ṅ,16
戾,16
沟,16
渙,16
炬,16
瑨,16
遭,16
橃,16
黍,16
捐,16
嘆,16
羹,16
坰,16
覃,16
朞,16
漿,16
酪,16
夭,16
賂,16
连,16
槻,16
冪,16
潾,16
煤,16
扬,16
塤,16
梳,16
譲,16
楗,16
齎,16
话,16
팼,16
쒀,16
痕,16
娶,16
崛,16
櫶,16
뭣,16
巒,16
贇,16
燥,16
腑,16
厩,16
蒯,16
涙,16
묑,16
俺,16
喀,16
隗,16
擢,16
単,16
寗,16
몆,16
庆,16
ज,16
妣,16
꽥,16
豚,16
咲,16
煇,16
ぷ,16
粥,16
ϊ,16
琊,16
ĥ,16
贅,16
譬,16
樗,16
צ,16
吼,16
暁,16
栃,16
昞,16
梗,16
삑,16
啟,16
綵,16
晧,16
咬,16
勖,16
瀧,16
冏,16
宵,16
鈐,16
妊,16
琇,16
郯,16
恮,16
ℤ,16
箔,16
謐,16
旁,16
捻,16
ษ,16
啄,16
굣,16
頎,16
妲,16
淙,16
श,16
떰,16
뿡,16
겍,16
ㅱ,16
ཙ,16
Ⰺ,16
Ⰲ,16
쳬,15
뤠,15
뭡,15
睟,15
댠,15
葫,15
芦,15
祧,15
瞼,15
嘯,15
澔,15
蠱,15
婕,15
闵,15
厨,15
헸,15
悶,15
餌,15
漬,15
潰,15
壻,15
褐,15
巣,15
ह,15
佰,15
恣,15
佔,15
唆,15
銜,15
걍,15
柚,15
阻,15
匯,15
芹,15
刈,15
慵,15
豈,15
儡,15
ŭ,15
춍,15
禔,15
携,15
彎,15
纛,15
긔,15
詭,15
孜,15
墜,15
謎,15
拿,15
畯,15
貂,15
締,15
栓,15
珙,15
쪘,15
犍,15
滌,15
絿,15
熺,15
ᆢ,15
Ῥ,15
Ō,15
磧,15
橡,15
握,15
ử,15
Ô,15
码,15
员,15
粤,15
죗,15
氾,15
禛,15
찿,15
ᄂ,15
炮,15
ᆡ,15
蔥,15
岷,15
婺,15
炙,15
搬,15
嵒,15
ظ,15
ㅢ,15
ራ,15
葭,15
萍,15
语,15
澎,15
枳,15
쁩,15
뜷,15
橿,15
写,15
瞬,15
រ,15
ỹ,15
腳,15
ภ,15
獒,15
赛,15
时,15
È,15
查,15
吧,15
읻,15
哩,15
鄢,15
랖,15
ʷ,15
搆,15
妮,15
欢,15
뚬,15
뱟,15
吽,14
랼,14
灑,14
灵,14
絢,14
ɲ,14
蛮,14
滇,14
护,14
젹,14
轎,14
翡,14
渲,14
Ἐ,14
复,14
雛,14
价,14
妤,14
聡,14
萃,14
髥,14
戮,14
廃,14
彗,14
粛,14
塢,14
冢,14
歪,14
邛,14
碼,14
紘,14
옯,14
笨,14
扎,14
栱,14
瞞,14
똬,14
瞿,14
賚,14
侑,14
砧,14
抒,14
搢,14
俎,14
貼,14
緻,14
坎,14
雋,14
兇,14
埃,14
怛,14
菖,14
藎,14
澐,14
迭,14
离,14
臭,14
閎,14
擲,14
慌,14
隼,14
獣,14
统,14
滁,14
楔,14
뽈,14
挽,14
퇀,14
记,14
岦,14
擺,14
亢,14
붸,14
偕,14
逋,14
訳,14
间,14
閬,14
솬,14
种,14
泂,14
烘,14
寝,14
艺,14
钱,14
挑,14
쥠,14
կ,14
孩,14
榛,14
碌,14
嶷,14
担,14
မ,14
悰,14
쉭,14
ศ,14
駆,14
க,14
疱,14
잌,14
춉,14
梦,14
얜,14
謗,14
갼,14
砌,14
檍,14
貓,14
姒,14
师,14
놘,14
吝,14
叩,14
鶻,14
进,14
ű,14
Ⱄ,14
陕,13
Ñ,13
榆,13
皎,13
坮,13
岗,13
嫩,13
འ,13
瞰,13
瀣,13
偁,13
뇩,13
筌,13
儋,13
矮,13
瑬,13
啜,13
疵,13
蠡,13
廨,13
쬔,13
套,13
撈,13
些,13
茉,13
荆,13
艸,13
珀,13
柬,13
聊,13
簧,13
錚,13
莱,13
扉,13
瓠,13
迥,13
愿,13
秒,13
聳,13
疲,13
鋤,13
慤,13
瑰,13
諄,13
椰,13
饅,13
繞,13
惕,13
孽,13
藿,13
嶲,13
湄,13
徭,13
呵,13
殆,13
媚,13
珂,13
壎,13
临,13
锦,13
湣,13
跪,13
ų,13
ĕ,13
뉨,13
乌,13
崧,13
澶,13
䟽,13
鄄,13
啞,13
淹,13
庙,13
쬘,13
浹,13
嘎,13
璠,13
鄆,13
荣,13
ⴰ,13
沇,13
ㅙ,13
ㅝ,13
侗,13
訖,13
漪,13
嘴,13
睢,13
泠,13
盪,13
懌,13
Ć,13
醱,13
卬,13
ổ,13
ÿ,13
熔,13
қ,13
鬥,13
Ἑ,13
ป,13
抃,13
읗,13
ɯ,13
ỉ,13
蔑,13
孃,13
琫,13
榕,13
퇸,13
த,13
ன,13
늡,13
偽,13
Ы,13
蚩,13
弑,13
տ,13
竄,13
廐,13
鞅,13
舂,13
ĝ,13
鄜,13
ġ,13
ɚ,13
泸,13
凤,12
왝,12
鉗,12
瞳,12
쌰,12
树,12
缸,12
牂,12
蕆,12
먁,12
趨,12
嬌,12
澧,12
儂,12
絪,12
誇,12
韙,12
俶,12
橄,12
欖,12
騭,12
礽,12
酊,12
蠹,12
햑,12
縡,12
簒,12
拭,12
釵,12
屑,12
槎,12
坵,12
儷,12
麋,12
潚,12
邀,12
錠,12
됙,12
灤,12
掩,12
澱,12
摸,12
鞘,12
Ά,12
駁,12
巂,12
晥,12
煮,12
覡,12
涌,12
笞,12
蘂,12
磵,12
隕,12
這,12
讒,12
ḍ,12
沌,12
勧,12
鹤,12
贓,12
틑,12
潜,12
枾,12
繒,12
琓,12
懽,12
릐,12
磾,12
偸,12
薯,12
攪,12
剧,12
轨,12
陆,12
麝,12
矜,12
諝,12
濚,12
絆,12
鎧,12
珽,12
远,12
虚,12
恰,12
滬,12
厂,12
沱,12
鑪,12
霄,12
歃,12
荳,12
锅,12
廩,12
顺,12
訛,12
顓,12
伷,12
潗,12
焄,12
珖,12
ኤ,12
뉸,12
ہ,12
Ａ,12
ľ,12
雎,12
栍,12
脹,12
梣,12
苟,12
ʌ,12
Ј,12
忉,12
圏,12
โ,12
ң,12
逈,12
摹,12
ப,12
꺅,12
灃,12
択,12
뱡,12
綰,12
飞,12
剿,12
Ѕ,12
핬,12
ḏ,12
姨,12
郑,12
滔,12
쫙,12
遽,12
鴆,12
撑,12
哪,12
셥,12
诗,12
앏,12
财,12
醢,12
ㄨ,12
廆,12
阅,12
냣,12
餞,11
银,11
蟻,11
訃,11
傕,11
搭,11
叭,11
俯,11
晸,11
ὤ,11
鼇,11
鏛,11
邃,11
慨,11
苛,11
ხ,11
გ,11
긑,11
塏,11
霆,11
痢,11
謡,11
毖,11
酷,11
詁,11
휀,11
猗,11
閘,11
栻,11
굘,11
橈,11
咫,11
鵄,11
풂,11
杼,11
唎,11
菡,11
茹,11
黿,11
罵,11
瑙,11
翹,11
悖,11
麁,11
樫,11
闐,11
ỳ,11
腆,11
닯,11
麺,11
齕,11
娟,11
郴,11
쟤,11
ɹ,11
ბ,11
脳,11
闥,11
寰,11
煒,11
驢,11
蕤,11
盎,11
嗅,11
溱,11
貰,11
齐,11
ữ,11
ἡ,11
薫,11
甬,11
늴,11
娠,11
찝,11
輒,11
豬,11
ў,11
蓝,11
纲,11
淞,11
隘,11
璆,11
ㅞ,11
茄,11
鄯,11
ǒ,11
炒,11
为,11
軼,11
庠,11
协,11
匙,11
跆,11
燉,11
鼈,11
蠣,11
蕾,11
騫,11
萼,11
蟬,11
頑,11
ត,11
壷,11
ぺ,11
큽,11
큠,11
ქ,11
暫,11
喙,11
輟,11
ằ,11
旃,11
枇,11
劳,11
ச,11
组,11
围,11
Ъ,11
尒,11
烋,11
聿,11
兔,11
玫,11
糠,11
貽,11
ヰ,11
Ⱌ,11
Ս,11
痰,11
ἔ,11
ὰ,11
踪,11
菑,11
掠,11
鏑,11
葺,11
혠,11
ゑ,11
邙,11
ল,11
萧,11
频,11
ἑ,10
馣,10
渫,10
ል,10
褶,10
薈,10
琚,10
竊,10
俌,10
茜,10
簷,10
壑,10
洁,10
竩,10
쨰,10
残,10
ܝ,10
ܐ,10
皿,10
効,10
罐,10
猇,10
돐,10
嶸,10
騈,10
义,10
獠,10
瀝,10
碓,10
麚,10
襪,10
艱,10
杻,10
錬,10
璹,10
삘,10
胆,10
篋,10
嗇,10
淐,10
穫,10
夙,10
吊,10
吻,10
淩,10
羣,10
毀,10
璩,10
礬,10
飄,10
瀉,10
蕨,10
餅,10
췐,10
悦,10
淝,10
髡,10
믕,10
鮫,10
蔬,10
Ē,10
Ū,10
秣,10
猜,10
俞,10
꿘,10
婿,10
蛟,10
毆,10
芻,10
曝,10
桔,10
钟,10
엹,10
应,10
騶,10
ぇ,10
稹,10
饗,10
维,10
ˊ,10
坝,10
椵,10
緬,10
媽,10
瘦,10
傒,10
煊,10
붜,10
妬,10
ㅄ,10
俅,10
烹,10
枹,10
睾,10
햣,10
ⁿ,10
凞,10
势,10
Ｔ,10
浑,10
壊,10
洌,10
剑,10
圀,10
圣,10
癩,10
譏,10
鰐,10
眩,10
뉵,10
វ,10
န,10
လ,10
င,10
檐,10
魄,10
ɣ,10
埠,10
Ա,10
უ,10
დ,10
Қ,10
쎌,10
佈,10
쫌,10
ण,10
沉,10
짯,10
푠,10
緡,10
墺,10
槹,10
큭,10
汧,10
ய,10
狛,10
쾍,10
鏶,10
屎,10
귿,10
탼,10
녈,10
캤,10
ን,10
녬,10
鹹,10
邠,10
酆,10
简,10
ณ,10
梭,10
ም,10
莢,10
諿,10
ť,10
鷰,10
靳,10
蹶,10
퍈,10
ல,10
払,10
쥣,10
单,10
ʹ,10
쌋,10
Ө,10
瑲,10
硕,10
ـ,10
뀍,10
Ⱏ,10
ӄ,10
蛛,9
Щ,9
栞,9
莲,9
鬐,9
褥,9
쨔,9
腾,9
簇,9
鏤,9
爨,9
蹲,9
馴,9
焜,9
棹,9
沾,9
歇,9
瀞,9
墀,9
愊,9
昨,9
堧,9
烇,9
礩,9
擥,9
殃,9
뚧,9
ܪ,9
鏃,9
皂,9
殮,9
澂,9
弛,9
鐙,9
黛,9
惻,9
葳,9
黯,9
柩,9
盐,9
籒,9
륩,9
涑,9
ċ,9
ㄺ,9
卉,9
묫,9
劭,9
熒,9
燎,9
鴛,9
쳥,9
粮,9
溯,9
햗,9
葆,9
僿,9
炸,9
宓,9
鎚,9
膣,9
櫚,9
僊,9
咀,9
怀,9
麾,9
翳,9
ḫ,9
殻,9
蒐,9
韩,9
嵎,9
뽄,9
禺,9
ŵ,9
র,9
气,9
肹,9
丶,9
粱,9
耨,9
洩,9
渟,9
碭,9
枸,9
宍,9
幟,9
錕,9
겝,9
烱,9
厖,9
컽,9
隄,9
ˤ,9
莆,9
ŏ,9
죵,9
횐,9
玗,9
帕,9
鬧,9
笔,9
鍝,9
撓,9
鯤,9
糟,9
搗,9
謖,9
闞,9
炉,9
壮,9
愴,9
亲,9
桿,9
鮪,9
햔,9
霹,9
昪,9
寳,9
胶,9
鳧,9
襦,9
昺,9
冗,9
뉙,9
苴,9
抚,9
ध,9
嬖,9
흗,9
Ь,9
膿,9
꾜,9
볓,9
ព,9
謚,9
걲,9
ゎ,9
Ψ,9
厝,9
瀘,9
伦,9
ք,9
稛,9
众,9
껭,9
ຫ,9
კ,9
옉,9
撲,9
Ș,9
闓,9
苓,9
爬,9
棱,9
귁,9
隙,9
澯,9
ẩ,9
ӧ,9
瓛,9
悝,9
Ў,9
醯,9
邰,9
Ү,9
崁,9
壟,9
嫂,9
彤,9
ս,9
ἴ,9
郕,9
縝,9
藕,9
چ,9
寀,9
ѕ,9
ந,9
ǧ,9
곬,9
Հ,9
졜,9
挹,9
瑴,9
떱,9
澕,9
璫,9
躁,9
篾,9
ব,9
룟,9
챡,9
엊,9
攬,9
ᅠ,9
丨,9
僐,9
贝,9
Ⱆ,9
Ÿ,9
诸,9
ˋ,9
ມ,9
农,8
脾,8
蓂,8
衲,8
畧,8
勺,8
曁,8
惹,8
朵,8
弖,8
쒸,8
砬,8
琠,8
頫,8
ᇰ,8
ზ,8
縦,8
硼,8
깸,8
鉦,8
忙,8
죔,8
Ｄ,8
秭,8
极,8
喊,8
喰,8
嶢,8
冤,8
慷,8
눞,8
믜,8
뎡,8
窄,8
玳,8
厘,8
榔,8
馱,8
泽,8
玠,8
惶,8
슉,8
肚,8
ᄀ,8
徠,8
暘,8
瑺,8
噶,8
皴,8
鉾,8
稍,8
荑,8
Ｘ,8
凋,8
Ἔ,8
淏,8
皞,8
蘗,8
ब,8
Ê,8
囂,8
卢,8
蒨,8
ṯ,8
챰,8
遏,8
盱,8
憧,8
Έ,8
Ī,8
ļ,8
㙉,8
耈,8
炡,8
븨,8
絨,8
讜,8
騨,8
偷,8
蝗,8
歓,8
꺄,8
橙,8
划,8
拌,8
鵜,8
檻,8
甌,8
嵓,8
荃,8
茵,8
茗,8
ῃ,8
鄣,8
捄,8
藐,8
菲,8
淪,8
畤,8
娩,8
잍,8
痺,8
낍,8
濆,8
튐,8
滓,8
麦,8
闽,8
牀,8
촤,8
跨,8
獫,8
狁,8
ⵜ,8
豎,8
鞬,8
囑,8
蜘,8
籃,8
邗,8
阴,8
馭,8
翮,8
샜,8
昍,8
雯,8
뢱,8
蹇,8
煐,8
씐,8
纜,8
鸚,8
竣,8
묾,8
玧,8
ヂ,8
堊,8
洨,8
砣,8
犛,8
憘,8
曮,8
巿,8
簠,8
魴,8
藉,8
վ,8
泫,8
ธ,8
궨,8
岫,8
ງ,8
ܬ,8
வ,8
ள,8
枢,8
粕,8
ட,8
繚,8
翦,8
丼,8
ˇ,8
埤,8
繍,8
彘,8
媧,8
պ,8
լ,8
劦,8
緜,8
嬿,8
ⴷ,8
溍,8
왹,8
겻,8
욺,8
楙,8
莅,8
є,8
纔,8
Ź,8
渕,8
ብ,8
Ә,8
郅,8
燔,8
别,8
刮,8
暨,8
养,8
闔,8
ㄥ,8
ㄧ,8
দ,8
旒,8
倹,8
ㄳ,8
퀌,8
丿,8
ㅭ,8
ក,8
ཁ,8
ᅌ,8
Ə,8
쮠,8
ᄆ,8
柰,8
禩,8
ꡕ,8
ສ,8
ɤ,8
Ⰾ,8
잛,8
巘,7
ˌ,7
鰍,7
习,7
ስ,7
洱,7
ख,7
쳰,7
岊,7
设,7
蝴,7
唇,7
ფ,7
册,7
击,7
箜,7
篌,7
筬,7
쏱,7
獬,7
齢,7
陌,7
婷,7
겄,7
ㄼ,7
归,7
鑼,7
囍,7
嚮,7
씼,7
쿽,7
矗,7
紵,7
沄,7
秺,7
罔,7
榘,7
酥,7
㝓,7
寤,7
諰,7
做,7
鐫,7
饑,7
决,7
璐,7
讎,7
糊,7
噲,7
茯,7
詛,7
隻,7
唵,7
蕓,7
埵,7
媼,7
軹,7
鲜,7
敲,7
鄖,7
酔,7
蝨,7
鹰,7
턔,7
荔,7
闌,7
厅,7
狙,7
뺘,7
Õ,7
읠,7
葱,7
섁,7
荅,7
ष,7
癬,7
佚,7
榧,7
孱,7
质,7
肄,7
辉,7
论,7
ন,7
狸,7
钢,7
琡,7
鄔,7
鉀,7
媤,7
햠,7
ɵ,7
扃,7
耔,7
塙,7
顾,7
ϕ,7
囲,7
拠,7
则,7
翬,7
备,7
嶝,7
擅,7
繻,7
앝,7
芍,7
袗,7
縠,7
珝,7
屢,7
収,7
튁,7
哺,7
歹,7
蟄,7
谓,7
实,7
Ã,7
Ἄ,7
읏,7
姊,7
蒔,7
撻,7
졘,7
濛,7
瓮,7
Ｌ,7
茫,7
饋,7
귑,7
쭘,7
蝟,7
녑,7
鼐,7
윱,7
煚,7
覈,7
픕,7
萎,7
磊,7
繭,7
蛾,7
㝡,7
躋,7
綎,7
昴,7
艷,7
珹,7
Ứ,7
戻,7
အ,7
觜,7
据,7
捜,7
ղ,7
ყ,7
颱,7
Ｖ,7
ặ,7
麼,7
璝,7
豳,7
ใ,7
晛,7
鑊,7
됬,7
飴,7
ỗ,7
鉱,7
届,7
锡,7
ὑ,7
侈,7
훕,7
輾,7
츌,7
檳,7
ɜ,7
ҳ,7
쨈,7
喧,7
𝒩,7
봬,7
淯,7
뙈,7
峒,7
饉,7
瀏,7
ⵢ,7
约,7
褧,7
擄,7
թ,7
忒,7
嗔,7
Ľ,7
酢,7
既,7
肌,7
跑,7
亟,7
邨,7
丝,7
짫,7
厠,7
륍,7
郟,7
𩅦,7
쑬,7
ನ,7
訾,7
礦,7
ĭ,7
痙,7
ƣ,7
ㄣ,7
ㄅ,7
姝,7
颯,7
恁,7
柞,7
禶,7
ර,7
鄚,7
ᄌ,7
盼,7
尽,7
玢,7
逞,7
Ό,7
Ɔ,7
檮,7
싀,7
쩬,7
Ｒ,7
쎅,7
ᅄ,7
拷,7
虯,7
ㄒ,7
戏,7
结,7
ꡔ,7
ᅋ,7
ﾷ,7
彅,7
쨘,7
鮎,6
ཞ,6
琼,6
ཀ,6
唾,6
玛,6
襖,6
鋧,6
銙,6
楪,6
अ,6
ट,6
疋,6
亹,6
霑,6
綧,6
휭,6
ܡ,6
텬,6
廿,6
瑎,6
渉,6
譴,6
豸,6
愔,6
孙,6
韦,6
仓,6
褙,6
撝,6
吠,6
懃,6
猩,6
瑈,6
灞,6
闖,6
듕,6
웤,6
瑶,6
鋥,6
딫,6
頲,6
晬,6
檃,6
艤,6
鍈,6
烤,6
髭,6
嘲,6
胝,6
檗,6
Ṣ,6
怜,6
햤,6
盘,6
翫,6
熈,6
憫,6
ڤ,6
徴,6
眙,6
ძ,6
簗,6
곯,6
洺,6
逗,6
鸿,6
縻,6
靼,6
计,6
Ἱ,6
蹕,6
匂,6
编,6
Ἰ,6
吕,6
閲,6
ड,6
Ὀ,6
徇,6
豁,6
隰,6
晤,6
瑅,6
脅,6
靷,6
呆,6
맻,6
Ｆ,6
跛,6
ȟ,6
囿,6
Ǝ,6
拐,6
璵,6
贸,6
罽,6
甜,6
併,6
疽,6
芷,6
Ｐ,6
嵬,6
尭,6
蔲,6
豉,6
磚,6
珘,6
篁,6
氵,6
侠,6
좐,6
冈,6
镜,6
处,6
籙,6
鑅,6
鑰,6
药,6
蘋,6
밪,6
珌,6
滦,6
蠅,6
鵡,6
徊,6
靂,6
橒,6
侂,6
囯,6
榊,6
搾,6
밷,6
涂,6
थ,6
嫄,6
惰,6
땟,6
츔,6
墍,6
愃,6
它,6
庥,6
ผ,6
阯,6
눼,6
舗,6
쟉,6
槌,6
သ,6
膀,6
읔,6
ც,6
堣,6
徂,6
ڠ,6
ถ,6
Ă,6
粋,6
冨,6
蹋,6
诺,6
ໄ,6
価,6
벛,6
च,6
ở,6
썅,6
眭,6
ᆯ,6
쵤,6
触,6
肘,6
壅,6
Ğ,6
贤,6
瓌,6
ῳ,6
搔,6
듁,6
嘔,6
盺,6
Ӧ,6
旵,6
喫,6
潝,6
ſ,6
蒴,6
戇,6
轆,6
笮,6
艋,6
舺,6
ʐ,6
ᾶ,6
癎,6
说,6
岁,6
籀,6
攜,6
驩,6
苅,6
詻,6
糕,6
瀕,6
罃,6
绝,6
陘,6
芈,6
遅,6
霙,6
匕,6
ና,6
ķ,6
憨,6
덪,6
ἢ,6
刎,6
嚼,6
賄,6
侖,6
澡,6
裘,6
槊,6
껸,6
ℝ,6
駭,6
变,6
癒,6
络,6
樾,6
唜,6
舆,6
姥,6
ዓ,6
እ,6
ክ,6
ግ,6
ሕ,6
妒,6
倨,6
椄,6
꽛,6
转,6
밎,6
빎,6
戯,6
켯,6
擘,6
畸,6
낢,6
忝,6
鈎,6
ව,6
贺,6
脆,6
ㄚ,6
ㄇ,6
ẞ,6
鞞,6
伉,6
ত,6
睨,6
现,6
脉,6
䎘,6
顫,6
ཕ,6
瑊,6
曖,6
淥,6
쫏,6
늣,6
歧,6
ἱ,6
ὖ,6
样,6
ㆄ,6
ẓ,6
嚆,6
륏,6
飩,6
琔,6
榎,6
杷,6
씃,6
弉,6
蒺,6
緄,6
佯,6
姆,6
呀,6
뇸,6
渣,6
軆,6
띡,6
剃,6
絁,6
蔞,6
ḇ,6
퍙,6
楣,6
萨,6
꼳,6
ญ,6
忄,6
ᶍ,6
ᅀ,6
熢,6
왱,6
ວ,6
ລ,6
າ,6
ℕ,6
ຍ,6
Ⱁ,6
Ⰶ,6
Ⰵ,6
Ⱈ,6
Ⰹ,6
Ⱐ,6
Ⱅ,6
俉,6
캪,6
젇,5
漯,5
ዮ,5
ɟ,5
獜,5
喃,5
鑞,5
踞,5
쿙,5
豺,5
悤,5
ট,5
ক,5
娣,5
岹,5
謾,5
眈,5
瘞,5
对,5
丫,5
儛,5
銍,5
倎,5
枡,5
逡,5
輞,5
겇,5
ǽ,5
럇,5
콱,5
茴,5
瑔,5
匏,5
祏,5
珇,5
滏,5
讌,5
퍌,5
坛,5
臆,5
歿,5
꼍,5
腋,5
启,5
蝠,5
踶,5
邴,5
땨,5
窿,5
箸,5
ᆷ,5
忭,5
俚,5
寐,5
俛,5
竑,5
餃,5
俑,5
椶,5
澥,5
概,5
ḷ,5
ǀ,5
भ,5
瑣,5
탘,5
輜,5
颜,5
啼,5
鋏,5
肸,5
躑,5
躅,5
뱔,5
湳,5
豌,5
塁,5
烝,5
邮,5
鄞,5
幫,5
邓,5
Ț,5
ȳ,5
닸,5
杬,5
熜,5
蓑,5
汨,5
鵑,5
Ð,5
畎,5
倜,5
边,5
舫,5
욋,5
秧,5
评,5
历,5
蓴,5
렜,5
뚯,5
돟,5
啦,5
苫,5
鯱,5
첬,5
嘛,5
쟛,5
鬲,5
偪,5
楹,5
욈,5
勰,5
堞,5
佼,5
Ｉ,5
舵,5
颺,5
歟,5
咒,5
顶,5
鉴,5
览,5
冯,5
热,5
佘,5
佖,5
轘,5
芎,5
퀭,5
溧,5
賾,5
橐,5
މ,5
縕,5
仪,5
态,5
Œ,5
ῥ,5
뙤,5
綫,5
ؤ,5
ܕ,5
带,5
栴,5
Վ,5
枫,5
昼,5
郾,5
帑,5
Ｃ,5
Ｅ,5
膾,5
佬,5
杀,5
梢,5
黌,5
瞭,5
啾,5
뀀,5
䑓,5
逌,5
麹,5
眺,5
昚,5
励,5
蠕,5
겯,5
辮,5
暈,5
靭,5
幄,5
玶,5
径,5
柘,5
㻋,5
錥,5
檥,5
ម,5
磔,5
ỏ,5
臻,5
ﾟ,5
篪,5
燻,5
ｇ,5
荖,5
腱,5
囉,5
ტ,5
წ,5
뺴,5
ヅ,5
腿,5
蜆,5
鏜,5
鷦,5
嫦,5
鋌,5
ည,5
圆,5
纯,5
叠,5
殲,5
咤,5
毯,5
俵,5
髢,5
ˠ,5
ẻ,5
猥,5
힁,5
磡,5
Ｋ,5
쀼,5
勍,5
챱,5
ђ,5
卄,5
Ђ,5
핮,5
誹,5
Ý,5
Ẋ,5
ṁ,5
玎,5
饼,5
ǵ,5
ѓ,5
另,5
魃,5
珲,5
埏,5
蓁,5
솓,5
ӈ,5
嘏,5
侹,5
磷,5
嶪,5
寯,5
꽅,5
剔,5
熠,5
侁,5
戢,5
Ғ,5
ʎ,5
Њ,5
섥,5
焞,5
臍,5
鑾,5
壢,5
駰,5
瀰,5
杙,5
蔗,5
쩝,5
啣,5
蟜,5
逾,5
丐,5
羿,5
鮒,5
姞,5
淆,5
գ,5
슾,5
ฆ,5
窈,5
묭,5
郳,5
頴,5
መ,5
հ,5
胱,5
Ћ,5
į,5
ď,5
灶,5
ɖ,5
规,5
亻,5
ӑ,5
ⴻ,5
ⵣ,5
ⵔ,5
ὀ,5
酎,5
僅,5
ʈ,5
郗,5
њ,5
笈,5
ማ,5
劻,5
慙,5
劬,5
扼,5
爸,5
젣,5
怕,5
꾄,5
湑,5
嗢,5
舳,5
얐,5
ヱ,5
鉏,5
剡,5
艘,5
ල,5
ය,5
优,5
纳,5
见,5
ㄍ,5
栯,5
瘤,5
漲,5
স,5
軶,5
倦,5
জ,5
㙫,5
畛,5
鏐,5
瀯,5
谱,5
夹,5
队,5
ὡ,5
ΐ,5
伟,5
晞,5
潴,5
ὅ,5
ජ,5
ත,5
ㅹ,5
肜,5
얶,5
읖,5
很,5
낻,5
ף,5
졋,5
읒,5
譔,5
綢,5
Ï,5
諟,5
퀍,5
们,5
罌,5
砮,5
糙,5
臾,5
뙡,5
仑,5
敕,5
㴭,5
癘,5
㥠,5
锋,5
ㆊ,5
壩,5
ཤ,5
缘,5
땸,5
浯,5
雴,5
揤,5
钞,5
ກ,5
贼,5
ອ,5
ɸ,5
畅,5
ພ,5
ຊ,5
ຣ,5
ᜊ,5
邘,5
薆,5
斄,4
硡,4
멂,4
陇,4
檫,4
芼,4
짔,4
积,4
铜,4
埅,4
Ϝ,4
縷,4
笳,4
輗,4
釴,4
悛,4
廞,4
鰱,4
祢,4
湮,4
嵇,4
鑢,4
譓,4
臙,4
ᅂ,4
熤,4
榻,4
믾,4
苒,4
禊,4
响,4
紞,4
驟,4
讲,4
ㄻ,4
ㄿ,4
졀,4
邂,4
逅,4
氅,4
絮,4
姮,4
銷,4
蝙,4
钦,4
롐,4
ʕ,4
瞑,4
澜,4
谭,4
笵,4
赳,4
彖,4
翩,4
匝,4
忸,4
棐,4
渻,4
벴,4
鑌,4
衒,4
羚,4
嗟,4
ῴ,4
斫,4
憚,4
畲,4
寥,4
槩,4
斃,4
袳,4
쭙,4
휑,4
頁,4
茁,4
ᆍ,4
拵,4
昫,4
쾀,4
逕,4
迺,4
跌,4
옜,4
乽,4
쵼,4
咏,4
脯,4
捌,4
岔,4
즁,4
铺,4
뫄,4
煽,4
载,4
Ļ,4
妍,4
牖,4
糴,4
鱒,4
韃,4
栲,4
显,4
拇,4
睺,4
权,4
湞,4
蒋,4
皁,4
瘀,4
叮,4
ম,4
탙,4
隶,4
섈,4
乶,4
晅,4
祦,4
ˑ,4
侊,4
緘,4
齮,4
郰,4
檎,4
ㅥ,4
鐎,4
昷,4
篈,4
锟,4
孕,4
焙,4
ὕ,4
庞,4
骑,4
脑,4
슁,4
枉,4
艙,4
鎣,4
洼,4
蕰,4
误,4
赣,4
湿,4
錞,4
픙,4
駢,4
笥,4
닽,4
磋,4
엤,4
扒,4
兖,4
侨,4
压,4
辖,4
ṓ,4
庖,4
枠,4
芯,4
홱,4
칲,4
濰,4
恺,4
涛,4
龚,4
严,4
栩,4
띰,4
𐤀,4
淖,4
ẽ,4
얆,4
컁,4
填,4
蝸,4
齧,4
冼,4
紊,4
倮,4
礖,4
碏,4
徘,4
甛,4
觴,4
黟,4
肃,4
㦳,4
蔔,4
豢,4
昡,4
馪,4
鰒,4
鴿,4
桦,4
駉,4
瓶,4
䄙,4
瓆,4
鏘,4
곂,4
엶,4
珚,4
縯,4
鵰,4
宀,4
ಕ,4
ಲ,4
ល,4
栘,4
唊,4
鵂,4
ခ,4
苳,4
蟀,4
聴,4
빝,4
塲,4
Ċ,4
螟,4
卻,4
ܘ,4
棕,4
葷,4
ǰ,4
㺩,4
筰,4
滲,4
誧,4
ల,4
ண,4
ץ,4
奖,4
Ŧ,4
蠲,4
늗,4
Ǧ,4
瘧,4
謇,4
绿,4
逄,4
许,4
諲,4
壌,4
鬻,4
玦,4
玏,4
拗,4
埜,4
姈,4
彡,4
Ӡ,4
Ŋ,4
狃,4
琂,4
얠,4
狷,4
淅,4
窘,4
烜,4
遘,4
莿,4
蜺,4
揀,4
璲,4
駛,4
廙,4
袤,4
墘,4
噍,4
癲,4
嚳,4
戔,4
玁,4
蚡,4
匄,4
咳,4
頵,4
襃,4
頥,4
շ,4
բ,4
穌,4
ซ,4
ฉ,4
渶,4
导,4
舰,4
鴎,4
ғ,4
郇,4
텦,4
ƶ,4
麞,4
凜,4
蘅,4
ᆖ,4
ላ,4
ድ,4
Ķ,4
ẫ,4
Ě,4
ӕ,4
亅,4
冫,4
횩,4
猊,4
ㄐ,4
ὄ,4
Ę,4
慜,4
澠,4
鄗,4
灊,4
깩,4
싻,4
頠,4
鍔,4
蹤,4
ㆅ,4
슽,4
饁,4
ฐ,4
唔,4
ȝ,4
涍,4
珅,4
裶,4
阁,4
孀,4
寞,4
Ŭ,4
ʤ,4
ደ,4
ተ,4
ነ,4
ኣ,4
糺,4
ㅤ,4
ց,4
մ,4
栒,4
훽,4
泟,4
楢,4
冽,4
淍,4
撬,4
㺚,4
㝹,4
瘋,4
刁,4
靠,4
蚤,4
閫,4
澪,4
氓,4
흴,4
맽,4
쯘,4
튱,4
刱,4
羋,4
针,4
迊,4
佞,4
𩃙,4
𠅨,4
貉,4
鄅,4
赭,4
渽,4
ರ,4
鞆,4
ฟ,4
筅,4
鈀,4
屐,4
襴,4
뜽,4
鷂,4
Ŝ,4
问,4
Ɵ,4
峭,4
ㄏ,4
Ů,4
犨,4
댛,4
ಸ,4
柎,4
䌙,4
က,4
彿,4
鰈,4
ǝ,4
譞,4
觉,4
憺,4
媵,4
峸,4
莋,4
얾,4
শ,4
Ř,4
麯,4
跃,4
龄,4
鴈,4
멨,4
楺,4
沚,4
衜,4
뒈,4
읺,4
蛭,4
砒,4
珤,4
窖,4
梃,4
猟,4
츙,4
蒻,4
鋳,4
蛆,4
න,4
悊,4
ង,4
齦,4
ᆝ,4
읭,4
韵,4
ㄵ,4
밣,4
𐎹,4
ｔ,4
祷,4
暲,4
塽,4
彆,4
褈,4
Û,4
ᄒ,4
읕,4
鐔,4
烒,4
뒸,4
አ,4
헿,4
켬,4
衮,4
Ϛ,4
斋,4
菀,4
ᅮ,4
ϵ,4
Ἕ,4
Һ,4
瑃,4
痔,4
楛,4
葩,4
ѣ,4
왯,4
逯,4
賡,4
꾿,4
謊,4
妝,4
濼,4
ໂ,4
壼,4
仆,4
Ί,4
筧,4
滩,4
ʀ,4
봔,4
帅,4
쟂,4
徼,4
勻,4
욷,4
麩,4
胊,4
ㄤ,4
ㄉ,4
综,4
徧,4
쾬,4
宬,4
ھ,4
坧,4
邻,4
ḱ,4
娱,4
ཐ,4
ꥫ,4
ᄫ,4
侄,4
拊,4
ゟ,4
飭,4
혤,4
畳,4
馗,4
罹,4
桴,4
讯,4
軑,4
뭏,4
뫃,4
崋,4
嶧,4
继,4
购,4
冓,4
俾,4
ḻ,4
黏,4
晫,4
뎰,4
屆,4
Ⰱ,4
Ⱔ,4
Ⰿ,4
兑,4
Ң,4
苍,4
鉃,4
禟,4
ያ,4
읃,4
Ĝ,4
崽,4
鮭,3
肛,3
𤨒,3
髠,3
竦,3
鼂,3
驄,3
덝,3
枣,3
阡,3
毕,3
싲,3
礡,3
겆,3
鱉,3
덛,3
Ϸ,3
蜡,3
翥,3
ङ,3
ଟ,3
缾,3
劲,3
ᅟ,3
籐,3
ㇼ,3
㼁,3
蒹,3
鰥,3
瀗,3
蘖,3
峘,3
瑥,3
笄,3
褌,3
켸,3
芾,3
昑,3
傉,3
耒,3
蘚,3
囃,3
燿,3
茱,3
萸,3
읓,3
磌,3
渰,3
润,3
欞,3
ㄾ,3
剽,3
꾕,3
鈸,3
鴟,3
뤗,3
瘇,3
虧,3
郪,3
攖,3
댱,3
ḵ,3
槟,3
旴,3
穠,3
帔,3
檠,3
焕,3
岏,3
輳,3
閈,3
璔,3
朮,3
癯,3
柟,3
枏,3
翱,3
笒,3
憾,3
暿,3
㫜,3
닜,3
邆,3
賧,3
鵞,3
揺,3
襑,3
淶,3
磏,3
杢,3
彔,3
钰,3
劈,3
桎,3
梏,3
翽,3
욍,3
緈,3
蒿,3
咖,3
啡,3
绛,3
酃,3
虾,3
摄,3
榭,3
汇,3
ὼ,3
扱,3
艽,3
Ḑ,3
ḑ,3
Ŗ,3
咥,3
炆,3
윟,3
媯,3
熬,3
箒,3
꽆,3
菘,3
읆,3
泪,3
閇,3
फ,3
掲,3
뻡,3
쌴,3
瑒,3
䜌,3
膩,3
斞,3
乷,3
燼,3
郫,3
쟐,3
柤,3
잗,3
잏,3
货,3
옸,3
貘,3
蜚,3
钧,3
耋,3
祊,3
衾,3
ᄉ,3
蜈,3
蚣,3
窗,3
먕,3
滂,3
榄,3
辅,3
촹,3
ⵉ,3
읅,3
깠,3
ὔ,3
핶,3
掎,3
薏,3
苡,3
隩,3
涎,3
顙,3
鬃,3
践,3
އ,3
ދ,3
瑍,3
嫪,3
毐,3
僩,3
奶,3
调,3
竅,3
竱,3
莪,3
㼅,3
旄,3
縞,3
꿧,3
箫,3
氹,3
凄,3
걈,3
ܢ,3
곷,3
帮,3
猝,3
窝,3
斅,3
Ἡ,3
槀,3
鹅,3
庐,3
碕,3
瀹,3
Ｕ,3
Ｇ,3
麽,3
烧,3
摭,3
ɬ,3
ℛ,3
ℳ,3
葶,3
疥,3
ぅ,3
蚕,3
亏,3
삠,3
潯,3
慟,3
埁,3
邹,3
沧,3
奨,3
츼,3
ҧ,3
虍,3
諪,3
仡,3
濈,3
畊,3
𤦋,3
豕,3
乇,3
仟,3
嘘,3
么,3
炕,3
ꥼ,3
ᅵ,3
刕,3
ន,3
ទ,3
굥,3
ỷ,3
昵,3
簋,3
뇻,3
蝾,3
螈,3
쓔,3
蛹,3
ჲ,3
ღ,3
蚌,3
脛,3
梔,3
吞,3
侏,3
တ,3
韞,3
贞,3
熿,3
疸,3
桁,3
ܙ,3
淘,3
峋,3
ḓ,3
圧,3
臓,3
徨,3
ǩ,3
綦,3
Ի,3
篙,3
땁,3
謳,3
蠍,3
鑽,3
Ｊ,3
槇,3
휄,3
넗,3
飫,3
좔,3
黽,3
ᇧ,3
ĵ,3
შ,3
监,3
ర,3
இ,3
ஷ,3
擒,3
岌,3
淃,3
钓,3
ẳ,3
ẵ,3
炖,3
љ,3
篩,3
暝,3
苹,3
볻,3
龟,3
냬,3
𢢜,3
衎,3
檉,3
慊,3
蠆,3
Ǵ,3
遾,3
駘,3
殳,3
轟,3
琺,3
淤,3
暋,3
詗,3
啚,3
棪,3
ŧ,3
騮,3
騄,3
嵂,3
嬢,3
渗,3
롹,3
Ҷ,3
䆃,3
쳑,3
Ɨ,3
Џ,3
臯,3
Ǎ,3
ģ,3
ḗ,3
얖,3
轑,3
Ӽ,3
몯,3
嚥,3
嵙,3
蔴,3
碇,3
酩,3
豨,3
浞,3
玘,3
隞,3
羡,3
娀,3
囏,3
繰,3
앟,3
ὺ,3
芩,3
絰,3
윛,3
잋,3
找,3
耦,3
陬,3
몃,3
դ,3
넖,3
翛,3
珛,3
禳,3
𐎡,3
裾,3
걺,3
黶,3
栐,3
磺,3
埕,3
巔,3
圮,3
菫,3
頰,3
扞,3
崐,3
瑑,3
议,3
换,3
Ƿ,3
溏,3
ɥ,3
ዘ,3
蜷,3
鯊,3
ٹ,3
Ħ,3
Į,3
Ỹ,3
Ď,3
Ň,3
囗,3
Ấ,3
ʑ,3
Ӟ,3
隤,3
Ӕ,3
亠,3
冂,3
冖,3
Ӑ,3
ἵ,3
盝,3
梡,3
歂,3
泚,3
詒,3
ᅒ,3
Ȝ,3
儇,3
喋,3
裀,3
抔,3
玻,3
燽,3
Ҫ,3
Ӣ,3
韮,3
戛,3
讞,3
Ė,3
峇,3
轮,3
Ĉ,3
嫖,3
겿,3
筽,3
ሱ,3
ዋ,3
ሓ,3
ቢ,3
ዕ,3
ጽ,3
ይ,3
ለ,3
ጣ,3
ቡ,3
ሪ,3
鎗,3
ҷ,3
橚,3
簑,3
槺,3
텉,3
깆,3
缽,3
姁,3
듫,3
珆,3
洧,3
捿,3
侾,3
銚,3
濺,3
亙,3
됫,3
誐,3
嚩,3
맜,3
罫,3
贏,3
곈,3
쎙,3
졉,3
挫,3
杣,3
홥,3
ๆ,3
𐱃,3
宷,3
췰,3
霔,3
뱄,3
樁,3
頞,3
晓,3
啖,3
䔉,3
僂,3
魋,3
茷,3
鏢,3
菉,3
뗬,3
惀,3
揉,3
ම,3
ග,3
ප,3
紓,3
鎲,3
Ｏ,3
鬷,3
鄩,3
騙,3
濞,3
鷯,3
黥,3
项,3
试,3
办,3
释,3
兕,3
净,3
艳,3
ㄓ,3
ठ,3
榰,3
岺,3
鞴,3
ঘ,3
ಮ,3
从,3
좃,3
峑,3
潺,3
仞,3
淰,3
竴,3
য,3
痍,3
佷,3
ধ,3
滾,3
拕,3
燄,3
鍪,3
纽,3
鶉,3
觚,3
蚪,3
笁,3
膵,3
ἁ,3
ῷ,3
赐,3
训,3
爷,3
ŝ,3
敘,3
凵,3
ᅅ,3
这,3
过,3
Ｚ,3
菎,3
鄀,3
හ,3
摛,3
뮹,3
ᆃ,3
孁,3
隃,3
褘,3
빋,3
ᄅ,3
揽,3
ㅀ,3
蕈,3
痂,3
Ĥ,3
閟,3
즛,3
尨,3
갣,3
깯,3
剰,3
溺,3
獯,3
줫,3
羂,3
ᇘ,3
ច,3
桟,3
멉,3
暊,3
珷,3
璁,3
咋,3
澆,3
鰕,3
㶏,3
兹,3
繙,3
ښ,3
罘,3
튽,3
ㅺ,3
ㅼ,3
ㅵ,3
뀝,3
渢,3
ᅁ,3
ㆎ,3
砕,3
넢,3
页,3
拮,3
艹,3
ㄟ,3
礒,3
筝,3
縑,3
ṉ,3
𤖙,3
𠂤,3
忧,3
榷,3
刓,3
椪,3
Խ,3
ﺎ,3
ཟ,3
絫,3
ǁ,3
璮,3
ᡞ,3
ᠯ,3
ᡠ,3
筱,3
验,3
职,3
酲,3
鷴,3
斿,3
喵,3
옫,3
빱,3
廄,3
悩,3
曔,3
욯,3
璂,3
湸,3
鸭,3
埒,3
漾,3
椋,3
遒,3
蠙,3
뉩,3
ཨ,3
闹,3
骏,3
谦,3
淦,3
ힾ,3
龑,3
돵,3
爌,3
㖙,3
迟,3
竗,3
ˀ,3
𦆭,3
佸,3
畇,3
噌,3
迓,3
猎,3
耏,3
羘,3
给,3
鶚,3
騅,3
挥,3
舛,3
妘,3
釰,3
濶,3
ㄩ,3
ᄼ,3
ᄾ,3
ᅎ,3
ᅐ,3
ᅔ,3
ᅕ,3
轩,3
绣,3
藫,3
뗴,3
鱠,3
蟆,3
Ẓ,3
븍,3
ᅚ,3
घ,3
趼,3
괏,3
闻,3
醪,3
蟯,3
꿸,3
菻,3
Ұ,3
ᄃ,3
ᆫ,3
襠,3
頀,3
쉡,3
ӱ,3
狠,3
ゞ,3
ﺣ,3
엵,3
棩,3
遗,3
ኢ,3
ጵ,3
腊,3
扑,3
ㆉ,3
ܣ,3
冾,3
溵,3
㻶,3
剉,3
ᜌ,3
숰,3
曘,3
瀓,3
ګ,3
椴,3
杅,3
쵝,3
돴,3
钺,3
룁,3
搞,3
섓,3
姶,3
𫢓,3
椧,3
鋺,3
籞,3
㒠,3
竫,3
톼,2
狒,2
鸣,2
羕,2
귯,2
淽,2
ڬ,2
ཆ,2
膈,2
樠,2
푣,2
괂,2
줓,2
罇,2
牁,2
銋,2
敭,2
ϝ,2
Ͱ,2
Ϻ,2
Ϙ,2
ϟ,2
Ͳ,2
ϡ,2
먗,2
锜,2
Ṭ,2
綻,2
霂,2
髷,2
坫,2
晊,2
嚬,2
璱,2
桝,2
蔀,2
룐,2
垞,2
坳,2
沜,2
朼,2
矴,2
銒,2
嗾,2
渎,2
坚,2
跬,2
杳,2
籥,2
壜,2
菰,2
痩,2
ㄽ,2
鈗,2
됀,2
옺,2
胙,2
籩,2
쏩,2
죕,2
釦,2
哮,2
鄋,2
翺,2
ᆠ,2
ꥹ,2
聆,2
虱,2
魘,2
늇,2
篔,2
揲,2
櫂,2
覯,2
錙,2
壄,2
俙,2
ㆇ,2
敔,2
瘠,2
篦,2
搠,2
廼,2
ਕ,2
ਰ,2
ᄙ,2
裿,2
혅,2
銶,2
謏,2
몴,2
폅,2
蜿,2
蜒,2
薤,2
컈,2
幺,2
둰,2
箪,2
桄,2
꽐,2
搦,2
ŗ,2
崿,2
뺵,2
뼤,2
뵷,2
둄,2
ᆀ,2
뒁,2
弈,2
蕲,2
堝,2
햝,2
阶,2
𦳣,2
洭,2
眜,2
뭋,2
挿,2
悏,2
츩,2
钜,2
噹,2
𠄩,2
揃,2
恙,2
疼,2
ʋ,2
縶,2
㷁,2
赁,2
腻,2
錆,2
蜃,2
晖,2
栈,2
遬,2
窋,2
逓,2
愰,2
鄹,2
ᄔ,2
涬,2
褊,2
嘖,2
磅,2
蕖,2
僰,2
韭,2
杂,2
夋,2
窑,2
弇,2
牋,2
补,2
阙,2
桱,2
犖,2
瞎,2
ⵟ,2
ⵏ,2
炟,2
匐,2
屿,2
愖,2
笋,2
蘼,2
歚,2
嬅,2
Ή,2
攽,2
偓,2
倞,2
ހ,2
洤,2
榥,2
垍,2
茝,2
誢,2
衽,2
袂,2
畬,2
鲤,2
宾,2
蓽,2
寘,2
窆,2
巪,2
萭,2
쏳,2
蛍,2
蚧,2
ṽ,2
쓿,2
ሃ,2
ገ,2
苇,2
艅,2
皜,2
仅,2
唹,2
밫,2
蕢,2
濉,2
责,2
撚,2
佻,2
蓩,2
餾,2
鍑,2
Ｎ,2
仫,2
蘘,2
刚,2
浊,2
滹,2
藶,2
닺,2
鄶,2
异,2
鞱,2
셖,2
攺,2
尧,2
싿,2
琸,2
湓,2
墙,2
馦,2
馝,2
牝,2
숳,2
侅,2
Ἠ,2
蜩,2
逖,2
戳,2
帷,2
棵,2
筹,2
荐,2
Ő,2
饶,2
鯛,2
龠,2
𤩶,2
𣚅,2
𥙿,2
鵺,2
樅,2
鍒,2
璦,2
螳,2
螂,2
碉,2
Ὠ,2
솦,2
ᇹ,2
ἅ,2
噜,2
엳,2
ជ,2
យ,2
ស,2
ហ,2
倖,2
埬,2
麊,2
甎,2
꺠,2
셑,2
澅,2
柷,2
ဟ,2
ဗ,2
ဓ,2
ပ,2
榦,2
灐,2
ܗ,2
咯,2
湕,2
Ą,2
늰,2
椷,2
蜉,2
ᆋ,2
扣,2
让,2
窦,2
럐,2
뢨,2
ທ,2
Ư,2
ܥ,2
瀦,2
ܒ,2
潡,2
왰,2
Ɯ,2
拡,2
彷,2
इ,2
𛀁,2
鬨,2
筲,2
滘,2
쇵,2
巄,2
삻,2
蝮,2
襸,2
𡐔,2
㥽,2
䫨,2
袷,2
క,2
ɫ,2
훓,2
嗄,2
湔,2
轢,2
漈,2
넚,2
휏,2
澺,2
玿,2
ɰ,2
盅,2
轝,2
Ȧ,2
饭,2
ẗ,2
ẟ,2
Ѓ,2
辑,2
Ҭ,2
羗,2
ᇚ,2
鷥,2
붏,2
㫆,2
讙,2
峀,2
驁,2
炁,2
㻑,2
宽,2
额,2
瑷,2
逊,2
盍,2
뀨,2
癢,2
囀,2
稈,2
ŷ,2
廸,2
ҥ,2
ӡ,2
Ӈ,2
꿏,2
滃,2
巚,2
倓,2
裒,2
儐,2
懹,2
卹,2
鉐,2
沕,2
暅,2
赉,2
Ҝ,2
懦,2
묺,2
Ẃ,2
湺,2
勑,2
戣,2
旰,2
孥,2
핻,2
Ë,2
Ģ,2
Ҳ,2
轤,2
㹜,2
갂,2
陥,2
嘓,2
漚,2
哖,2
塱,2
䟆,2
趂,2
挚,2
鯀,2
斟,2
廑,2
깢,2
颂,2
弃,2
挟,2
赧,2
桧,2
羆,2
薷,2
秫,2
덭,2
헰,2
젆,2
맆,2
팯,2
棊,2
𢓜,2
坽,2
痒,2
芄,2
芃,2
秕,2
삳,2
蘑,2
菇,2
蕎,2
붛,2
횢,2
Ӿ,2
է,2
巩,2
褎,2
귝,2
廁,2
곙,2
𑀥,2
𑀫,2
𑀮,2
𑀧,2
𐨤,2
诚,2
赞,2
窕,2
홤,2
蝋,2
终,2
굔,2
躒,2
墭,2
殄,2
泵,2
吶,2
嶂,2
鋭,2
怵,2
惴,2
粄,2
Ţ,2
懂,2
遴,2
ㆌ,2
ˁ,2
챦,2
硈,2
溲,2
ƿ,2
㵒,2
Ҕ,2
ҕ,2
Ҩ,2
Ҽ,2
ᄇ,2
芪,2
ኪ,2
న,2
珑,2
ʧ,2
Ṽ,2
囧,2
Ẽ,2
Ĩ,2
Ũ,2
Ɖ,2
Ԁ,2
ӟ,2
Ӹ,2
ӹ,2
㳣,2
Ԅ,2
漹,2
妟,2
奻,2
夂,2
敱,2
Ӻ,2
Ҙ,2
Љ,2
뱆,2
鄃,2
㣴,2
뻰,2
閹,2
袱,2
艀,2
寻,2
庲,2
嫻,2
찣,2
呢,2
㖿,2
噫,2
啊,2
紉,2
Ƕ,2
垝,2
漼,2
瀍,2
彄,2
挨,2
拶,2
妈,2
禘,2
嵆,2
俀,2
ҫ,2
ӣ,2
栅,2
雳,2
旉,2
覬,2
ฤ,2
睹,2
붘,2
黠,2
ᚦ,2
选,2
阎,2
Ꮟ,2
ᛃ,2
ᛜ,2
䎩,2
ᆚ,2
嶙,2
햋,2
攴,2
崃,2
በ,2
ቀ,2
ሰ,2
ታ,2
ሳ,2
ው,2
ጨ,2
ቶ,2
ḳ,2
읿,2
პ,2
Պ,2
쳘,2
㴒,2
墡,2
섦,2
횻,2
夸,2
怙,2
疣,2
훝,2
眚,2
慼,2
吁,2
痹,2
嗓,2
筺,2
靫,2
夠,2
釩,2
咁,2
倅,2
凛,2
妞,2
鐏,2
曬,2
ℏ,2
嗶,2
鸕,2
泯,2
冴,2
豔,2
猾,2
嚚,2
魍,2
魎,2
섡,2
𒄷,2
𒉿,2
𒁀,2
넞,2
酱,2
澀,2
杠,2
뱜,2
밨,2
佉,2
浻,2
圩,2
셕,2
堇,2
裹,2
嫣,2
鳞,2
娯,2
옾,2
푱,2
伙,2
缻,2
숡,2
鄳,2
壾,2
咺,2
薗,2
럅,2
딯,2
虺,2
愆,2
饕,2
餮,2
ќ,2
险,2
釁,2
ϲ,2
팈,2
ಜ,2
叺,2
餈,2
栮,2
熩,2
辜,2
𧺝,2
创,2
쏫,2
絙,2
闈,2
雘,2
湩,2
椓,2
崍,2
籁,2
题,2
审,2
홛,2
闫,2
ㄈ,2
幘,2
औ,2
흝,2
慂,2
㟓,2
잩,2
畱,2
옄,2
蟋,2
澲,2
𨯶,2
롣,2
櫡,2
윘,2
堕,2
撼,2
麏,2
湲,2
绵,2
伾,2
僴,2
ᆣ,2
馧,2
祟,2
腄,2
荡,2
盩,2
ὒ,2
ℂ,2
얬,2
姃,2
輈,2
靄,2
蜻,2
蛉,2
昬,2
㸂,2
暟,2
㶨,2
偦,2
앧,2
꼇,2
왘,2
虡,2
駹,2
扭,2
搋,2
혱,2
拖,2
쟙,2
얺,2
锣,2
隽,2
绍,2
ཚ,2
껶,2
栿,2
싾,2
폳,2
튭,2
櫞,2
掬,2
얅,2
髄,2
攢,2
ὠ,2
ἂ,2
ἃ,2
ἶ,2
鈒,2
ך,2
旲,2
孵,2
頣,2
壔,2
喎,2
昖,2
羑,2
봍,2
뵨,2
팉,2
塯,2
穏,2
ퟻ,2
ꥶ,2
ᇺ,2
ە,2
ۇ,2
賨,2
숸,2
엜,2
须,2
봘,2
ヵ,2
Ｗ,2
ｉ,2
睛,2
蛻,2
飇,2
넀,2
佝,2
麪,2
祯,2
赏,2
ㄶ,2
惃,2
漒,2
ฝ,2
橢,2
ퟴ,2
ゔ,2
耙,2
핟,2
츕,2
𐤔,2
𐤉,2
𐎣,2
𐎲,2
𐎢,2
餜,2
怎,2
呰,2
饂,2
倗,2
뤈,2
乀,2
葯,2
薲,2
汭,2
轡,2
插,2
领,2
宪,2
磼,2
딷,2
폔,2
윶,2
댤,2
遹,2
靏,2
ㅦ,2
ᇋ,2
ꥸ,2
ퟗ,2
ខ,2
ᅷ,2
ᅸ,2
胰,2
酘,2
믠,2
ힱ,2
玕,2
珵,2
滈,2
紒,2
恫,2
緦,2
濔,2
裊,2
槥,2
Կ,2
ﯿ,2
傣,2
텽,2
氛,2
ϛ,2
ᅶ,2
彀,2
ɴ,2
䏰,2
墊,2
珈,2
琲,2
剮,2
ཡ,2
ㅽ,2
ㅾ,2
ㅲ,2
ㅳ,2
ㅴ,2
ᄴ,2
唏,2
瓏,2
厔,2
븥,2
渇,2
螣,2
髑,2
諹,2
汙,2
靱,2
鰹,2
饮,2
蹏,2
һ,2
剤,2
髏,2
뗌,2
捶,2
瀜,2
잆,2
黻,2
祘,2
驀,2
Ⰷ,2
ѡ,2
떽,2
횄,2
맄,2
賰,2
𣴓,2
𒍣,2
𒌓,2
쬠,2
穽,2
縊,2
ㄙ,2
ㄜ,2
薥,2
殞,2
ŕ,2
ĺ,2
챨,2
煓,2
癰,2
疳,2
痞,2
鑠,2
툿,2
刦,2
溭,2
ത,2
ຕ,2
ճ,2
ջ,2
媾,2
蓯,2
鏗,2
𢒰,2
呦,2
鄠,2
岉,2
攄,2
錀,2
ᠶ,2
玽,2
盦,2
芊,2
闾,2
铭,2
㫝,2
롈,2
誄,2
Ġ,2
铛,2
껙,2
峪,2
놰,2
璛,2
џ,2
㮒,2
빧,2
렫,2
랟,2
콛,2
찓,2
닏,2
뉻,2
簟,2
Բ,2
𤅷,2
ㄗ,2
ㄢ,2
鬬,2
猨,2
Գ,2
谁,2
睍,2
ᆨ,2
銛,2
皺,2
寜,2
瘴,2
藹,2
坍,2
쳣,2
礱,2
उ,2
ਲ,2
പ,2
ല,2
恞,2
撣,2
緱,2
웝,2
峦,2
卧,2
뷋,2
驿,2
ʸ,2
ɳ,2
餛,2
祛,2
먈,2
掟,2
硐,2
錤,2
类,2
麂,2
乆,2
鹏,2
颤,2
쩽,2
焘,2
匜,2
ퟄ,2
鋹,2
堥,2
斕,2
玷,2
崒,2
ழ,2
绢,2
熀,2
裱,2
瞥,2
쯧,2
퍠,2
绒,2
ᄋ,2
ᆻ,2
朓,2
憼,2
证,2
ᛉ,2
ᚱ,2
Ń,2
嘶,2
块,2
﨑,2
鞑,2
识,2
录,2
邲,2
脸,2
詘,2
甿,2
淼,2
蹬,2
犭,2
焯,2
ᱟ,2
韌,2
ㆋ,2
罍,2
估,2
纍,2
伻,2
ޙ,2
ㄝ,2
碾,2
糶,2
콀,2
霫,2
덣,2
ｘ,2
鴃,2
䥃,2
档,2
蹻,2
癭,2
辕,2
谢,2
돎,2
Ϲ,2
蝉,2
畀,2
䪷,2
퐝,2
愭,2
矧,2
毼,2
Ƣ,2
ꝛ,2
瘻,2
釭,2
她,2
হ,2
讨,2
举,2
纸,2
Ќ,2
乍,2
蓓,2
骅,2
骐,2
骥,2
썪,2
톹,2
ᄓ,2
ᄗ,2
ㅧ,2
ꥢ,2
ퟑ,2
ᇄ,2
ꥡ,2
蝌,2
Ǩ,2
Ḱ,2
鍬,2
楒,2
ஃ,2
ற,2
骼,2
崴,2
惧,2
丧,2
阏,2
禵,2
츅,2
뇔,2
횰,2
ຄ,2
뗑,2
陲,2
쟘,2
汞,2
뤌,2
ᇝ,2
喘,2
ⴳ,2
ᗐ,2
뷁,2
ɝ,2
攵,2
啇,2
윁,2
绪,2
ӯ,2
耄,2
洬,2
苣,2
砖,2
핳,2
흫,2
Ѣ,2
鮨,2
싈,2
Ⰴ,2
Ⰳ,2
Ⱂ,2
ᅇ,2
卐,2
롑,2
ᄽ,2
ᅏ,2
ᄿ,2
ᅑ,2
ᠠ,2
况,2
跟,2
벉,2
Є,2
ℵ,2
菹,2
慇,2
詝,2
娎,2
坟,2
蓥,2
砚,2
挂,2
粑,2
绸,2
贡,2
伞,2
첮,2
崆,2
Ҁ,2
Ꙗ,2
Ѧ,2
霰,2
쎴,2
碻,2
訕,2
ᐃ,2
ӗ,2
ᓯ,2
獞,2
獼,2
ሥ,2
輊,2
梪,2
渪,2
囹,2
圄,2
鰌,2
捊,2
曌,2
ᅙ,2
ર,2
જ,2
હ,2
糲,2
힜,2
Ǫ,2
ᚹ,2
祹,2
ᆜ,2
ᅡ,2
㳟,2
哱,2
禌,2
뷕,2
𝒮,2
ᚨ,2
竢,2
鶩,2
侙,2
놂,2
톺,2
ຽ,2
ດ,2
Ȟ,2
Ǐ,2
駥,2
艎,2
蘓,2
噬,2
앃,2
娫,2
狦,2
뽓,2
傜,2
殽,2
삡,2
뺩,2
굑,2
蘩,2
嬛,2
钮,2
ܫ,2
돽,2
喣,2
褍,2
闲,2
ಫ,2
ಬ,2
됮,2
謵,2
𤉇,2
띳,2
竀,2
핔,2
鏟,2
럄,2
紈,2
읁,2
钵,2
还,2
赜,2
樘,2
끕,2
퇌,2
嬈,2
玊,2
嘐,2
炼,2
癮,2
ې,2
ݢ,2
綉,2
层,2
窠,2
裲,2
晪,2
𤍤,2
㻇,2
𨋀,2
贲,2
諳,2
鋎,2
烍,2
ꡒ,2
伅,1
싁,1
芿,1
阗,1
橪,1
칳,1
튻,1
鉸,1
鰼,1
荄,1
巹,1
䇳,1
错,1
裪,1
Ͷ,1
ͷ,1
ͱ,1
ϻ,1
ϸ,1
ϙ,1
Ϟ,1
ͳ,1
Ϡ,1
皚,1
ଙ,1
କ,1
쒜,1
赢,1
樨,1
觱,1
篥,1
蓊,1
噪,1
赬,1
筯,1
㠉,1
胛,1
蛔,1
碖,1
檓,1
蝀,1
欹,1
玔,1
坯,1
琜,1
襁,1
玝,1
缠,1
彻,1
昝,1
埯,1
蕊,1
䃃,1
㕀,1
朦,1
渷,1
舃,1
襆,1
甗,1
禀,1
歜,1
痼,1
勐,1
朧,1
룍,1
ퟳ,1
굇,1
槼,1
禫,1
쐰,1
믓,1
亇,1
薱,1
榞,1
獤,1
萆,1
悒,1
弸,1
珓,1
㑳,1
盥,1
褂,1
㵜,1
㴢,1
몪,1
鍞,1
𣞗,1
ਬ,1
鵯,1
쎔,1
箓,1
ے,1
닠,1
쵣,1
쉉,1
倸,1
噛,1
掯,1
懣,1
榙,1
䵍,1
쾁,1
葍,1
濵,1
礐,1
抓,1
儈,1
鄮,1
柹,1
껼,1
薮,1
ञ,1
쐉,1
Ǟ,1
ǟ,1
Ņ,1
Ȯ,1
ȯ,1
Ȱ,1
ȱ,1
Ȭ,1
ȭ,1
Ȫ,1
ȫ,1
Ȳ,1
嬾,1
뤨,1
딈,1
먓,1
㝵,1
簞,1
깓,1
賈,1
靉,1
跫,1
栳,1
蕷,1
洈,1
鳜,1
凢,1
㡣,1
罢,1
窃,1
敌,1
詧,1
뭬,1
ড,1
駮,1
哇,1
尟,1
鱻,1
兺,1
哛,1
쒼,1
鬣,1
鯇,1
屺,1
슳,1
諛,1
崂,1
툥,1
樒,1
苐,1
逶,1
迤,1
姱,1
暆,1
錍,1
鉚,1
韂,1
髆,1
荈,1
镌,1
续,1
ⵡ,1
辫,1
焃,1
偘,1
歼,1
弭,1
諤,1
缅,1
崵,1
慍,1
捽,1
떥,1
簣,1
鴕,1
鰤,1
ℎ,1
塀,1
琈,1
繊,1
ނ,1
ޝ,1
熽,1
逻,1
裄,1
耜,1
屝,1
漓,1
𨍭,1
扌,1
炀,1
骆,1
轼,1
웇,1
崢,1
蔕,1
蓆,1
뵛,1
嶁,1
ㅩ,1
惋,1
ረ,1
𐤌,1
𐤁,1
쑴,1
聂,1
梴,1
ª,1
鴌,1
涝,1
즞,1
皃,1
꺌,1
탶,1
믁,1
韉,1
酣,1
檯,1
囎,1
霅,1
䂮,1
괕,1
溤,1
枞,1
阊,1
泾,1
吓,1
瘪,1
负,1
祸,1
砭,1
掫,1
玀,1
猓,1
仄,1
喂,1
抢,1
萹,1
兟,1
곹,1
菾,1
쐼,1
핱,1
寏,1
鞸,1
덙,1
郸,1
闸,1
駣,1
ཝ,1
烶,1
뫔,1
犒,1
鼾,1
宻,1
尓,1
逰,1
涕,1
谯,1
埭,1
䵼,1
𢙯,1
灇,1
矶,1
慝,1
顱,1
Ἤ,1
Ἅ,1
늅,1
螓,1
웆,1
灒,1
劝,1
欑,1
Ἵ,1
禥,1
㬎,1
碙,1
廝,1
앹,1
嚈,1
噠,1
䴥,1
舡,1
憔,1
悴,1
萝,1
颪,1
嫇,1
늿,1
菔,1
㺶,1
砰,1
㻐,1
𡐹,1
嚞,1
虬,1
衱,1
𣉞,1
襻,1
袡,1
𤎱,1
僶,1
붴,1
噂,1
篳,1
즑,1
츺,1
瞮,1
綖,1
琭,1
襫,1
찱,1
ퟠ,1
巓,1
炻,1
옽,1
嚕,1
ಡ,1
킽,1
矺,1
렺,1
혯,1
霌,1
앛,1
蟇,1
褱,1
梂,1
逴,1
䧄,1
鶹,1
鑂,1
댗,1
亐,1
궷,1
놧,1
ჩ,1
ჳ,1
蘐,1
粢,1
鯗,1
蚬,1
쫗,1
娵,1
孖,1
봣,1
盋,1
蝣,1
噉,1
擡,1
칱,1
煳,1
趟,1
闼,1
ᨣ,1
ᨾ,1
ᨦ,1
깖,1
닞,1
熑,1
픝,1
𨇗,1
ங,1
ܠ,1
偲,1
㡯,1
喦,1
涮,1
쾻,1
ฯ,1
蛸,1
鰂,1
脷,1
埗,1
屽,1
뀠,1
傈,1
僳,1
윥,1
嬙,1
ဝ,1
碯,1
쐑,1
粦,1
팑,1
糀,1
梠,1
賱,1
枻,1
唳,1
స,1
వ,1
ప,1
ధ,1
ష,1
ణ,1
醂,1
잂,1
췽,1
諵,1
𤍅,1
맃,1
Ằ,1
Ắ,1
Ẳ,1
Ẵ,1
Ặ,1
墰,1
ἠ,1
𥘉,1
𥙆,1
𥚻,1
砺,1
鴞,1
蕁,1
犼,1
甍,1
嗒,1
憸,1
軔,1
ȧ,1
렡,1
쇰,1
腩,1
烷,1
ҭ,1
瑫,1
궴,1
蘴,1
疄,1
鄎,1
稶,1
嗤,1
煲,1
鸥,1
䄇,1
裎,1
걋,1
鈇,1
涸,1
餺,1
飥,1
骜,1
Ǯ,1
ǯ,1
Ҥ,1
霬,1
𨥭,1
䃤,1
溆,1
鷫,1
𤦛,1
滮,1
澋,1
𤂿,1
𧝀,1
䃏,1
摶,1
𡷗,1
㠎,1
傪,1
驌,1
驊,1
涀,1
銊,1
柅,1
楀,1
𤇜,1
埞,1
𥖭,1
縢,1
Ӷ,1
ӷ,1
ҟ,1
ゝ,1
㥛,1
闋,1
泺,1
胪,1
ҝ,1
엩,1
媳,1
떪,1
쟇,1
ẃ,1
穙,1
閖,1
璭,1
𧪚,1
鐳,1
㯋,1
貟,1
鐺,1
Ѵ,1
Ԝ,1
Ǌ,1
ǋ,1
ǌ,1
䢤,1
얫,1
ӽ,1
壠,1
洄,1
梀,1
鰻,1
穷,1
摰,1
廪,1
嚣,1
沬,1
繄,1
湦,1
鄇,1
摎,1
濸,1
燝,1
雚,1
놩,1
늕,1
뮺,1
늒,1
穝,1
ჯ,1
锲,1
뜹,1
垵,1
쟬,1
欚,1
櫜,1
戬,1
쥑,1
塐,1
잧,1
㴐,1
ӿ,1
彠,1
蝂,1
俐,1
盨,1
勹,1
ἥ,1
럲,1
馒,1
餡,1
僥,1
ｙ,1
팦,1
𐨡,1
𐎮,1
𐎱,1
𐨣,1
𐨯,1
𐨟,1
睧,1
俰,1
쨀,1
𩇕,1
焠,1
騑,1
絺,1
圂,1
弹,1
贴,1
牾,1
岠,1
乸,1
烺,1
袢,1
頽,1
逨,1
鐭,1
鉝,1
塉,1
捩,1
澟,1
頚,1
潦,1
儘,1
濹,1
擂,1
ϒ,1
ẹ,1
芇,1
挖,1
숔,1
銢,1
洢,1
Ƶ,1
畋,1
褻,1
茳,1
秔,1
ҩ,1
ҽ,1
Ҿ,1
ኔ,1
禯,1
袉,1
衦,1
燇,1
鑵,1
鮟,1
鱇,1
உ,1
ஊ,1
妠,1
潏,1
గ,1
జ,1
డ,1
腯,1
畺,1
袾,1
菆,1
饲,1
Ầ,1
Ẩ,1
Ẫ,1
Ậ,1
嘿,1
ԁ,1
粿,1
ԅ,1
鞌,1
鉬,1
仌,1
𪊷,1
餒,1
卭,1
ӻ,1
ҙ,1
𢢝,1
ⵍ,1
ὧ,1
ἕ,1
𥘺,1
柜,1
ܨ,1
ጸ,1
粁,1
𐍐,1
𐍑,1
蛞,1
蝓,1
僙,1
㑀,1
㶂,1
㳲,1
彳,1
㣖,1
倀,1
愹,1
蘧,1
鑣,1
㩼,1
ʱ,1
췡,1
孊,1
愨,1
ฬ,1
咪,1
哦,1
咿,1
풔,1
ᅯ,1
孑,1
ƕ,1
𐍈,1
斶,1
纥,1
熅,1
盯,1
庈,1
郜,1
寪,1
炷,1
劌,1
鄑,1
嫗,1
矽,1
眯,1
燬,1
谐,1
裯,1
郈,1
쩩,1
鹦,1
鹉,1
ڨ,1
頏,1
ʽ,1
எ,1
뮝,1
禸,1
웋,1
줒,1
鐤,1
㖋,1
悙,1
ʝ,1
ᇃ,1
Ꮝ,1
Ꮙ,1
Ꮿ,1
詺,1
ᚷ,1
ᚲ,1
耣,1
嶹,1
岵,1
嶮,1
뤀,1
傻,1
쇡,1
轰,1
춪,1
ሲ,1
ኺ,1
ቲ,1
ኰ,1
ኑ,1
ዛ,1
ዉ,1
ጹ,1
ቂ,1
ኦ,1
ዑ,1
ኒ,1
ህ,1
ጻ,1
ከ,1
ጃ,1
饍,1
ҹ,1
譁,1
郖,1
卅,1
禨,1
嶻,1
㒤,1
穟,1
逿,1
詎,1
詖,1
牔,1
殴,1
芘,1
揔,1
푕,1
汩,1
녙,1
摞,1
녝,1
剥,1
瞯,1
ḡ,1
鑫,1
宖,1
𪣢,1
囁,1
븟,1
땍,1
陴,1
乫,1
嘢,1
狡,1
姹,1
叻,1
곲,1
昢,1
卮,1
箂,1
릏,1
钉,1
솑,1
娸,1
溙,1
汃,1
怗,1
蜎,1
鷼,1
焱,1
鄺,1
瀲,1
鶿,1
됢,1
鸠,1
獦,1
瓴,1
愬,1
獍,1
慠,1
秏,1
큣,1
궇,1
딲,1
譖,1
핒,1
𒌝,1
凁,1
坌,1
텛,1
𐰆,1
𐰕,1
𐰺,1
璾,1
㫾,1
槲,1
겷,1
㻂,1
껜,1
咕,1
喱,1
ʙ,1
揶,1
揄,1
睔,1
쟃,1
犫,1
ỡ,1
햬,1
涧,1
媖,1
鵷,1
鱵,1
뺙,1
哳,1
蠔,1
鮞,1
뱓,1
垄,1
촣,1
薀,1
迵,1
떙,1
邟,1
솏,1
掏,1
쪗,1
莔,1
𧟨,1
㷏,1
穨,1
㺹,1
䵣,1
垾,1
髸,1
痤,1
牼,1
貙,1
妵,1
薳,1
鼬,1
溷,1
賸,1
졷,1
盌,1
嫘,1
襬,1
轓,1
宺,1
穼,1
窙,1
됌,1
聵,1
맊,1
祎,1
㶱,1
㖨,1
Ἥ,1
녅,1
껠,1
ತ,1
璍,1
㬇,1
焌,1
ժ,1
ֆ,1
蝎,1
Ύ,1
蕣,1
絟,1
紾,1
뤰,1
狻,1
减,1
阤,1
玪,1
䧹,1
蚠,1
雈,1
鄏,1
鄻,1
蕕,1
撐,1
嚭,1
蟒,1
钗,1
賬,1
褾,1
襈,1
骻,1
甀,1
坨,1
樭,1
륫,1
扯,1
閠,1
풉,1
刖,1
卖,1
颁,1
嚢,1
霮,1
봥,1
좧,1
랒,1
鷳,1
娙,1
傛,1
珮,1
ㄛ,1
핦,1
㵑,1
झ,1
𡵻,1
卸,1
罟,1
쬬,1
貲,1
难,1
澰,1
潒,1
爍,1
앋,1
ঙ,1
ছ,1
ಯ,1
漵,1
윋,1
㺪,1
偗,1
婧,1
薍,1
㞳,1
滙,1
뒥,1
庳,1
ভ,1
菽,1
섧,1
鄫,1
誴,1
椗,1
楘,1
湝,1
匋,1
縟,1
㴠,1
恍,1
惚,1
ὥ,1
悷,1
ई,1
𥛚,1
㻩,1
ꜩ,1
ꜭ,1
ꜫ,1
罠,1
緤,1
皥,1
鋕,1
퍁,1
룯,1
迿,1
쎾,1
瀿,1
翃,1
갏,1
嘬,1
抳,1
閡,1
덯,1
궅,1
戺,1
艧,1
攫,1
蚍,1
읳,1
륱,1
覸,1
퓬,1
耷,1
㵮,1
瀠,1
䄷,1
斁,1
㵓,1
핝,1
棼,1
銕,1
葂,1
몀,1
릍,1
킈,1
呟,1
薜,1
턀,1
馼,1
Ὑ,1
ῇ,1
郄,1
晗,1
㽥,1
澾,1
맠,1
릫,1
垜,1
鲍,1
颖,1
咐,1
뜼,1
檛,1
ĉ,1
㘾,1
椙,1
鋗,1
蹊,1
臶,1
Ꮵ,1
Ᏻ,1
Ꭶ,1
Ꮕ,1
Ꮒ,1
ヮ,1
霏,1
嘸,1
쾽,1
踕,1
찎,1
蒟,1
淊,1
嚏,1
鐄,1
䈲,1
墷,1
垚,1
곘,1
콙,1
뜁,1
뇐,1
ස,1
ද,1
ධ,1
අ,1
ශ,1
ක,1
悬,1
좍,1
扠,1
怍,1
窴,1
茞,1
袐,1
虻,1
쵹,1
穣,1
넶,1
凧,1
驱,1
濒,1
떯,1
敛,1
涩,1
恶,1
嫠,1
អ,1
គ,1
ធ,1
싦,1
埻,1
濳,1
眇,1
ﻴ,1
ﺒ,1
獷,1
𗴂,1
𗹭,1
𗂧,1
𘜶,1
錧,1
呎,1
괒,1
峩,1
픜,1
绮,1
찯,1
癥,1
뭴,1
俏,1
仃,1
丠,1
鍫,1
藦,1
㦕,1
斮,1
𣠶,1
𣋀,1
塭,1
攒,1
轴,1
飈,1
璄,1
ᨔ,1
ᨑ,1
럈,1
篴,1
뇓,1
맕,1
𤲟,1
銇,1
犂,1
㪳,1
ヷ,1
ヸ,1
ヹ,1
ヺ,1
鉈,1
鐡,1
𐤐,1
𐤍,1
𐎪,1
嗎,1
呸,1
仉,1
ퟧ,1
擣,1
莧,1
繅,1
魑,1
惘,1
옲,1
搓,1
켱,1
彞,1
劧,1
潧,1
럻,1
횅,1
摇,1
滚,1
𦮼,1
秆,1
乁,1
𒊬,1
𒂵,1
𒉌,1
𒈗,1
𒌷,1
뻴,1
𐭲,1
𐭩,1
𐭮,1
𐭯,1
𐭥,1
𐭭,1
嫏,1
蚋,1
鬢,1
躡,1
踵,1
锷,1
쩃,1
罾,1
鵙,1
젏,1
膋,1
햿,1
ぉ,1
怏,1
栂,1
柶,1
眀,1
醸,1
雫,1
昤,1
鱎,1
捫,1
惪,1
譎,1
ꥮ,1
坖,1
Ĕ,1
ប,1
ឆ,1
깂,1
넁,1
갶,1
𒊩,1
𒌆,1
𒉺,1
𒂅,1
㮨,1
玵,1
𣷣,1
稑,1
榏,1
榟,1
䘥,1
䅅,1
襐,1
㷽,1
鋉,1
扆,1
絍,1
㬛,1
橝,1
墢,1
𤫙,1
灄,1
綄,1
㑧,1
簸,1
큎,1
湉,1
笪,1
槙,1
鯖,1
亰,1
訏,1
纊,1
ꜹ,1
𩜼,1
飣,1
夻,1
𑀕,1
삮,1
뚼,1
滞,1
폘,1
뭅,1
ﺑ,1
ﮓ,1
Ḫ,1
枛,1
ឃ,1
㬀,1
轂,1
놃,1
馰,1
泖,1
릘,1
𡊠,1
蹠,1
뙨,1
잚,1
ဆ,1
စ,1
ṵ,1
崳,1
韰,1
騖,1
ǭ,1
랕,1
왙,1
컅,1
긘,1
늨,1
뭥,1
蕘,1
퐅,1
釿,1
壥,1
쫍,1
ᄸ,1
ㅶ,1
ᄥ,1
阽,1
〻,1
枖,1
恜,1
丱,1
跱,1
喈,1
ϑ,1
Ｙ,1
偫,1
渺,1
钭,1
륻,1
茛,1
杴,1
쉣,1
晒,1
猒,1
ڑ,1
훜,1
㜷,1
旟,1
旝,1
珎,1
薿,1
梱,1
鴫,1
筐,1
絜,1
咩,1
簀,1
纒,1
蒂,1
鄛,1
紮,1
힞,1
埇,1
璈,1
ʏ,1
鑁,1
伢,1
穳,1
嶬,1
쎼,1
䴡,1
넡,1
Ḳ,1
锉,1
컾,1
օ,1
訸,1
籜,1
璚,1
裰,1
龎,1
꿕,1
廋,1
椁,1
醵,1
瀱,1
ꙅ,1
ꙃ,1
볿,1
쎕,1
렆,1
Ụ,1
Ạ,1
쉅,1
Ⱓ,1
秬,1
뫂,1
𒋤,1
𒁺,1
컺,1
肠,1
탣,1
烓,1
漎,1
銹,1
櫽,1
鐧,1
櫝,1
藳,1
搥,1
첯,1
怱,1
ᵊ,1
莂,1
蠾,1
ѳ,1
燫,1
빍,1
匀,1
繥,1
𡨽,1
潶,1
噩,1
蘌,1
핓,1
寷,1
𪗾,1
鞊,1
篒,1
㗷,1
綮,1
揜,1
ㇷ,1
詑,1
茀,1
퍅,1
鬴,1
駔,1
厶,1
𫟉,1
垻,1
伤,1
苺,1
齪,1
涞,1
糯,1
漉,1
夯,1
욿,1
㷉,1
첟,1
鏻,1
塬,1
崕,1
벏,1
മ,1
യ,1
ຈ,1
朷,1
ﻳ,1
ﻗ,1
ﻮ,1
ﺷ,1
彜,1
岢,1
琙,1
ཅ,1
ཉ,1
ᇿ,1
盭,1
鱘,1
鰉,1
舷,1
苿,1
읶,1
疃,1
坏,1
옼,1
椀,1
骠,1
茠,1
匁,1
郧,1
ʭ,1
ʬ,1
Դ,1
贪,1
鐬,1
ᡣ,1
ᡝ,1
ᠩ,1
ᠪ,1
呻,1
𤾫,1
隹,1
齿,1
韬,1
柾,1
塅,1
俧,1
釔,1
弢,1
瑳,1
砿,1
咍,1
䵃,1
扩,1
璖,1
藨,1
莨,1
莠,1
Ḃ,1
ḃ,1
Ḋ,1
ḋ,1
Ḟ,1
ḟ,1
Ṁ,1
Ṗ,1
ṗ,1
Ṡ,1
ṡ,1
Ṫ,1
ṫ,1
痧,1
椇,1
栏,1
얊,1
趮,1
냼,1
辆,1
ἤ,1
亿,1
猖,1
獗,1
妸,1
疝,1
蒧,1
Ⅎ,1
筦,1
缚,1
徃,1
쫃,1
뻠,1
녇,1
샏,1
퇻,1
뒫,1
낣,1
呴,1
Ґ,1
Ռ,1
Ծ,1
Է,1
և,1
𣛧,1
ㄔ,1
鷓,1
鴣,1
尫,1
𡸇,1
牯,1
Մ,1
葴,1
鲛,1
湃,1
闷,1
꼮,1
춭,1
訒,1
ᄍ,1
렗,1
标,1
弯,1
奵,1
傶,1
菠,1
ڌ,1
칯,1
嬃,1
牵,1
뗘,1
閦,1
毦,1
곺,1
맔,1
㤙,1
膊,1
ǘ,1
徬,1
捍,1
砵,1
仛,1
紲,1
숮,1
籇,1
깉,1
棖,1
븜,1
枦,1
㷞,1
縹,1
衉,1
ᛒ,1
𐌁,1
贔,1
屭,1
嗕,1
挴,1
垽,1
Ḗ,1
छ,1
ੜ,1
ଝ,1
ପ,1
ঠ,1
ഗ,1
വ,1
ള,1
బ,1
ಹ,1
ꠀ,1
ꠟ,1
슦,1
릳,1
𤆬,1
薌,1
瓓,1
缓,1
奋,1
ᅽ,1
ힰ,1
ힵ,1
ힴ,1
澷,1
왿,1
赠,1
驾,1
ʇ,1
𣱆,1
섷,1
墑,1
칢,1
币,1
费,1
纹,1
ɻ,1
夤,1
춛,1
俒,1
ஸ,1
諠,1
짎,1
㫕,1
蠋,1
覿,1
頙,1
ㇺ,1
鏋,1
ㇰ,1
啤,1
𐩪,1
𐩨,1
𐩱,1
忩,1
茘,1
Ｈ,1
ཧ,1
隁,1
壒,1
샆,1
馘,1
储,1
抖,1
𨜐,1
垃,1
圾,1
桢,1
虏,1
闺,1
뺸,1
桉,1
濲,1
ힿ,1
ퟀ,1
ힽ,1
ᆥ,1
ᆆ,1
ㆈ,1
ᆂ,1
惓,1
ঢ,1
띁,1
ᇕ,1
椹,1
蕻,1
玭,1
ⲇ,1
ⲱ,1
ⲧ,1
ⲁ,1
ⲩ,1
ⲟ,1
觊,1
铎,1
绘,1
ٱ,1
ᴙ,1
鷙,1
騁,1
낧,1
𠊛,1
夥,1
勦,1
绫,1
洟,1
ဘ,1
ဂ,1
ဧ,1
ဨ,1
핧,1
揵,1
㱈,1
蒭,1
늚,1
茇,1
荗,1
炔,1
폶,1
鬆,1
멵,1
溈,1
廮,1
ծ,1
庀,1
麀,1
廘,1
쩟,1
Ʒ,1
楃,1
晭,1
儻,1
臒,1
䊸,1
碤,1
駬,1
읋,1
燊,1
奲,1
跖,1
ژ,1
魈,1
싴,1
ᛏ,1
甞,1
该,1
覩,1
琩,1
殭,1
퉂,1
닰,1
겓,1
엗,1
瘾,1
𩖃,1
劼,1
䍧,1
牱,1
汛,1
鬟,1
诫,1
择,1
谈,1
檭,1
簃,1
莹,1
订,1
屨,1
轔,1
嵕,1
𩢍,1
沴,1
媄,1
颐,1
둗,1
ʡ,1
泙,1
滍,1
簙,1
煢,1
榳,1
惁,1
侔,1
䴏,1
頷,1
滻,1
虵,1
侚,1
眥,1
棫,1
纇,1
隟,1
遄,1
轜,1
驂,1
跼,1
횽,1
鞓,1
悺,1
齣,1
𠐔,1
㫒,1
㮈,1
餙,1
龢,1
젃,1
搂,1
贯,1
攔,1
诰,1
鏽,1
瑡,1
ฎ,1
纵,1
矿,1
𢀛,1
𠭯,1
ꡆ,1
ꡃ,1
搶,1
韠,1
謮,1
摧,1
䮕,1
髫,1
慫,1
歛,1
忤,1
殫,1
擠,1
밠,1
ᱥ,1
ᱱ,1
ᱛ,1
ᱲ,1
ᱤ,1
楳,1
閾,1
糨,1
듥,1
傰,1
嫋,1
縐,1
藭,1
辶,1
疐,1
낲,1
騾,1
爕,1
堦,1
髣,1
髴,1
겣,1
嫈,1
湵,1
ބ,1
ރ,1
ޞ,1
ލ,1
幁,1
ㄊ,1
ۈ,1
敝,1
廧,1
չ,1
劄,1
韑,1
妫,1
Ố,1
洒,1
熲,1
ឡ,1
밬,1
뚷,1
붖,1
봌,1
벓,1
벐,1
颿,1
궝,1
꽦,1
ˉ,1
ຢ,1
ເ,1
辩,1
漌,1
孪,1
峕,1
ɭ,1
销,1
绑,1
唖,1
冣,1
藂,1
倏,1
槓,1
ɓ,1
ɗ,1
ฌ,1
琻,1
缟,1
织,1
渊,1
颛,1
跶,1
堃,1
퀩,1
렃,1
勱,1
稾,1
𡾊,1
혿,1
嵰,1
寊,1
瑂,1
橓,1
𦨭,1
厢,1
궘,1
飘,1
值,1
䄂,1
𥙔,1
拆,1
𣎃,1
𠔭,1
桕,1
罈,1
郚,1
㥅,1
桹,1
嘠,1
愜,1
諉,1
鏇,1
葀,1
疌,1
Ɛ,1
ᅳ,1
뻩,1
惤,1
祋,1
祤,1
賔,1
Ꝛ,1
譡,1
鞰,1
埶,1
繓,1
襜,1
襤,1
轻,1
诱,1
헜,1
蠖,1
贰,1
叁,1
톧,1
ᦂ,1
ᦱ,1
ᧆ,1
ᦌ,1
ᦻ,1
疗,1
ញ,1
엍,1
ɢ,1
잨,1
쳌,1
횓,1
ᇅ,1
软,1
词,1
ㄎ,1
ㄑ,1
ㄆ,1
ᇊ,1
ᅛ,1
ᇇ,1
ퟐ,1
ퟏ,1
ᇬ,1
ᇭ,1
ᇮ,1
ᇯ,1
詫,1
畈,1
褲,1
咆,1
伱,1
髜,1
墪,1
愫,1
醺,1
掇,1
懍,1
櫆,1
凈,1
ꡖ,1
ꡍ,1
ꡂ,1
ꡛ,1
ꡌ,1
姤,1
叨,1
暱,1
랱,1
ჭ,1
ஏ,1
ṟ,1
அ,1
늩,1
몔,1
ᆰ,1
Ὁ,1
详,1
谬,1
坠,1
饥,1
旀,1
禖,1
䭏,1
柢,1
廌,1
ແ,1
ຂ,1
맗,1
崝,1
羔,1
馲,1
𩧐,1
砍,1
뤵,1
螽,1
癤,1
栁,1
冄,1
Ѥ,1
Ѩ,1
Ѭ,1
Ї,1
Ѡ,1
Ѿ,1
貔,1
貅,1
Ĺ,1
Ť,1
Ŕ,1
悽,1
匽,1
ယ,1
蒡,1
痳,1
魟,1
푓,1
훍,1
瓉,1
柝,1
ⵓ,1
ⵎ,1
ⵖ,1
ⴼ,1
딀,1
䀹,1
㚒,1
鿃,1
踢,1
랰,1
ǣ,1
钊,1
臄,1
饀,1
쑷,1
缵,1
锐,1
禋,1
俁,1
韺,1
菙,1
昛,1
ｋ,1
큹,1
柠,1
躄,1
寑,1
俭,1
蕂,1
嵛,1
楂,1
廏,1
볈,1
ﺓ,1
Ѫ,1
廾,1
먾,1
됍,1
鬹,1
鮓,1
皼,1
װ,1
ײ,1
琹,1
𪸛,1
뗼,1
窣,1
떢,1
搄,1
觥,1
墴,1
싨,1
ണ,1
곌,1
돍,1
둙,1
䄄,1
栫,1
爔,1
烻,1
𪸠,1
椐,1
鵩,1
眂,1
Ꭰ,1
瀁,1
졈,1
뎝,1
腧,1
ɦ,1
Җ,1
җ,1
ۆ,1
ڭ,1
냡,1
嗹,1
繧,1
繝,1
頬,1
Ӄ,1
拟,1
瓿,1
捏,1
晄,1
峼,1
玜,1
烉,1
㠱,1
狽,1
嗽,1
甓,1
垛,1
腥,1
𡆮,1
浥,1
ɶ,1
緃,1
喷,1
饺,1
赖,1
氡,1
泼,1
镶,1
雾,1
稳,1
氧,1
鹄,1
稣,1
脐,1
冻,1
绕,1
砻,1
脏,1
荪,1
猕,1
兽,1
骄,1
蔺,1
卤,1
箐,1
㷩,1
齵,1
髯,1
䄉,1
狴,1
ҁ,1
炘,1
Ꙟ,1
ꙋ,1
Ѹ,1
ẍ,1
캎,1
Ѱ,1
ᖃ,1
ᓗ,1
ᑦ,1
掄,1
葟,1
碔,1
Ӝ,1
ӝ,1
Ӥ,1
ӥ,1
Ӵ,1
ӵ,1
Ӗ,1
Ӳ,1
ӳ,1
繘,1
ᑭ,1
ᐢ,1
ᑳ,1
ᒋ,1
ᐘ,1
ᓂ,1
ᐱ,1
ᐩ,1
ባ,1
툅,1
潍,1
跤,1
鸟,1
铸,1
癀,1
缕,1
ῑ,1
枺,1
ወ,1
ፊ,1
ሺ,1
皙,1
둏,1
𐤂,1
ﻱ,1
ڈ,1
ਹ,1
𐤓,1
𐤋,1
擐,1
铉,1
劔,1
筳,1
鹷,1
횝,1
蕫,1
璬,1
颇,1
撩,1
깋,1
ᄛ,1
ퟝ,1
肤,1
樔,1
뇜,1
Ӯ,1
ẚ,1
蔟,1
쮜,1
劤,1
膓,1
낛,1
ܩ,1
咱,1
杋,1
坼,1
푝,1
빩,1
욌,1
蟣,1
穬,1
Ꝩ,1
Ώ,1
瘵,1
熻,1
谕,1
졩,1
讠,1
ퟅ,1
괗,1
옂,1
褪,1
ĸ,1
칰,1
㕙,1
ዶ,1
矼,1
𡦗,1
酺,1
慹,1
붊,1
㥧,1
臗,1
顴,1
豷,1
禬,1
娚,1
礗,1
隳,1
飪,1
瓡,1
嗧,1
㶊,1
茌,1
듹,1
珒,1
鋮,1
慱,1
𣲲,1
㬐,1
嶈,1
釪,1
煃,1
篡,1
忼,1
咊,1
𢈻,1
걑,1
딭,1
洊,1
ᛚ,1
ᚺ,1
絛,1
䪸,1
ȵ,1
稺,1
憖,1
斾,1
핞,1
筥,1
𨮁,1
榑,1
嫕,1
翀,1
鋈,1
拪,1
갃,1
좽,1
祬,1
筷,1
巇,1
縈,1
ປ,1
ໃ,1
硖,1
糓,1
Ѐ,1
ѐ,1
ꟾ,1
렣,1
梆,1
돰,1
媲,1
섨,1
敺,1
淓,1
삜,1
觟,1
阖,1
懁,1
ᜈ,1
ᜇ,1
ᜎ,1
ᜆ,1
氂,1
褆,1
澉,1
耇,1
ῤ,1
鳯,1
㼀,1
蕡,1
栝,1
昈,1
礿,1
浤,1
鱣,1
鯢,1
螴,1
蜳,1
黼,1
漙,1
돚,1
钩,1
闟,1
曩,1
橑,1
瘣,1
椺,1
柊,1
ʉ,1
䕺,1
ᾳ,1
醓,1
凪,1
ℷ,1
滭,1
泝,1
銲,1
쟎,1
迸,1
谋,1
뿝,1
ȃ,1
㥌,1
慥,1
墵,1
檼,1
厮,1
瘼,1
뚸,1
嶌,1
샞,1
쩸,1
젙,1
畨,1
眴,1
څ,1
ۍ,1
咢,1
葒,1
灏,1
鴇,1
蔷,1
宠,1
乔,1
ၵ,1
鵓,1
얨,1
鱟,1
轸,1
㧾,1
獳,1
쓘,1
槧,1
짥,1
沰,1
捗,1
嶔,1
𡼾,1
崟,1
筞,1
爚,1
豰,1
昐,1
騤,1
蕴,1
蜥,1
뇍,1
댸,1
깄,1
蘟,1
嶰,1
垰,1
蝿,1
勋,1
𣜬,1
픞,1
柂,1
傔,1
杪,1
샊,1
认,1
蹯,1
虒,1
卲,1
栶,1
怤,1
쐇,1
肰,1
琄,1
嶫,1
鲨,1
ಗ,1
ಪ,1
짛,1
읫,1
鄨,1
㥄,1
摟,1
篭,1
Ì,1
勀,1
䃴,1
ѧ,1
ǖ,1
㰒,1
埱,1
繋,1
贾,1
请,1
赇,1
狱,1
违,1
騟,1
뫁,1
칞,1
렂,1
놄,1
阝,1
讽,1
犹,1
폏,1
祫,1
씉,1
쩄,1
롲,1
髀,1
𣈶,1
婸,1
涷,1
ɘ,1
阵,1
齁,1
ʅ,1
鳝,1
翘,1
屄,1
謱,1
謰,1
壳,1
跍,1
侧,1
酽,1
谙,1
耍,1
裤,1
啬,1
㧯,1
𢭃,1
𤆵,1
𨈓,1
𡘧,1
嫑,1
棭,1
ထ,1
ဒ,1
赋,1
陡,1
ῡ,1
倾,1
橆,1
嬗,1
둴,1
﨟,1
嵜,1
谊,1
뒵,1
갘,1
䋋,1
纉,1
樀,1
奅,1
昩,1
漷,1
㕎,1
馺,1
隲,1
뷀,1
ᚠ,1
ᚢ,1
ᚬ,1
ᚴ,1
줃,1
癜,1
넎,1
췩,1
錣,1
꼐,1
둿,1
멏,1
绾,1
递,1
骚,1
诛,1
贫,1
泞,1
鯡,1
佄,1
澬,1
惦,1
碟,1
飆,1
밒,1
畹,1
ړ,1
쥼,1
埮,1
궎,1
ஜ,1
扰,1
ቆ,1
ሴ,1
胯,1
构,1
皈,1
犴,1
棅,1
儧,1
釷,1
뢀,1
喟,1
糹,1
嘩,1
콭,1
旕,1
霣,1
雊,1
忔,1
𤈎,1
㷜,1
囷,1
晑,1
焴,1
燀,1
㞐,1
帐,1
硤,1
譫,1
迄,1
駈,1
硢,1
핲,1
섵,1
杹,1
㬦,1
琤,1
諼,1
꼲,1
鈑,1
售,1
䎙,1
佲,1
熳,1
鳃,1
听,1
䭔,1
鍚,1
悫,1
枘,1
㵙,1
挻,1
짗,1
蓐,1
糿,1
䊵,1
প,1
吿,1
仿,1
憁,1
仜,1
寉,1
የ,1
ሁ,1
ዊ,1
씜,1
膂,1
䇏,1
樛,1
譼,1
𧫷,1
ʗ,1
娡,1
嶚,1
ꡓ,1
쥤,1
崤,1
閿,1
떘,1
ڃ,1
ۉ,1
媦,1
髒,1
曒,1
