a,31618985
n,15842669
e,14067850
i,11949339
r,8588815
u,8017059
t,7242503
d,6713235
k,6651495
m,6334181
l,6254608
s,5942875
g,5670946
h,4380577
p,4294003
b,4132647
o,3444158
y,2478651
j,1273553
c,997655
S,982476
P,891359
w,817476
M,738709
K,671760
A,656968
B,624238
T,516894
f,425723
I,425665
D,398477
C,345517
v,315303
R,298916
J,296466
L,289915
N,287357
H,248758
z,241801
G,198604
F,176638
E,157202
U,139614
O,131840
W,131400
V,101675
Y,77639
x,46609
Z,42558
q,33291
é,32470
Q,22551
á,16808
X,13835
í,11590
ü,10015
è,9568
ô,7854
ó,7612
š,7132
ا,6926
ö,6299
ə,6261
č,6034
ō,5756
ı,4797
ل,4517
ā,4125
ř,3764
ي,3749
ş,3440
ن,3440
و,3155
ر,3077
م,3048
ă,2911
ě,2886
â,2730
ž,2347
ä,2184
ç,2155
ú,2105
ø,2050
É,1997
ć,1983
ñ,1979
س,1895
ب,1822
ت,1707
ū,1678
د,1665
ň,1605
ý,1573
ș,1469
Ž,1421
ه,1412
ë,1398
ğ,1381
à,1347
Č,1340
ī,1294
а,1208
ã,1183
å,1162
ß,1142
ع,1111
Š,1110
ê,1047
Ú,1004
ك,994
ő,832
ة,831
ح,830
и,820
о,810
ف,786
ţ,772
ق,733
ج,731
Ş,711
ł,701
α,687
ľ,684
Á,676
н,656
е,640
Ç,629
æ,618
أ,617
с,598
р,586
ـ,571
ț,566
ο,538
ů,523
л,518
ˈ,506
ڤ,497
ς,495
Î,486
к,481
ï,472
т,458
ی,440
ش,427
ν,420
ρ,418
İ,413
в,406
Ə,402
ک,390
Ō,389
ー,388
Å,388
μ,383
đ,378
Ā,376
ڠ,375
τ,365
ì,364
ز,360
î,356
ン,342
λ,340
ď,336
の,330
ē,314
ε,313
ط,312
ص,310
ι,306
إ,303
خ,301
ś,299
ى,297
у,293
Ö,286
Đ,285
ː,282
σ,281
ĕ,280
ò,279
ร,277
ṇ,276
ń,275
д,267
м,264
ę,262
町,261
校,260
κ,256
π,253
า,252
י,250
Ø,247
ť,245
б,243
年,240
й,237
œ,237
ṣ,228
γ,224
大,221
Ü,220
ð,220
β,219
ṭ,217
я,211
Ś,209
र,203
ό,200
ḥ,193
ذ,189
一,189
ŏ,188
û,186
ث,184
ί,180
人,180
г,180
η,179
ù,178
学,177
ệ,176
ス,172
ו,171
น,168
ǎ,167
イ,167
中,166
ą,163
本,158
ы,156
Ř,154
ル,151
δ,151
ラ,151
ء,150
이,146
С,146
ь,146
ڬ,146
的,145
ト,141
เ,140
ก,139
υ,139
ض,139
ה,137
ω,137
غ,136
п,135
ม,135
چ,134
ר,133
ʻ,132
ɛ,132
อ,131
国,131
म,131
Ł,130
θ,128
ά,125
ư,124
市,124
ɪ,123
ッ,122
ง,121
い,120
φ,120
子,120
ч,120
ש,119
会,118
新,118
生,117
ế,115
教,115
天,114
ל,113
リ,111
з,111
ݢ,109
ย,108
न,107
ת,105
त,103
ʊ,103
ǔ,102
Р,102
日,102
ʿ,101
シ,101
آ,100
Ó,100
מ,99
な,99
ễ,98
க,98
ส,97
א,97
ḍ,97
स,97
き,96
ん,96
έ,96
ท,95
三,95
Ľ,95
ή,94
ク,94
व,94
Σ,92
タ,92
К,92
ơ,90
ล,90
カ,90
य,90
有,90
ż,90
õ,89
道,89
文,88
し,88
А,87
Æ,87
µ,87
长,87
사,86
山,85
た,85
क,85
พ,84
ग,84
х,84
ம,84
部,84
М,84
家,83
ɔ,83
民,83
시,81
金,81
ल,80
南,80
ப,80
ア,79
ộ,78
る,78
海,78
த,78
了,78
キ,78
ź,77
ạ,77
ц,76
上,76
리,76
ห,75
Б,75
レ,75
द,75
ṛ,74
Ḥ,74
ド,74
ர,74
ச,74
为,74
ɑ,73
月,73
グ,73
小,73
建,73
ว,72
ロ,72
王,72
ա,72
田,72
ш,72
ジ,72
和,71
ύ,71
아,71
ב,71
ﻟ,71
室,70
ئ,70
प,70
ד,69
成,69
ǐ,69
事,69
한,69
지,69
χ,68
华,68
在,68
り,68
ナ,68
گ,67
か,67
マ,67
ด,66
う,66
龍,66
ะ,66
В,65
대,65
は,65
ज,65
と,64
方,63
ニ,63
º,63
스,62
ɒ,62
四,62
ह,62
國,61
ŭ,61
П,61
ồ,61
に,61
董,61
ต,60
ע,60
ả,60
地,60
ﺎ,60
之,60
Ĥ,60
נ,59
コ,59
정,59
ố,59
ら,59
จ,58
บ,58
モ,58
র,58
도,58
ם,58
국,57
ʃ,57
東,57
ị,57
Ș,57
ж,56
て,56
Ä,55
라,55
プ,55
ظ,55
北,55
川,54
野,54
五,54
林,54
Г,54
і,54
神,53
社,53
法,53
チ,53
ன,53
Ţ,53
公,52
光,52
ち,52
愛,52
어,51
ŋ,51
ค,51
平,51
十,51
ɡ,51
育,51
ә,51
Ć,51
女,51
Ż,51
ま,51
ป,50
의,50
پ,50
高,50
ữ,50
っ,50
れ,49
二,49
デ,49
術,49
明,49
வ,49
间,49
श,49
心,49
ゃ,49
京,48
水,48
ʁ,48
ǒ,48
島,48
þ,48
代,48
э,48
ớ,48
花,47
太,47
ʒ,47
기,47
加,47
Н,47
주,47
Д,47
く,47
オ,47
六,47
テ,47
あ,47
פ,46
名,46
任,46
ム,46
美,46
バ,46
み,46
ﻪ,46
나,45
오,45
고,45
李,45
ח,45
ョ,45
白,44
ן,44
원,44
일,44
九,44
舍,44
由,44
ช,44
が,44
师,43
帝,43
行,43
ہ,43
다,43
ダ,43
ﺍ,43
공,42
Â,42
式,42
ব,42
Δ,42
ʲ,42
소,42
И,42
メ,42
ャ,42
也,42
ﻳ,42
인,41
Μ,41
ʾ,41
こ,41
무,41
青,41
サ,41
ビ,41
じ,41
恋,41
至,41
主,40
正,40
រ,40
ấ,40
空,40
장,40
立,40
ק,40
ய,40
ˌ,40
是,40
下,40
Í,40
해,39
西,39
미,39
エ,39
성,39
を,39
原,39
フ,39
时,39
ג,38
ɐ,38
ল,38
皇,38
ন,38
ṃ,38
요,38
ɾ,38
ﻣ,38
于,38
黄,38
ր,37
馬,37
전,37
ட,37
多,37
手,37
랑,37
가,37
ủ,37
Ď,37
第,37
ガ,37
ハ,37
及,37
ű,37
ס,36
Т,36
ώ,36
ն,36
理,36
선,36
区,36
木,36
ல,36
Π,36
ṅ,36
我,36
千,36
כ,35
트,35
安,35
書,35
ィ,35
문,35
当,35
조,35
Х,35
ブ,35
州,35
우,35
동,35
無,35
ﻠ,35
ボ,34
陈,34
ј,34
お,34
で,34
回,34
서,34
ė,34
비,34
け,34
城,34
О,34
ュ,34
에,33
ศ,33
パ,33
ζ,33
す,33
江,33
ầ,33
武,33
局,33
ウ,33
政,33
भ,33
김,33
春,33
ズ,33
ম,33
ა,33
ェ,33
ម,32
Κ,32
華,32
村,32
하,32
अ,32
자,32
ү,32
つ,32
ไ,32
ờ,32
真,32
员,32
士,32
不,32
螭,32
ი,32
ﺮ,32
제,31
座,31
朝,31
신,31
보,31
津,31
所,31
来,31
同,31
井,31
以,31
부,30
ξ,30
百,30
ἀ,30
門,30
物,30
ミ,30
ब,30
株,30
Λ,30
里,30
ⴰ,30
ﷲ,30
英,29
Л,29
工,29
ន,29
ध,29
字,29
ի,29
七,29
च,29
面,29
万,29
經,29
ứ,29
ۏ,29
府,29
ợ,29
長,29
外,29
清,29
数,29
课,29
記,28
漢,28
ত,28
台,28
য,28
元,28
八,28
世,28
ậ,28
化,28
力,28
ณ,28
Ṣ,28
え,28
福,28
夜,28
さ,28
ﻴ,28
ũ,27
火,27
玉,27
松,27
も,27
石,27
민,27
Ω,27
À,27
만,27
堂,27
ọ,27
坡,27
楼,27
君,27
Β,27
虯,27
ﻤ,27
แ,26
ṯ,26
ˠ,26
상,26
연,26
司,26
内,26
周,26
隊,26
구,26
全,26
ड,26
娘,26
動,26
汉,26
菜,26
班,26
位,26
职,26
ﺪ,26
語,25
ត,25
Γ,25
前,25
茶,25
后,25
군,25
波,25
ψ,25
吉,25
면,25
마,25
ピ,25
共,25
魔,25
歌,25
ソ,25
ण,25
少,25
ө,25
セ,25
ؤ,25
都,24
È,24
张,24
ʔ,24
수,24
শ,24
게,24
等,24
ʰ,24
合,24
马,24
Þ,24
צ,24
ベ,24
德,24
影,24
რ,24
Φ,24
ħ,24
办,24
Ð,24
ข,23
せ,23
প,23
ำ,23
土,23
与,23
영,23
利,23
Ч,23
세,23
球,23
별,23
ケ,23
自,23
ば,23
陽,23
ф,23
ю,23
ক,23
郎,23
ธ,23
香,23
院,23
委,23
出,23
だ,23
ろ,23
得,23
め,23
ĥ,23
Ṭ,22
发,22
作,22
ῖ,22
З,22
流,22
현,22
ե,22
体,22
宗,22
Ε,22
街,22
ꦤ,22
時,22
은,22
ṁ,22
动,22
ங,22
藤,22
老,22
开,22
ʼ,22
戦,22
風,22
房,22
ﺑ,22
ษ,21
令,21
치,21
ո,21
阿,21
宮,21
軍,21
স,21
Α,21
级,21
军,21
ẓ,21
ڽ,21
경,21
分,21
紀,21
바,21
能,21
機,21
ந,21
화,21
義,21
ザ,21
ट,21
达,21
个,21
幸,21
好,21
Ô,21
色,21
よ,21
活,21
羅,21
场,21
目,21
兴,21
筹,21
此,21
者,21
探,21
ט,20
দ,20
ょ,20
ར,20
見,20
গ,20
로,20
ष,20
ꦫ,20
亚,20
男,20
志,20
ប,20
族,20
善,20
死,20
Ф,20
ポ,20
基,20
場,20
电,20
ﻨ,20
Ő,20
더,19
У,19
雷,19
호,19
야,19
肉,19
界,19
米,19
展,19
仁,19
仙,19
ꦩ,19
ண,19
불,19
말,19
회,19
진,19
通,19
宿,19
남,19
古,19
ổ,19
ự,19
重,19
拳,19
用,19
偵,19
わ,18
ワ,18
ネ,18
ギ,18
草,18
戸,18
越,18
口,18
學,18
那,18
そ,18
개,18
陳,18
谷,18
박,18
반,18
會,18
議,18
管,18
务,18
ⵏ,18
준,18
ﻭ,18
友,18
크,18
ს,18
ე,18
ლ,18
礼,18
向,18
获,18
ﺣ,18
ﻧ,18
산,17
ז,17
ក,17
ស,17
崎,17
송,17
鮮,17
喜,17
寺,17
浜,17
沙,17
천,17
信,17
甲,17
ள,17
ῦ,17
복,17
드,17
ắ,17
ῥ,17
타,17
你,17
투,17
ἄ,17
ὐ,17
ề,17
音,17
내,17
食,17
밀,17
ٱ,17
ო,17
ъ,17
জ,17
儿,17
设,17
进,17
两,17
即,17
并,17
层,17
ﻘ,17
Ξ,17
ﻦ,17
改,16
유,16
韓,16
や,16
富,16
久,16
沈,16
夏,16
港,16
안,16
ノ,16
唐,16
才,16
黃,16
治,16
ꦠ,16
震,16
気,16
酒,16
강,16
여,16
黒,16
즈,16
红,16
紅,16
丸,16
노,16
助,16
佳,16
永,16
ﻮ,16
科,16
ё,16
щ,16
服,16
康,16
Я,16
勝,16
航,16
ℓ,16
乐,16
这,16
虬,16
常,15
피,15
먼,15
園,15
ḷ,15
屋,15
張,15
兵,15
Θ,15
後,15
교,15
친,15
광,15
巴,15
丹,15
龙,15
ツ,15
洋,15
包,15
니,15
ꦭ,15
식,15
당,15
프,15
他,15
ཀ,15
宝,15
次,15
河,15
业,15
制,15
삼,15
朱,15
ご,15
ⵓ,15
雲,15
先,15
油,15
根,15
期,15
路,15
双,15
将,15
হ,15
毛,15
而,15
楽,15
要,15
联,15
增,15
因,15
ﺸ,15
ﻲ,15
터,14
书,14
史,14
예,14
雨,14
经,14
윤,14
յ,14
開,14
ず,14
ས,14
協,14
레,14
디,14
星,14
ꦥ,14
ꦧ,14
간,14
백,14
을,14
佐,14
度,14
방,14
관,14
ە,14
良,14
Ν,14
ญ,14
루,14
โ,14
ⵎ,14
आ,14
ῶ,14
승,14
思,14
ね,14
砂,14
集,14
入,14
ĩ,14
限,14
宇,14
午,14
相,14
冠,14
傳,14
ペ,14
행,14
쟁,14
修,14
最,14
请,14
完,14
飛,14
秋,14
舞,14
Э,13
ɕ,13
ῆ,13
Ц,13
桜,13
衛,13
버,13
너,13
명,13
왕,13
陵,13
魚,13
精,13
居,13
梅,13
브,13
러,13
ユ,13
ꦢ,13
양,13
못,13
ɣ,13
館,13
僕,13
ད,13
ழ,13
យ,13
身,13
ﺗ,13
魂,13
ở,13
ற,13
래,13
ʹ,13
थ,13
씨,13
통,13
ƒ,13
파,13
始,13
到,13
遠,13
Ê,13
岛,13
徐,13
魅,13
ꦪ,13
各,13
童,13
便,13
蟠,13
忍,13
ﺟ,13
ﺳ,13
冬,13
秦,12
종,12
재,12
տ,12
ւ,12
劉,12
豆,12
ホ,12
학,12
党,12
희,12
애,12
ນ,12
ণ,12
岡,12
知,12
Ἀ,12
橋,12
希,12
园,12
ꦱ,12
태,12
醬,12
ภ,12
约,12
廣,12
Υ,12
उ,12
ġ,12
官,12
郑,12
ﻛ,12
関,12
粉,12
打,12
智,12
言,12
申,12
赛,12
ꦏ,12
振,12
귀,12
派,12
ÿ,12
瑞,12
계,12
鬼,12
ヒ,12
保,12
ァ,12
Χ,12
უ,12
功,12
受,12
拿,12
型,12
節,12
升,12
们,12
席,12
项,12
奖,12
ﻢ,12
瑶,12
ﺇ,12
切,12
항,11
ถ,11
へ,11
엔,11
ʎ,11
解,11
別,11
ট,11
べ,11
བ,11
泉,11
尾,11
Ш,11
건,11
າ,11
ஸ,11
ἐ,11
聖,11
洲,11
商,11
ゼ,11
ల,11
ਰ,11
걸,11
Ī,11
젓,11
刀,11
報,11
ゴ,11
키,11
ដ,11
খ,11
ཨ,11
電,11
거,11
印,11
난,11
交,11
私,11
ﺩ,11
ܐ,11
կ,11
역,11
实,11
ⵔ,11
直,11
달,11
ใ,11
森,11
健,11
車,11
故,11
ヌ,11
担,11
葉,11
奈,11
骨,11
布,11
ɨ,11
頭,11
그,11
특,11
特,11
運,11
启,11
阳,11
ћ,11
角,11
赤,11
使,11
起,11
Ѕ,11
ひ,11
益,11
必,11
荣,11
协,11
秀,11
蛇,11
初,11
吴,11
巫,11
ﺴ,11
浦,11
ฤ,11
ព,10
ষ,10
ὑ,10
線,10
실,10
賀,10
隆,10
約,10
অ,10
半,10
祖,10
Ј,10
仲,10
話,10
池,10
ێ,10
는,10
법,10
ผ,10
盛,10
每,10
토,10
羽,10
감,10
Ю,10
卫,10
최,10
馆,10
支,10
단,10
炸,10
麵,10
외,10
ꦒ,10
온,10
抱,10
फ,10
机,10
ḳ,10
爱,10
처,10
생,10
造,10
曾,10
省,10
ⴳ,10
び,10
今,10
定,10
選,10
ት,10
深,10
系,10
首,10
Е,10
თ,10
嘉,10
底,10
情,10
程,10
峰,10
犬,10
何,10
历,10
ھ,10
送,10
宣,10
朴,10
叶,10
қ,10
克,10
ŕ,10
想,10
魏,10
Ι,10
创,10
更,10
Τ,10
拉,10
板,10
拥,10
捐,10
悪,10
蛟,10
念,10
客,10
像,10
已,10
蔡,10
脑,10
笑,10
伝,10
ﺭ,10
夢,10
ﻋ,10
ﻌ,10
ﺒ,10
児,10
테,9
艺,9
ˤ,9
គ,9
ṓ,9
엠,9
ヴ,9
表,9
Հ,9
転,9
演,9
丁,9
妖,9
ວ,9
ພ,9
指,9
ὶ,9
望,9
Œ,9
慶,9
글,9
중,9
象,9
임,9
ʌ,9
란,9
떡,9
밥,9
배,9
梨,9
ꦗ,9
녀,9
추,9
豊,9
ⲙ,9
呼,9
আ,9
와,9
손,9
计,9
날,9
伯,9
ﻡ,9
霧,9
如,9
ⵉ,9
ⵍ,9
ņ,9
ฟ,9
운,9
景,9
超,9
忠,9
麻,9
许,9
远,9
플,9
総,9
師,9
庆,9
亦,9
ụ,9
ვ,9
紙,9
ォ,9
招,9
금,9
번,9
豪,9
목,9
ড,9
声,9
意,9
命,9
广,9
步,9
易,9
昭,9
ゆ,9
ڈ,9
足,9
落,9
再,9
邓,9
ふ,9
扩,9
导,9
牙,9
顔,9
һ,9
若,9
𐒖,9
伊,9
呪,9
ﻔ,9
遁,9
啪,9
ὄ,8
番,8
ף,8
术,8
放,8
ទ,8
ណ,8
황,8
ḫ,8
홍,8
ս,8
թ,8
藝,8
ĭ,8
焼,8
仮,8
料,8
风,8
울,8
ど,8
འ,8
奇,8
순,8
親,8
狐,8
泰,8
철,8
Ū,8
ὀ,8
ই,8
报,8
坊,8
ర,8
မ,8
兒,8
ਗ,8
했,8
左,8
벌,8
콩,8
돌,8
憲,8
월,8
석,8
竹,8
沢,8
珠,8
분,8
鄭,8
མ,8
雪,8
카,8
Ē,8
翔,8
萬,8
அ,8
ஆ,8
ỹ,8
郷,8
杨,8
አ,8
մ,8
殺,8
连,8
ⵜ,8
ⴷ,8
云,8
집,8
Ж,8
莫,8
汪,8
琴,8
猫,8
ے,8
려,8
ї,8
贵,8
营,8
东,8
興,8
Ψ,8
ქ,8
ゅ,8
차,8
可,8
激,8
条,8
容,8
尔,8
浪,8
斯,8
费,8
Ａ,8
ງ,8
ঙ,8
ঞ,8
ぎ,8
ꦮ,8
죽,8
昌,8
持,8
接,8
ნ,8
ѣ,8
Қ,8
봐,8
督,8
芭,8
晋,8
组,8
告,8
取,8
款,8
议,8
添,8
旧,8
然,8
比,8
尽,8
破,8
盤,8
虎,8
义,8
ぜ,8
过,8
幼,8
被,8
提,8
典,8
घ,8
章,8
甘,8
剣,8
ք,8
叉,8
ﺤ,8
映,8
ⲟ,8
樹,7
非,7
御,7
齐,7
语,7
論,7
ង,7
후,7
청,7
ʂ,7
湯,7
鉄,7
빠,7
間,7
寿,7
燕,7
発,7
ན,7
佛,7
적,7
약,7
릉,7
徳,7
ມ,7
宏,7
般,7
漫,7
ङ,7
တ,7
弁,7
두,7
右,7
庁,7
체,7
進,7
초,7
람,7
음,7
립,7
鳳,7
ལ,7
ⲉ,7
ⲣ,7
ⲛ,7
弥,7
ஜ,7
列,7
ਸ,7
놀,7
ስ,7
네,7
ហ,7
央,7
심,7
粿,7
炒,7
资,7
짜,7
춘,7
과,7
ﻬ,7
ܘ,7
楊,7
설,7
혜,7
段,7
玄,7
덕,7
梁,7
吳,7
岁,7
算,7
説,7
ซ,7
병,7
店,7
警,7
組,7
孟,7
莉,7
乱,7
ख,7
辣,7
І,7
臣,7
ⴻ,7
荒,7
ക,7
워,7
雄,7
摩,7
门,7
ર,7
દ,7
ڭ,7
形,7
វ,7
登,7
ٹ,7
ʷ,7
ỳ,7
ধ,7
ঠ,7
购,7
财,7
住,7
氏,7
品,7
県,7
观,7
律,7
밤,7
헤,7
ბ,7
副,7
彼,7
曲,7
վ,7
苦,7
衣,7
న,7
ừ,7
除,7
应,7
游,7
举,7
亲,7
霊,7
應,7
速,7
运,7
性,7
増,7
其,7
版,7
盾,7
蜜,7
虚,7
澳,7
ﻫ,7
ﺀ,7
ﻰ,7
ﻓ,7
ὲ,7
傑,7
端,7
胡,7
苑,6
对,6
ជ,6
앤,6
尼,6
夫,6
鼓,6
艦,6
њ,6
実,6
腐,6
跡,6
협,6
狸,6
ぼ,6
ລ,6
থ,6
ٴ,6
권,6
際,6
鐵,6
코,6
Ἁ,6
団,6
ꦝ,6
ṟ,6
သ,6
ɹ,6
က,6
无,6
郡,6
Ẓ,6
저,6
직,6
ヤ,6
塩,6
経,6
聞,6
Ө,6
육,6
蔵,6
祭,6
웃,6
瀬,6
彰,6
獨,6
乾,6
급,6
함,6
矢,6
阪,6
ほ,6
ⲓ,6
ḗ,6
ằ,6
ག,6
ະ,6
湖,6
ދ,6
瞬,6
짓,6
ⵙ,6
聲,6
塔,6
들,6
ए,6
変,6
블,6
የ,6
榮,6
尺,6
承,6
研,6
究,6
果,6
ɯ,6
銀,6
ⵣ,6
럼,6
득,6
르,6
년,6
ር,6
洁,6
計,6
烏,6
辞,6
芳,6
員,6
ẵ,6
衆,6
余,6
Η,6
Ο,6
編,6
헌,6
ŵ,6
ぴ,6
罗,6
麗,6
圖,6
빙,6
채,6
ਨ,6
乙,6
護,6
漸,6
收,6
મ,6
托,6
节,6
岐,6
淵,6
扬,6
头,6
ਹ,6
遊,6
ছ,6
വ,6
涙,6
团,6
亮,6
ぱ,6
县,6
ᨈ,6
ᨔ,6
ᨑ,6
む,6
坂,6
體,6
灣,6
刑,6
号,6
ỷ,6
십,6
열,6
芝,6
习,6
努,6
负,6
ử,6
ක,6
ɰ,6
致,6
急,6
决,6
幕,6
逸,6
依,6
禹,6
味,6
母,6
推,6
ṉ,6
ゲ,6
藏,6
ғ,6
ﺱ,6
砲,6
悲,6
募,6
括,6
量,6
篮,6
眼,6
划,6
话,6
句,6
息,6
杯,6
箱,6
镇,6
勇,6
ﻞ,6
Ρ,6
奥,6
げ,6
闘,6
ڨ,6
ﺠ,6
斬,6
색,6
倍,6
ﻄ,6
ﺘ,6
ǚ,6
ﺼ,6
ﻻ,6
ᨒ,6
ᨕ,6
貴,6
ὰ,6
圓,5
庭,5
诗,5
ɲ,5
紫,5
류,5
ळ,5
గ,5
వ,5
범,5
導,5
弾,5
ठ,5
պ,5
鍋,5
寄,5
件,5
술,5
등,5
來,5
亞,5
横,5
寧,5
熙,5
효,5
條,5
裕,5
戰,5
丘,5
仰,5
ফ,5
格,5
財,5
画,5
莆,5
黑,5
埠,5
छ,5
椰,5
ۆ,5
ရ,5
哥,5
蟹,5
험,5
않,5
돼,5
합,5
点,5
독,5
丰,5
恩,5
ⲧ,5
々,5
림,5
翰,5
틱,5
စ,5
ល,5
素,5
黨,5
Ñ,5
ດ,5
ਬ,5
창,5
ዮ,5
博,5
ຫ,5
ច,5
އ,5
ހ,5
މ,5
발,5
强,5
ヨ,5
알,5
막,5
ヶ,5
防,5
갑,5
इ,5
န,5
異,5
ܡ,5
ድ,5
ኢ,5
樓,5
役,5
ɫ,5
ヘ,5
丽,5
ई,5
献,5
伍,5
區,5
ฬ,5
记,5
隠,5
작,5
갓,5
許,5
細,5
ὖ,5
ञ,5
鹿,5
爆,5
走,5
岩,5
滅,5
織,5
銃,5
廷,5
均,5
微,5
칙,5
ⵖ,5
평,5
種,5
臺,5
参,5
Վ,5
引,5
ἰ,5
록,5
모,5
猿,5
渡,5
號,5
统,5
宴,5
ܫ,5
統,5
侯,5
宜,5
玲,5
守,5
ḏ,5
庄,5
살,5
ਜ,5
ਮ,5
幻,5
遺,5
ગ,5
刘,5
姿,5
ң,5
股,5
早,5
域,5
传,5
딩,5
데,5
즌,5
ך,5
ಕ,5
涅,5
চ,5
葬,5
ન,5
求,5
향,5
殿,5
禁,5
复,5
監,5
恭,5
賢,5
妃,5
案,5
雅,5
ʋ,5
际,5
業,5
널,5
鳥,5
칠,5
렌,5
있,5
ʕ,5
籍,5
夷,5
ზ,5
威,5
歩,5
இ,5
ۥ,5
Ս,5
曹,5
კ,5
耀,5
軽,5
毅,5
乃,5
但,5
题,5
热,5
掌,5
供,5
龄,5
薪,5
总,5
贴,5
极,5
且,5
准,5
函,5
标,5
尚,5
辉,5
众,5
关,5
Ա,5
झ,5
船,5
訓,5
위,5
ʤ,5
宋,5
歲,5
歳,5
宙,5
则,5
筑,5
季,5
泛,5
把,5
该,5
牌,5
置,5
贤,5
笃,5
零,5
ҝ,5
ﻗ,5
哪,5
桃,5
栄,5
ḵ,5
巻,5
Ζ,5
烈,5
湾,5
Ħ,5
蓮,5
結,5
ﻃ,5
ⁿ,5
匹,5
င,5
菇,5
粽,5
ſ,5
彡,5
ぷ,5
鳴,5
誕,5
Ḳ,4
争,4
索,4
ខ,4
표,4
寅,4
兰,4
対,4
գ,4
柳,4
ɖ,4
顺,4
를,4
柏,4
須,4
純,4
孝,4
洪,4
怪,4
茂,4
沼,4
陸,4
ເ,4
ἱ,4
으,4
ὁ,4
উ,4
এ,4
邱,4
規,4
迎,4
養,4
乞,4
澤,4
뮤,4
橫,4
좌,4
ὴ,4
曜,4
級,4
辛,4
액,4
꽃,4
虹,4
물,4
濟,4
ɜ,4
ꦑ,4
겠,4
까,4
형,4
答,4
ᾶ,4
盟,4
氷,4
ⲏ,4
각,4
葛,4
瓜,4
橙,4
ஷ,4
길,4
ን,4
혼,4
ອ,4
ຈ,4
樂,4
桂,4
ﺲ,4
駅,4
崔,4
乎,4
మ,4
ʈ,4
ې,4
𐭥,4
ܢ,4
ም,4
ገ,4
岸,4
辰,4
洞,4
禮,4
용,4
궁,4
謙,4
할,4
례,4
ऋ,4
ꦕ,4
찬,4
歼,4
젝,4
ʐ,4
製,4
奏,4
趙,4
芦,4
互,4
본,4
刊,4
邑,4
詩,4
战,4
Ò,4
ў,4
挙,4
Բ,4
դ,4
杉,4
ጵ,4
ያ,4
救,4
뉴,4
ẩ,4
权,4
ܠ,4
莊,4
惠,4
筆,4
ɦ,4
മ,4
独,4
ʏ,4
玛,4
结,4
메,4
환,4
吧,4
옥,4
浮,4
牧,4
還,4
જ,4
결,4
ۇ,4
逢,4
银,4
북,4
內,4
풍,4
識,4
奔,4
Ἱ,4
菊,4
점,4
舟,4
雞,4
斤,4
꼬,4
몽,4
斗,4
孔,4
糕,4
斎,4
근,4
잘,4
铳,4
Ｎ,4
ঢ,4
領,4
હ,4
秘,4
媽,4
弘,4
為,4
赢,4
熊,4
洛,4
姜,4
ᨀ,4
差,4
உ,4
疆,4
快,4
例,4
團,4
찌,4
벼,4
락,4
욱,4
암,4
去,4
旅,4
მ,4
皆,4
悠,4
觀,4
პ,4
ტ,4
ല,4
ٲ,4
լ,4
从,4
哈,4
杜,4
伐,4
耶,4
稲,4
群,4
క,4
න,4
末,4
施,4
迁,4
聘,4
尊,4
给,4
纳,4
责,4
单,4
仪,4
届,4
植,4
介,4
壱,4
ҹ,4
難,4
舜,4
感,4
麒,4
麟,4
虫,4
竜,4
観,4
ҳ,4
錢,4
達,4
冰,4
戯,4
務,4
ǃ,4
蒼,4
哀,4
魑,4
獅,4
Ň,4
封,4
队,4
ฑ,4
ನ,4
乌,4
仍,4
照,4
耗,4
铭,4
着,4
领,4
励,4
途,4
厦,4
别,4
ढ,4
藍,4
拓,4
𐎚,4
潮,4
绍,4
Ђ,4
ﻏ,4
帰,4
ხ,4
耳,4
写,4
評,4
ἡ,4
Щ,4
鏡,4
吾,4
顏,4
ߊ,4
ｙ,4
菩,4
諸,4
羯,4
諦,4
狒,4
縛,4
雀,4
徹,4
蜂,4
ള,4
槍,4
Ğ,4
ꦲ,4
Ք,4
զ,4
Զ,4
ղ,4
ﺬ,4
ﻥ,4
ﺧ,4
ﺔ,4
ﺷ,4
𝖺,4
ﺻ,4
ᨅ,4
刁,4
扉,4
പ,4
ⲁ,4
漠,4
ʧ,4
奉,4
ⲥ,4
厢,4
让,3
盗,3
페,3
ភ,3
품,3
薇,3
ꜣ,3
ధ,3
冥,3
낙,3
鍵,3
験,3
谋,3
謀,3
垣,3
鷹,3
亭,3
實,3
枚,3
蘭,3
留,3
未,3
附,3
ฐ,3
쇼,3
逝,3
늘,3
ກ,3
ঊ,3
ভ,3
케,3
嶽,3
Ἑ,3
断,3
卢,3
曽,3
炳,3
悉,3
谊,3
ꦚ,3
ᮔ,3
ᮞ,3
ద,3
త,3
ସ,3
ယ,3
妹,3
밴,3
ǧ,3
ਦ,3
ਆ,3
넘,3
횡,3
縱,3
ɟ,3
俐,3
杏,3
幡,3
鹽,3
참,3
징,3
离,3
ۋ,3
ꦡ,3
ꦟ,3
따,3
멸,3
완,3
ฎ,3
晚,3
매,3
Ῥ,3
射,3
滑,3
ⲕ,3
빛,3
涼,3
酢,3
ཏ,3
ฮ,3
ਘ,3
능,3
ສ,3
ނ,3
ލ,3
怡,3
縣,3
탑,3
宁,3
似,3
眞,3
劳,3
图,3
税,3
只,3
獻,3
亡,3
甜,3
웅,3
𐭭,3
ܝ,3
晓,3
啓,3
车,3
廟,3
籠,3
허,3
옷,3
슬,3
婷,3
ų,3
ⵡ,3
ɘ,3
卜,3
奴,3
악,3
祝,3
假,3
좋,3
깜,3
샛,3
렬,3
륵,3
담,3
ደ,3
ግ,3
ﻩ,3
溪,3
录,3
អ,3
病,3
凌,3
𒀭,3
煌,3
關,3
肥,3
毒,3
旺,3
ǫ,3
ⴽ,3
寶,3
巨,3
ں,3
鐘,3
ތ,3
抄,3
티,3
寝,3
억,3
랜,3
閣,3
ᵻ,3
欢,3
拼,3
發,3
桑,3
엘,3
포,3
령,3
엑,3
መ,3
휘,3
広,3
ῷ,3
伪,3
傅,3
孙,3
随,3
继,3
饮,3
ܪ,3
ܒ,3
對,3
锦,3
戒,3
聪,3
彦,3
ﷺ,3
Ý,3
考,3
刃,3
깨,3
ἑ,3
伏,3
備,3
拔,3
契,3
汗,3
敦,3
采,3
連,3
Ү,3
쌍,3
雙,3
ਪ,3
ґ,3
突,3
湘,3
巳,3
鴨,3
Ĕ,3
સ,3
ટ,3
順,3
饼,3
串,3
爾,3
棍,3
近,3
읍,3
穂,3
迪,3
干,3
墓,3
놓,3
尹,3
普,3
笠,3
医,3
Ｔ,3
Ｏ,3
棚,3
ບ,3
柔,3
ಡ,3
ঝ,3
ঈ,3
ঘ,3
奎,3
ډ,3
વ,3
흥,3
침,3
旦,3
肅,3
靖,3
誰,3
願,3
翁,3
祥,3
새,3
梓,3
ᨆ,3
慈,3
盈,3
产,3
彩,3
께,3
敎,3
책,3
맞,3
納,3
延,3
滿,3
帳,3
輝,3
晴,3
朗,3
往,3
嵐,3
轟,3
調,3
鶴,3
డ,3
ڪ,3
판,3
梯,3
儀,3
섯,3
卡,3
邦,3
緒,3
Ґ,3
廊,3
诚,3
忘,3
ἶ,3
య,3
談,3
빈,3
様,3
ල,3
ම,3
ය,3
ර,3
ῳ,3
晉,3
ਕ,3
週,3
ɬ,3
攻,3
鉴,3
难,3
就,3
络,3
钱,3
仅,3
缘,3
补,3
处,3
铁,3
椅,3
甚,3
拆,3
卸,3
训,3
替,3
宾,3
篱,3
笆,3
问,3
休,3
Գ,3
Ў,3
拾,3
ළ,3
瞳,3
ぞ,3
優,3
問,3
凶,3
載,3
係,3
覽,3
勢,3
貞,3
蒲,3
塚,3
优,3
俱,3
妻,3
源,3
強,3
灰,3
穴,3
紋,3
離,3
涉,3
誓,3
魍,3
魎,3
兩,3
鎮,3
礁,3
追,3
黎,3
脸,3
ざ,3
侦,3
抜,3
潘,3
芙,3
寒,3
ಮ,3
ಸ,3
麦,3
岗,3
识,3
婆,3
认,3
具,3
卓,3
另,3
彭,3
片,3
绩,3
竣,3
泥,3
备,3
谢,3
亨,3
现,3
宽,3
赠,3
刷,3
器,3
调,3
淑,3
付,3
쮸,3
ἔ,3
ἴ,3
எ,3
栋,3
援,3
温,3
釜,3
𡨸,3
ሴ,3
ټ,3
Ț,3
壬,3
𐒌,3
𐒏,3
姆,3
ȳ,3
훈,3
є,3
雫,3
ਤ,3
極,3
づ,3
护,3
壊,3
ẻ,3
Ｂ,3
ｅ,3
劇,3
薩,3
浄,3
恐,3
倒,3
즉,3
散,3
絶,3
穿,3
陣,3
敵,3
ര,3
瓶,3
ỉ,3
ฉ,3
ꦯ,3
ἆ,3
ĝ,3
ꦔ,3
ձ,3
ﻊ,3
ĉ,3
ĵ,3
征,3
藩,3
篠,3
絵,3
卿,3
ﻇ,3
ﻱ,3
Ṛ,3
ﻀ,3
ﻜ,3
唄,3
ﺦ,3
ﺛ,3
棵,3
Ｌ,3
ᨊ,3
埼,3
ぶ,3
楚,3
ჰ,3
奶,3
仔,3
ǝ,3
ވ,3
ぁ,3
喃,3
鰹,3
袖,3
ๅ,3
腕,3
ც,3
裂,3
짱,3
綱,3
獣,3
ለ,3
ჭ,3
雯,3
𐒋,3
𐒆,3
燃,3
Ｐ,3
陛,3
ἥ,3
维,3
萌,3
隱,2
Ἰ,2
芒,2
漂,2
ళ,2
誘,2
խ,2
鎬,2
隅,2
焙,2
鱼,2
숭,2
崇,2
ཛ,2
蘇,2
禪,2
覇,2
赴,2
穎,2
麼,2
융,2
棒,2
언,2
ຊ,2
ຍ,2
略,2
岳,2
盆,2
砺,2
盧,2
љ,2
慰,2
歡,2
ᮛ,2
ᮘ,2
ᮙ,2
坤,2
ର,2
ပ,2
熱,2
蕭,2
姐,2
歴,2
庫,2
兔,2
渤,2
ļ,2
階,2
醋,2
둑,2
누,2
룽,2
솥,2
빔,2
ꦦ,2
습,2
쿵,2
템,2
것,2
闻,2
狮,2
培,2
材,2
唇,2
축,2
逐,2
པ,2
ⲭ,2
錦,2
輪,2
အ,2
ည,2
勁,2
펜,2
곤,2
娥,2
薯,2
芋,2
橘,2
臭,2
ӹ,2
珪,2
Õ,2
ཝ,2
ཡ,2
ང,2
蛋,2
ḻ,2
吹,2
ℛ,2
ℳ,2
龜,2
닥,2
질,2
翠,2
ሓ,2
峡,2
쌰,2
ឥ,2
ឌ,2
属,2
ބ,2
ރ,2
ޙ,2
喇,2
ﭭ,2
輔,2
霞,2
氣,2
技,2
企,2
ஒ,2
敬,2
ẫ,2
瓣,2
ဗ,2
ဇ,2
𐭲,2
𐭩,2
𐭮,2
𐭯,2
ܦ,2
ܚ,2
ብ,2
ረ,2
牛,2
淸,2
租,2
堤,2
잔,2
졸,2
활,2
害,2
출,2
편,2
ⵢ,2
ⴼ,2
링,2
裔,2
견,2
儒,2
겸,2
검,2
檢,2
淹,2
몰,2
녕,2
揚,2
佩,2
露,2
胆,2
哲,2
葫,2
錄,2
胞,2
ฯ,2
ฝ,2
飞,2
ཆ,2
欣,2
泽,2
汇,2
唱,2
咏,2
Έ,2
伟,2
ɵ,2
爪,2
哇,2
屈,2
蒋,2
验,2
ɴ,2
ຳ,2
ⵕ,2
ⵛ,2
枝,2
Ã,2
又,2
렇,2
척,2
鋼,2
浩,2
惜,2
敗,2
涵,2
荷,2
Ḍ,2
粵,2
偶,2
彝,2
콜,2
릴,2
랭,2
퍼,2
暴,2
圳,2
ἵ,2
澎,2
喫,2
厉,2
餐,2
빼,2
農,2
謝,2
琛,2
肇,2
短,2
誌,2
ゥ,2
Ӏ,2
仆,2
총,2
른,2
잎,2
ਲ,2
螺,2
旋,2
ˊ,2
斌,2
ᬢ,2
ᬬ,2
ᬲ,2
팬,2
勒,2
ማ,2
剧,2
爭,2
些,2
狂,2
站,2
ત,2
錬,2
戀,2
눈,2
紘,2
控,2
阮,2
弟,2
Ŭ,2
鄉,2
旭,2
蓋,2
랙,2
侨,2
试,2
敖,2
擂,2
刻,2
幾,2
农,2
纬,2
奋,2
곽,2
탈,2
망,2
골,2
든,2
벨,2
ఆ,2
봉,2
ڑ,2
昊,2
扒,2
烤,2
팀,2
샤,2
揭,2
舱,2
艙,2
汕,2
ਥ,2
ਖ,2
ຣ,2
ๆ,2
ڌ,2
Ǝ,2
롯,2
貨,2
ẹ,2
ಪ,2
ರ,2
槃,2
ৎ,2
ঐ,2
ঔ,2
ഗ,2
ന,2
夕,2
팥,2
赑,2
屃,2
ẽ,2
倭,2
ښ,2
批,2
復,2
築,2
宵,2
梃,2
静,2
紗,2
擊,2
湊,2
险,2
份,2
険,2
Դ,2
ថ,2
融,2
環,2
貿,2
ʦ,2
되,2
維,2
孤,2
ਵ,2
폭,2
릿,2
ӣ,2
档,2
革,2
斷,2
Ы,2
ˀ,2
ஹ,2
극,2
뭐,2
퀴,2
럴,2
줌,2
찾,2
什,2
齋,2
庚,2
過,2
券,2
騰,2
잖,2
충,2
踊,2
頂,2
咲,2
試,2
練,2
継,2
稱,2
浅,2
લ,2
構,2
ಇ,2
ಲ,2
ց,2
換,2
贊,2
判,2
გ,2
업,2
诰,2
때,2
쳐,2
왜,2
锡,2
灿,2
烂,2
怀,2
兹,2
鈴,2
Ġ,2
џ,2
勤,2
拍,2
Ꮳ,2
Ꮃ,2
Ꭹ,2
린,2
察,2
앓,2
降,2
胶,2
带,2
紧,2
灼,2
围,2
坐,2
桌,2
须,2
敷,2
临,2
莲,2
拨,2
终,2
选,2
厚,2
响,2
扇,2
稅,2
ﺏ,2
규,2
బ,2
ㄱ,2
祐,2
剛,2
誠,2
된,2
읏,2
暗,2
蜃,2
븐,2
ஏ,2
緊,2
予,2
ぬ,2
菖,2
汐,2
貝,2
幽,2
札,2
幌,2
孫,2
Ḷ,2
킹,2
羊,2
恒,2
仏,2
將,2
韩,2
ǂ,2
臥,2
鮫,2
觓,2
駿,2
冀,2
虛,2
賦,2
罔,2
飯,2
亜,2
遥,2
尙,2
寐,2
圭,2
빌,2
숙,2
Ť,2
図,2
Մ,2
渋,2
练,2
蕉,2
气,2
烟,2
凡,2
适,2
汝,2
转,2
卖,2
钦,2
块,2
买,2
轮,2
搭,2
低,2
灾,2
址,2
郭,2
渐,2
注,2
谆,2
勃,2
魄,2
蒸,2
竟,2
装,2
汤,2
俊,2
邹,2
积,2
血,2
策,2
较,2
晨,2
涯,2
屡,2
珍,2
鸟,2
续,2
颁,2
质,2
誉,2
币,2
倡,2
霸,2
壮,2
透,2
悬,2
珊,2
瑚,2
迈,2
泗,2
陆,2
ਣ,2
狼,2
巧,2
總,2
竺,2
蓝,2
𐎓,2
𐎘,2
𐎗,2
𒊍,2
𒁯,2
𒌓,2
𐌖,2
𐌍,2
𐌉,2
𐌀,2
𐌔,2
𐌕,2
𐌛,2
𐌄,2
芽,2
鲁,2
乡,2
纯,2
鸿,2
赖,2
满,2
桐,2
ђ,2
ﮬ,2
ϛ,2
ܥ,2
ܕ,2
ሙ,2
杰,2
宅,2
ژ,2
軒,2
梦,2
播,2
ǵ,2
ϊ,2
奘,2
ヲ,2
丈,2
耆,2
탕,2
అ,2
ነ,2
視,2
𐒜,2
环,2
読,2
標,2
淨,2
鳩,2
瀞,2
倉,2
猪,2
巾,2
綾,2
淀,2
濃,2
斑,2
莱,2
𐎠,2
𐎼,2
猛,2
爵,2
状,2
皐,2
ぢ,2
禺,2
亂,2
迷,2
ߌ,2
ߞ,2
紊,2
啼,2
촌,2
ǣ,2
終,2
廖,2
װ,2
姫,2
舎,2
減,2
舌,2
罣,2
礙,2
ẳ,2
瀑,2
ခ,2
ץ,2
骸,2
密,2
裏,2
閧,2
厳,2
ヅ,2
卯,2
唼,2
譴,2
檜,2
榔,2
砕,2
ത,2
蜀,2
蠻,2
繁,2
貫,2
賈,2
叔,2
徽,2
脂,2
瞿,2
ŗ,2
模,2
錫,2
韻,2
篆,2
ዳ,2
ዊ,2
骆,2
樟,2
叻,2
返,2
鄧,2
泓,2
Ե,2
Թ,2
晷,2
祈,2
Ǧ,2
柱,2
Ӗ,2
ӳ,2
Й,2
Ъ,2
Ь,2
ʀ,2
個,2
圣,2
构,2
ȝ,2
ŝ,2
潤,2
櫻,2
脇,2
ஃ,2
യ,2
瑜,2
待,2
蒙,2
ﺐ,2
ﻐ,2
ﱠ,2
𝗇,2
冶,2
遼,2
ﺽ,2
ﺃ,2
ﺓ,2
嬴,2
束,2
ɳ,2
幫,2
玩,2
聯,2
ﺰ,2
胸,2
冷,2
胖,2
ﺯ,2
슈,2
ὡ,2
疋,2
ዕ,2
翼,2
ᮊ,2
剑,2
ṿ,2
ҷ,2
𝗼,2
𝗹,2
哉,2
儚,2
凛,2
ɚ,2
溝,2
喰,2
ゾ,2
Ｍ,2
𡦂,2
削,2
壇,2
坛,2
ﾟ,2
ဖ,2
沽,2
ಟ,2
軟,2
蝦,2
ᜎ,2
旗,2
또,2
扁,2
騎,2
ฦ,2
ባ,2
ራ,2
憧,2
Ἐ,2
ⲫ,2
傷,2
柩,2
鎖,2
殻,2
充,2
朽,2
拒,2
撃,2
椿,2
ӑ,2
ӗ,2
沪,2
蔚,2
穢,2
創,2
賭,2
ⲗ,2
ና,2
ຽ,2
覚,2
醒,2
並,2
અ,2
ሕ,2
ϩ,2
ぐ,2
飆,2
𐒒,2
Ⲡ,2
Ｉ,2
倶,2
染,2
Ά,2
瓠,2
詞,2
ϑ,2
応,2
閻,2
ῤ,2
茜,2
邵,2
穗,2
ಗ,2
腹,2
獎,2
ﻑ,2
Ό,2
Ἡ,2
則,2
襄,2
ﺡ,2
罩,2
姬,2
ᱷ,2
ĺ,2
ተ,2
陀,2
变,1
鸣,1
ឤ,1
ឬ,1
ធ,1
硝,1
뢰,1
译,1
配,1
Ն,1
հ,1
両,1
炊,1
캡,1
魯,1
炭,1
講,1
與,1
糸,1
潟,1
妙,1
챔,1
齊,1
쪽,1
략,1
밖,1
脉,1
琉,1
背,1
巖,1
陟,1
龔,1
繼,1
婦,1
粘,1
悦,1
馨,1
儂,1
誼,1
臨,1
ᮇ,1
ᮑ,1
చ,1
శ,1
ৰ,1
ଵ,1
ତ,1
ဿ,1
ဋ,1
辯,1
靺,1
鞨,1
많,1
ᶽ,1
渓,1
討,1
념,1
糟,1
膳,1
깅,1
및,1
밭,1
눌,1
済,1
ꦣ,1
ꦓ,1
닭,1
냉,1
며,1
뷔,1
槻,1
驅,1
咋,1
ཪ,1
ϯ,1
卑,1
劲,1
ģ,1
Ķ,1
ဥ,1
ឡ,1
ଶ,1
ଙ,1
ଖ,1
酸,1
귤,1
枳,1
羹,1
Ṇ,1
Ṅ,1
Ṝ,1
ḑ,1
ປ,1
ທ,1
ἷ,1
苓,1
膏,1
댄,1
ኛ,1
屬,1
產,1
ޞ,1
郁,1
娛,1
머,1
嘛,1
臟,1
ﻼ,1
磯,1
픽,1
쓰,1
鑊,1
劣,1
讯,1
량,1
荳,1
객,1
膾,1
梭,1
彬,1
ဟ,1
ဝ,1
ʉ,1
熹,1
ږ,1
𐫤,1
𐫏,1
𐫘,1
𐫛,1
𐫇,1
𐫗,1
ܩ,1
ܛ,1
ܣ,1
ܙ,1
ቴ,1
ዎ,1
ሮ,1
ኖ,1
ሱ,1
俞,1
僑,1
專,1
滨,1
濱,1
Կ,1
禾,1
駕,1
깃,1
름,1
끝,1
裳,1
裙,1
띠,1
잇,1
댕,1
잠,1
릭,1
앵,1
歉,1
伤,1
蓄,1
渥,1
桥,1
弓,1
훤,1
甄,1
萱,1
裵,1
婢,1
按,1
積,1
轄,1
賽,1
這,1
裡,1
檯,1
秤,1
孚,1
载,1
폴,1
텍,1
鹸,1
郿,1
濬,1
蘆,1
菌,1
ཤ,1
ᾷ,1
疾,1
抖,1
粤,1
誅,1
灭,1
𒅎,1
𒋫,1
𒀸,1
𒊭,1
篷,1
叹,1
谭,1
譚,1
費,1
茉,1
驾,1
衢,1
蔻,1
쉿,1
嶺,1
堡,1
텔,1
ފ,1
ށ,1
椒,1
豉,1
큐,1
짬,1
뽕,1
ḩ,1
Ẽ,1
빅,1
톤,1
떨,1
郞,1
検,1
ฌ,1
헬,1
率,1
姂,1
𐎐,1
𐎋,1
𐎍,1
𐎛,1
𐎁,1
舩,1
肌,1
膚,1
郝,1
柴,1
쉘,1
칼,1
팸,1
맥,1
샌,1
ⴾ,1
ʽ,1
몬,1
勉,1
俣,1
圈,1
棉,1
轩,1
薛,1
隶,1
伸,1
圆,1
錶,1
帅,1
览,1
绣,1
俗,1
損,1
Û,1
哨,1
Ė,1
ꦉ,1
농,1
웰,1
催,1
於,1
맹,1
റ,1
滔,1
컷,1
惟,1
纥,1
浑,1
苾,1
仑,1
眉,1
鶻,1
隴,1
匐,1
毗,1
伽,1
ਭ,1
ਇ,1
纽,1
紐,1
樺,1
ᬧ,1
ᬅ,1
ᬭ,1
ᬯ,1
늑,1
ዶ,1
ሚ,1
眺,1
滇,1
线,1
铜,1
锅,1
鄕,1
庵,1
營,1
巡,1
洹,1
靜,1
瘋,1
某,1
看,1
著,1
類,1
呸,1
胜,1
權,1
嘆,1
鍾,1
련,1
셔,1
𒈥,1
𒌅,1
썸,1
흔,1
琦,1
런,1
룡,1
畿,1
跑,1
孩,1
昂,1
핑,1
Ɔ,1
僚,1
腸,1
焗,1
啟,1
渊,1
阁,1
匯,1
序,1
揆,1
즘,1
곡,1
ട,1
珉,1
示,1
桶,1
삿,1
溜,1
糖,1
葱,1
烧,1
패,1
靑,1
줄,1
벳,1
玟,1
暎,1
洺,1
醫,1
碗,1
盏,1
Ｒ,1
Ｕ,1
ɤ,1
ڙ,1
馥,1
ꓕ,1
녁,1
같,1
刈,1
룹,1
現,1
ಶ,1
ಣ,1
ঋ,1
변,1
ധ,1
ർ,1
ൻ,1
屯,1
碑,1
ஐ,1
ȷ,1
蝋,1
鲜,1
આ,1
浙,1
寢,1
궐,1
闕,1
돈,1
묘,1
익,1
懿,1
凱,1
郫,1
酱,1
염,1
饭,1
击,1
寀,1
苏,1
님,1
엄,1
ѐ,1
켑,1
Յ,1
톡,1
视,1
𛀁,1
乳,1
薑,1
蓉,1
鹰,1
倜,1
ҥ,1
응,1
칭,1
콘,1
뻐,1
厂,1
摂,1
併,1
壹,1
贰,1
渉,1
驚,1
뚜,1
뽀,1
ӯ,1
櫃,1
접,1
혁,1
愚,1
髮,1
擧,1
ۅ,1
祿,1
腾,1
써,1
ڵ,1
შ,1
裝,1
ƣ,1
ꞑ,1
潑,1
溂,1
聳,1
甌,1
欠,1
揺,1
誇,1
稜,1
薫,1
哮,1
嗚,1
帛,1
დ,1
ફ,1
ખ,1
બ,1
ѫ,1
ఇ,1
ഇ,1
ഡ,1
빤,1
攸,1
监,1
狱,1
ஈ,1
钟,1
耻,1
균,1
亐,1
ޅ,1
곱,1
덟,1
ㅂ,1
ㅆ,1
받,1
듯,1
덩,1
슛,1
됐,1
던,1
聒,1
절,1
늬,1
뿐,1
착,1
붉,1
蔑,1
邪,1
볼,1
橡,1
荫,1
缅,1
弦,1
诵,1
况,1
纪,1
竞,1
勖,1
鞘,1
贺,1
賞,1
쿨,1
ڔ,1
邁,1
煦,1
骄,1
聚,1
勿,1
扰,1
菡,1
속,1
藪,1
檔,1
ඩ,1
ජ,1
팝,1
ਯ,1
츄,1
삐,1
ຕ,1
乗,1
菱,1
찰,1
廳,1
們,1
첫,1
쁜,1
說,1
侵,1
沦,1
陷,1
诸,1
失,1
投,1
废,1
阴,1
汲,1
边,1
简,1
陋,1
织,1
钧,1
扣,1
呎,1
墙,1
丝,1
网,1
换,1
整,1
或,1
贫,1
携,1
旁,1
免,1
缴,1
规,1
遣,1
毕,1
润,1
召,1
饲,1
璧,1
遵,1
循,1
逾,1
存,1
归,1
顾,1
既,1
减,1
轻,1
懈,1
赞,1
恳,1
它,1
贡,1
厕,1
退,1
署,1
軫,1
淡,1
없,1
뱅,1
톱,1
취,1
Օ,1
Ֆ,1
ܟ,1
妈,1
ሰ,1
ላ,1
姮,1
ව,1
윽,1
ゐ,1
笹,1
榛,1
ᄊ,1
ᄉ,1
鶏,1
ㅅ,1
ㄴ,1
ㄷ,1
귿,1
읃,1
ㄹ,1
堯,1
鯀,1
燭,1
蚩,1
尤,1
夸,1
父,1
犁,1
魃,1
昆,1
墬,1
鸞,1
犢,1
彖,1
螣,1
ޝ,1
줘,1
渕,1
囲,1
決,1
힘,1
츠,1
泡,1
ể,1
兎,1
Ә,1
ұ,1
Ứ,1
嘴,1
巩,1
鞏,1
給,1
働,1
ꨂ,1
ꨣ,1
ꨌ,1
ꨚ,1
𒄩,1
𒋾,1
𒉈,1
𒅆,1
𒇷,1
雒,1
卦,1
ǽ,1
ǜ,1
伦,1
ὸ,1
慄,1
譜,1
陰,1
辻,1
競,1
镗,1
琼,1
當,1
ǀ,1
闇,1
宫,1
癖,1
潭,1
碧,1
铃,1
髯,1
丩,1
觩,1
糾,1
騷,1
淯,1
篇,1
蚴,1
蟉,1
吻,1
舉,1
窪,1
佑,1
ॐ,1
ӓ,1
寨,1
駆,1
漆,1
璩,1
寬,1
尪,1
扯,1
抹,1
茭,1
仓,1
鬆,1
諭,1
ぺ,1
够,1
咨,1
询,1
镜,1
飾,1
墨,1
謨,1
皋,1
陶,1
椎,1
檎,1
ಥ,1
푸,1
줏,1
绿,1
确,1
殖,1
称,1
输,1
树,1
虽,1
缺,1
乏,1
需,1
徒,1
阵,1
萧,1
枋,1
盖,1
涨,1
濫,1
绪,1
拜,1
阶,1
养,1
壁,1
郵,1
轨,1
蓬,1
锻,1
炼,1
躬,1
怒,1
埋,1
栖,1
含,1
访,1
跨,1
赐,1
瀚,1
迅,1
专,1
虑,1
狭,1
窄,1
栅,1
厨,1
稚,1
崑,1
槐,1
赶,1
娱,1
颇,1
评,1
执,1
澔,1
种,1
授,1
帷,1
幄,1
蝉,1
兼,1
纠,1
货,1
遮,1
凉,1
迫,1
预,1
伙,1
纸,1
辅,1
贷,1
础,1
储,1
阔,1
夺,1
谓,1
唤,1
砖,1
兆,1
銘,1
隷,1
탄,1
廈,1
碓,1
鲇,1
纱,1
Ὄ,1
Ἅ,1
反,1
抗,1
売,1
驱,1
亩,1
述,1
还,1
刹,1
劝,1
措,1
势,1
滥,1
隔,1
几,1
钢,1
詹,1
挥,1
昇,1
贝,1
柯,1
璀,1
蹈,1
ἕ,1
Ọ,1
卒,1
負,1
弐,1
ϝ,1
ϟ,1
ϡ,1
栞,1
证,1
综,1
입,1
뺏,1
었,1
Ẋ,1
吒,1
殷,1
ˁ,1
ὕ,1
ƶ,1
彙,1
ҟ,1
ⵅ,1
ګ,1
您,1
택,1
槿,1
ḕ,1
났,1
聂,1
赏,1
讲,1
类,1
欧,1
祁,1
拏,1
蔣,1
맘,1
ṫ,1
ƿ,1
荘,1
珂,1
牟,1
補,1
皮,1
Ἃ,1
己,1
妍,1
ස,1
ද,1
ఓ,1
ዋ,1
ጦ,1
昏,1
旨,1
𐒈,1
𐒍,1
𐒇,1
𐒘,1
黙,1
拭,1
ᕿ,1
ᑭ,1
ᖅ,1
ᑖ,1
ᓗ,1
ᒃ,1
吕,1
絕,1
맨,1
땅,1
莽,1
扶,1
設,1
辺,1
褘,1
慧,1
齡,1
필,1
弼,1
産,1
勞,1
砥,1
玖,1
掛,1
塙,1
呂,1
垂,1
磨,1
灘,1
檮,1
岬,1
菰,1
諏,1
訪,1
杵,1
値,1
堵,1
灯,1
𐎡,1
𐎹,1
𐎶,1
𐎴,1
煜,1
玥,1
湄,1
쿠,1
ᴊ,1
ᴘ,1
ਓ,1
雍,1
侂,1
胄,1
拐,1
挑,1
摘,1
蛮,1
滴,1
晩,1
垒,1
酉,1
禄,1
査,1
証,1
ແ,1
慎,1
Ë,1
词,1
ߟ,1
ߝ,1
ߐ,1
ߘ,1
ߍ,1
嗤,1
逆,1
撫,1
崩,1
狗,1
앨,1
찔,1
털,1
允,1
墉,1
習,1
납,1
峒,1
帖,1
蘊,1
厄,1
垢,1
鼻,1
触,1
埵,1
怖,1
顛,1
耨,1
藐,1
曰,1
僧,1
訶,1
증,1
촉,1
뇩,1
먁,1
왈,1
瓦,1
ဘ,1
ヂ,1
候,1
咆,1
咬,1
邏,1
挺,1
燼,1
侘,1
凍,1
雛,1
狛,1
縄,1
Ẩ,1
嫗,1
檳,1
梢,1
螫,1
ഉ,1
ച,1
嵩,1
异,1
簡,1
馮,1
殘,1
龐,1
芹,1
塵,1
砚,1
斋,1
Ղ,1
蒜,1
阖,1
闾,1
塘,1
范,1
曇,1
鲍,1
姚,1
傩,1
戏,1
茵,1
閃,1
ឃ,1
ฒ,1
單,1
隸,1
楷,1
ὠ,1
捶,1
金,1
衡,1
李,1
混,1
浚,1
幣,1
Ṥ,1
ᾱ,1
ῑ,1
畳,1
銭,1
穌,1
靳,1
ཙ,1
ﻚ,1
踏,1
ꦆ,1
ꦄ,1
诺,1
蜉,1
蝣,1
ﬁ,1
բ,1
Լ,1
ռ,1
Շ,1
Ծ,1
փ,1
Տ,1
շ,1
ᴇ,1
渾,1
격,1
ܗ,1
ཐ,1
ཕ,1
Ｄ,1
俺,1
屍,1
ﯿ,1
Ё,1
싸,1
ꜥ,1
禅,1
鍛,1
弹,1
遐,1
靓,1
Ấ,1
繡,1
亀,1
撲,1
ﻖ,1
鎭,1
侍,1
鏑,1
賤,1
厘,1
円,1
棠,1
鑫,1
鑒,1
彪,1
糯,1
秫,1
暮,1
罠,1
𐭫,1
𐭰,1
𐭠,1
𐭅,1
𐭉,1
𐭓,1
𐭔,1
𐭍,1
舢,1
舨,1
晃,1
𝖯,1
𝖽,1
𝗒,1
𝗀,1
𝖭,1
𝗆,1
𝗎,1
ﺁ,1
虏,1
淮,1
岭,1
壕,1
疏,1
燈,1
炬,1
ﻈ,1
ﻹ,1
ɺ,1
敏,1
ʨ,1
秒,1
麹,1
繰,1
ἲ,1
Ῑ,1
壤,1
酿,1
請,1
銷,1
ﻂ,1
ﺜ,1
ﺨ,1
ﺢ,1
榴,1
Ư,1
豹,1
豬,1
窑,1
Є,1
Ї,1
Љ,1
Њ,1
Ћ,1
Џ,1
ਧ,1
忽,1
刺,1
芫,1
荽,1
匠,1
憂,1
Ｗ,1
噛,1
溫,1
崖,1
餘,1
棄,1
抆,1
榜,1
ዝ,1
粕,1
荊,1
霆,1
握,1
糰,1
ᮚ,1
ᬓ,1
ᬩ,1
斛,1
Ą,1
𐤋,1
𐤁,1
𐤍,1
ဒ,1
Ҷ,1
օ,1
ֆ,1
ޖ,1
ⴱ,1
𝗣,1
𝗿,1
𝗳,1
𝗶,1
𝗩,1
𝗸,1
𝗮,1
庠,1
𒆳,1
𒈪,1
𒄑,1
𒊒,1
萍,1
倫,1
ἤ,1
ጾ,1
宰,1
歐,1
遇,1
咸,1
閪,1
甩,1
冊,1
鮎,1
淳,1
ὥ,1
窿,1
朋,1
紇,1
姨,1
惑,1
歓,1
ぅ,1
针,1
팽,1
沖,1
컴,1
冯,1
賊,1
鼎,1
脿,1
爲,1
ڀ,1
ٽ,1
緯,1
鸡,1
喝,1
却,1
浴,1
炮,1
လ,1
햇,1
볕,1
餛,1
飩,1
ᜃ,1
ᜐ,1
晦,1
掃,1
荼,1
熟,1
熏,1
貓,1
അ,1
സ,1
ൽ,1
ផ,1
楠,1
蝌,1
蜡,1
鮨,1
鮓,1
ὤ,1
符,1
沃,1
崴,1
ʝ,1
額,1
ㅇ,1
処,1
ஊ,1
ఊ,1
暑,1
ﺅ,1
ฃ,1
ฅ,1
乘,1
郢,1
汨,1
艾,1
谦,1
贾,1
宪,1
峯,1
薙,1
ዲ,1
ṗ,1
ශ,1
ත,1
頼,1
枭,1
梟,1
鞭,1
釵,1
洽,1
Ű,1
锐,1
ḇ,1
Ă,1
ʑ,1
ᨄ,1
ᨇ,1
歷,1
従,1
朧,1
衝,1
怨,1
尻,1
漣,1
帽,1
ฏ,1
弧,1
軾,1
隧,1
Ӑ,1
Ҫ,1
ҫ,1
Ӳ,1
ސ,1
梧,1
聰,1
滷,1
匈,1
渎,1
淞,1
铺,1
ક,1
ચ,1
ધ,1
ᨉ,1
ˡ,1
仕,1
込,1
針,1
諧,1
牢,1
晶,1
槟,1
Ϯ,1
ⲑ,1
ⲇ,1
ⲝ,1
ዜ,1
璇,1
棋,1
ໄ,1
駱,1
吊,1
掟,1
悍,1
憶,1
靭,1
憬,1
狩,1
泣,1
ણ,1
ɱ,1
ቀ,1
ይ,1
ሪ,1
撒,1
獄,1
蝶,1
殛,1
ㄅ,1
ㄆ,1
ㄇ,1
ㄈ,1
ᾠ,1
題,1
钰,1
𐒑,1
𐒅,1
𐒐,1
𐒕,1
𐒗,1
帘,1
翅,1
藕,1
絲,1
履,1
Ǒ,1
睛,1
悟,1
ੳ,1
ਅ,1
ੲ,1
ੴ,1
峽,1
屄,1
Ⲅ,1
Ｙ,1
Ｓ,1
姉,1
恵,1
轶,1
惣,1
噴,1
ⵗ,1
ẖ,1
紺,1
唯,1
Ｈ,1
Ｅ,1
ᜉ,1
ϰ,1
ϱ,1
ϕ,1
Ｊ,1
哭,1
螳,1
螂,1
菓,1
冒,1
ぇ,1
止,1
課,1
ぽ,1
逃,1
否,1
疑,1
閨,1
緣,1
凰,1
Ě,1
馕,1
倪,1
蓓,1
ወ,1
ፊ,1
ሺ,1
ው,1
እ,1
嗎,1
圍,1
薦,1
頒,1
幹,1
脳,1
炎,1
Ἕ,1
ἣ,1
ᯚ,1
ᯒ,1
细,1
ʍ,1
ặ,1
殊,1
ಅ,1
ಆ,1
ಈ,1
ಉ,1
ಊ,1
ಋ,1
ಎ,1
ಏ,1
ಐ,1
ಒ,1
ಓ,1
ಔ,1
ǰ,1
緋,1
ᮌ,1
ᮜ,1
ᬕ,1
ᬫ,1
ᬮ,1
ᬦ,1
ꤷ,1
ꥁ,1
ꤼ,1
ꤸ,1
ꤾ,1
ꤿ,1
瀛,1
奧,1
详,1
赟,1
鞍,1
舛,1
靈,1
驥,1
陞,1
毬,1
袁,1
満,1
祓,1
鱲,1
램,1
溏,1
卵,1
빨,1
굴,1
깍,1
巢,1
殲,1
泳,1
ﻝ,1
ﻙ,1
ﻕ,1
ﻍ,1
ﻉ,1
ﻅ,1
ﻁ,1
ﺹ,1
ﺵ,1
ﺫ,1
ﺥ,1
ﺝ,1
ﺙ,1
ﺕ,1
臼,1
净,1
ও,1
ৱ,1
ᱡ,1
ᱟ,1
ᱨ,1
ᱠ,1
ᱚ,1
ᱸ,1
ᱰ,1
ˇ,1
Į,1
ᮃ,1
ᮓ,1
ፈ,1
ቡ,1
ጊ,1
職,1
綺,1
穆,1
軻,1
仉,1
贔,1
屭,1
祀,1
彌,1
说,1
滾,1
ߓ,1
ߦ,1
ᮏ,1
ᮝ,1
ප,1
ኤ,1
荀,1
ױ,1
ײ,1
ܬ,1
ܖ,1
酔,1
鎧,1
栢,1
𐤕,1
