о,25076349
и,19101088
е,19042355
а,18613836
н,15640659
т,13292533
с,12927662
р,12631815
в,10640970
л,10035259
к,7876720
м,7076238
д,6788992
п,6062113
у,5244728
я,4622409
ы,4480569
г,4279167
з,3657848
б,3294905
й,3257963
ь,3168551
ч,2794937
х,2401355
ж,1818941
ю,1477768
ц,1385583
ш,1187482
ф,841172
щ,804606
В,768299
С,706303
ё,672849
П,585624
э,585062
К,501730
А,407337
М,375166
Р,340067
Н,336007
О,311776
Б,291794
e,285884
Д,284221
Г,272495
Т,262956
a,255669
И,246393
o,225103
r,216873
i,209922
I,200349
Л,191289
n,177522
Ф,160469
t,155949
l,152279
s,144376
Э,128385
У,125446
З,125433
u,119493
Е,106383
m,98426
Х,97655
Ш,93022
ъ,89978
c,88962
X,88194
d,82198
Ч,79348
h,66084
S,65633
V,58330
f,57690
C,56345
p,49719
A,48429
Ц,48108
M,47597
g,47000
Я,46865
T,43649
P,41522
Ю,41495
b,38026
D,37688
y,37492
Ж,36342
B,33156
k,32637
R,29615
L,28777
E,26803
v,25411
F,25405
G,24723
N,24479
O,22691
H,21643
w,21057
W,17886
x,12797
z,11926
U,11452
K,10586
Й,9713
J,7987
j,5342
Y,5152
Z,4535
Щ,3712
Q,3700
é,3445
q,3286
і,1862
α,1722
ä,1532
ü,1306
á,1203
ο,973
ā,915
ó,909
ö,873
Ё,811
ѣ,794
í,790
ι,737
І,714
ρ,697
β,683
š,678
ν,678
ε,657
τ,634
ς,631
Ы,592
σ,541
λ,518
è,485
μ,451
γ,448
π,433
ا,432
κ,415
ł,398
č,356
δ,333
ž,331
â,325
ī,322
ç,319
η,299
à,294
ί,294
υ,292
ý,284
Ь,284
ү,275
ă,274
ω,260
ә,258
ú,250
ë,241
ل,238
ę,237
ē,232
ό,232
θ,230
ě,226
ū,222
ө,222
י,221
ś,220
ə,218
ά,217
æ,216
ו,214
ô,213
ر,205
Ъ,205
ї,201
ō,189
φ,183
î,181
Š,173
و,170
χ,169
ن,167
ي,166
ė,159
ã,155
ą,154
ß,151
ñ,150
º,149
É,148
қ,148
ê,145
ה,143
م,143
ר,143
ć,139
ή,138
έ,137
ı,133
Δ,132
ø,131
ύ,130
ў,128
ˈ,127
ң,126
ż,125
ń,122
å,116
א,115
ð,114
Σ,112
ː,111
ב,111
ب,111
ש,108
د,108
מ,107
ř,106
ա,106
ò,105
ל,103
ş,100
Ι,99
ĕ,98
Α,98
ت,95
Å,95
ј,92
ת,87
ע,87
נ,87
ŋ,87
є,86
س,86
Ö,86
ɔ,85
ù,85
ì,84
ɪ,83
ų,83
һ,80
ა,80
ѧ,75
Ü,74
Π,72
ه,72
ʼ,71
ť,71
ώ,70
ع,70
ი,68
Č,66
ɛ,66
ӈ,65
Κ,64
õ,64
Ӏ,64
ة,63
ṣ,62
ï,62
ζ,62
ی,61
ἀ,61
大,60
ո,60
Λ,59
ד,58
ǫ,58
Ε,57
û,56
ṃ,56
כ,56
ḥ,54
ם,54
ξ,54
ח,53
ғ,53
ň,52
Χ,51
þ,51
ן,51
ӄ,51
ك,51
ṭ,50
ź,50
ס,49
ق,49
Τ,48
ն,48
Ç,47
Ν,47
Қ,46
Μ,46
ҡ,46
ɣ,46
ќ,46
ի,45
ӏ,45
Ο,44
ἐ,44
ح,44
ʒ,44
ʰ,44
Ա,43
ე,42
州,42
ӳ,41
ʃ,41
Ѣ,41
ش,41
Β,40
王,40
ҳ,39
њ,39
山,39
ւ,39
ק,38
ր,38
ψ,38
区,38
ț,38
җ,38
Ž,37
ف,37
פ,37
ů,37
Φ,37
ӱ,37
ج,37
Á,36
ɑ,35
Ρ,35
Θ,35
ţ,35
ʾ,35
Ө,35
Ӳ,35
子,35
ʷ,34
天,34
ҙ,34
र,33
い,33
Є,33
ɨ,32
ʔ,32
Ў,32
ӯ,32
ز,32
ћ,32
字,32
Γ,31
日,31
Ä,31
œ,31
ŭ,31
ÿ,30
ğ,30
Ү,30
ნ,30
ő,30
თ,30
ɒ,30
文,29
ĩ,29
ט,28
ז,28
東,28
ե,28
ӧ,28
க,28
ӣ,28
ӑ,27
ῆ,27
ѓ,27
ʲ,27
县,27
ҫ,26
ǝ,26
Η,26
ط,26
教,26
ῦ,26
ص,25
ѫ,25
რ,25
ლ,25
Ś,24
ン,24
ʿ,24
Þ,24
安,24
的,24
կ,24
行,24
ѐ,24
Ω,23
ď,23
Ѳ,23
צ,23
Ø,23
տ,23
ბ,23
ẽ,23
ս,23
部,23
ʻ,22
Ú,22
明,22
µ,22
ー,22
三,22
Ó,22
ო,22
ș,22
Հ,22
ვ,22
خ,22
த,22
ذ,22
西,21
ӗ,21
道,21
Ż,21
أ,21
中,21
न,21
ľ,21
پ,21
ĭ,21
ἄ,21
ӕ,21
皇,21
し,20
ұ,20
ŏ,20
高,20
Ӱ,20
仁,20
な,20
ὸ,20
本,20
غ,20
व,20
ҥ,20
น,20
太,19
イ,19
羅,19
ῖ,19
յ,19
ҕ,19
ǎ,19
ὐ,19
南,19
人,19
ũ,19
Í,19
ம,19
म,19
ى,18
ѡ,18
ḱ,18
إ,18
Ş,18
უ,18
ք,18
ས,18
ǔ,18
武,18
ħ,18
ん,18
љ,17
ʌ,17
ṅ,17
川,17
ὁ,17
ג,17
ὴ,17
Һ,17
Ն,17
त,17
ὰ,17
城,17
Ҫ,17
ს,17
ѵ,17
手,17
元,17
ழ,17
도,17
ὶ,17
軍,17
ว,17
า,17
ม,17
ṛ,16
師,16
宮,16
馬,16
Ζ,16
Մ,16
گ,16
ђ,16
北,16
Ā,16
Ә,16
府,16
か,16
վ,16
வ,16
ɵ,16
य,16
ḻ,16
法,16
수,16
韓,16
ท,16
Ң,16
ḍ,15
つ,15
İ,15
ɐ,15
水,15
平,15
国,15
都,15
ỹ,15
𐌰,15
Ұ,15
Ր,15
公,15
ķ,15
ņ,15
Υ,15
新,15
장,15
の,15
ἰ,15
ǒ,15
四,15
Ј,15
ҭ,15
โ,15
國,14
ӷ,14
À,14
մ,14
李,14
Ē,14
ἔ,14
स,14
ქ,14
ǰ,14
ṇ,14
Ἀ,14
ґ,14
Ł,14
市,14
ѝ,14
द,14
に,14
ἡ,14
ต,14
ร,14
Ѧ,14
Ғ,14
ọ,14
ᾰ,14
真,13
上,13
ち,13
ѹ,13
Æ,13
木,13
ҷ,13
ꙗ,13
Ս,13
江,13
ѕ,13
ک,13
ἱ,13
Ґ,13
河,13
ġ,13
ǵ,13
专,13
龍,13
შ,13
ῶ,13
ส,13
ल,13
백,13
寺,13
ԥ,13
路,13
言,12
德,12
ア,12
ル,12
ク,12
ラ,12
ϊ,12
Ψ,12
Ô,12
漢,12
բ,12
Դ,12
Â,12
Յ,12
Ո,12
ḷ,12
ད,12
Ҥ,12
공,12
ப,12
ʁ,12
り,12
ʊ,12
一,12
기,12
之,12
授,12
五,12
อ,12
Ӧ,12
Ђ,12
典,12
金,12
ѥ,11
ᴏ,11
ḏ,11
田,11
ス,11
波,11
գ,11
京,11
孔,11
آ,11
ղ,11
Ӑ,11
Ӗ,11
Ă,11
Ւ,11
Ɔ,11
斯,11
省,11
东,11
ẹ,11
ļ,11
ན,11
թ,11
դ,11
加,11
郡,11
چ,11
ĝ,11
ன,11
ڭ,11
原,11
生,11
後,11
ย,11
女,11
基,11
ᴗ,11
海,11
ԓ,11
괴,11
វ,11
ស,11
拳,11
玉,10
語,10
無,10
唐,10
う,10
ト,10
お,10
カ,10
番,10
ʤ,10
和,10
ҍ,10
下,10
đ,10
Ÿ,10
ű,10
ǐ,10
ὄ,10
督,10
司,10
ἴ,10
མ,10
ⴰ,10
Ѵ,10
이,10
Ξ,10
ḫ,10
古,10
ئ,10
ʕ,10
ღ,10
क,10
प,10
將,10
阿,10
經,10
帝,10
เ,10
ข,10
Җ,10
ſ,10
벌,10
た,10
ˁ,10
ນ,10
月,10
Ѫ,10
っ,9
じ,9
Ḥ,9
Œ,9
ף,9
松,9
オ,9
լ,9
Ѿ,9
通,9
史,9
書,9
հ,9
ӡ,9
𐌻,9
𐍃,9
Ի,9
დ,9
Î,9
Տ,9
Ե,9
ƶ,9
书,9
地,9
Ŋ,9
ŗ,9
ག,9
ར,9
神,9
მ,9
長,9
Ὀ,9
Ê,9
Ӯ,9
ṉ,9
ɡ,9
구,9
る,9
ǯ,9
ѳ,9
主,9
特,9
ȃ,9
良,9
先,9
Ĳ,9
ɷ,9
ទ,9
ត,9
ន,9
ཨ,9
す,9
螳,9
螂,9
音,8
ゅ,8
タ,8
ث,8
二,8
会,8
ᠠ,8
ѿ,8
百,8
주,8
Ἐ,8
𐌿,8
კ,8
ὀ,8
使,8
ռ,8
ब,8
Đ,8
ⵜ,8
Њ,8
Ѕ,8
џ,8
Ī,8
沙,8
直,8
გ,8
ʂ,8
다,8
ɾ,8
ƣ,8
善,8
ض,8
口,8
孝,8
Ź,8
ხ,8
պ,8
ӓ,8
ء,8
宗,8
ま,8
Љ,8
Ћ,8
พ,8
일,8
성,8
ҧ,8
門,8
ӆ,8
ˀ,8
院,8
画,8
շ,8
わ,8
ら,8
ҵ,8
藤,7
リ,7
徐,7
서,7
利,7
ŝ,7
Կ,7
𐌽,7
Ĕ,7
Ї,7
ܐ,7
Ţ,7
十,7
Ɛ,7
政,7
ὑ,7
대,7
紇,7
星,7
忠,7
空,7
周,7
朝,7
ந,7
ர,7
ʧ,7
术,7
骨,7
ὕ,7
ŕ,7
ṷ,7
ژ,7
学,7
青,7
は,7
よ,7
忍,7
택,7
견,7
국,7
원,7
제,7
𐏁,7
玄,7
ĵ,7
博,7
君,7
ไ,7
ก,7
ค,7
ロ,7
が,7
だ,7
하,7
시,7
ッ,7
を,7
奴,7
孫,7
劉,7
Ѓ,7
ܬ,7
사,7
時,7
康,7
相,7
ѭ,7
ˌ,7
と,7
Ì,7
រ,7
ཝ,7
ず,7
ѩ,6
ϲ,6
Ñ,6
記,6
氏,6
鎮,6
正,6
Ά,6
Ἄ,6
Ō,6
ṙ,6
こ,6
ἅ,6
Ἰ,6
ģ,6
陵,6
廣,6
固,6
落,6
𐌹,6
𐌺,6
Փ,6
ɕ,6
Թ,6
Ƶ,6
刘,6
七,6
民,6
華,6
宣,6
Ć,6
ց,6
པ,6
왕,6
ɲ,6
定,6
ꙋ,6
র,6
名,6
ய,6
ல,6
ध,6
白,6
ட,6
박,6
태,6
陽,6
ძ,6
श,6
𐎢,6
ग,6
士,6
六,6
ϑ,6
ล,6
ง,6
土,6
Ï,6
れ,6
한,6
부,6
남,6
麻,6
Ҳ,6
զ,6
식,6
血,6
何,6
達,6
ⲥ,6
清,6
め,6
Õ,6
Օ,6
秦,6
ɯ,6
漫,6
ҟ,6
ɽ,6
ज,6
杭,6
濟,6
ắ,6
ཏ,6
曜,6
ứ,6
इ,6
ឥ,6
ห,6
猴,6
দ,6
蕭,6
豆,6
ᴛ,5
林,5
光,5
趙,5
篇,5
式,5
丁,5
Ӷ,5
Ӄ,5
ӽ,5
能,5
ジ,5
キ,5
サ,5
テ,5
ィ,5
ᠭ,5
不,5
支,5
ڤ,5
马,5
ᛏ,5
ɘ,5
Ҷ,5
Έ,5
𐌷,5
圓,5
Ù,5
Պ,5
Ք,5
胡,5
Ə,5
ᵊ,5
粵,5
ך,5
ạ,5
བ,5
Ꙁ,5
づ,5
Џ,5
侯,5
吐,5
ন,5
愛,5
은,5
ங,5
ҩ,5
夫,5
Ū,5
杜,5
蒙,5
ὺ,5
ˉ,5
ḗ,5
ᵘ,5
克,5
刀,5
徳,5
苏,5
充,5
화,5
인,5
당,5
ἢ,5
𐎠,5
չ,5
ἁ,5
Ҡ,5
Ã,5
Ð,5
Ý,5
ལ,5
學,5
熊,5
牟,5
左,5
樂,5
朱,5
魔,5
야,5
어,5
さ,5
奈,5
伏,5
順,5
色,5
세,5
事,5
集,5
魏,5
賀,5
莫,5
幹,5
漠,5
可,5
梁,5
張,5
泰,5
永,5
于,5
ṯ,5
ຈ,5
伝,5
ສ,5
ツ,5
而,5
伯,5
閭,5
如,5
弘,5
Ֆ,5
伐,5
解,5
用,5
ظ,5
伽,5
守,5
親,5
ɳ,5
へ,5
ȯ,5
가,5
宁,5
兴,5
偽,5
內,5
ḑ,5
ᾶ,5
ố,5
យ,5
ម,5
ꜧ,5
八,5
亜,5
硬,5
ƀ,4
要,4
域,4
修,4
ボ,4
ɦ,4
フ,4
レ,4
ズ,4
堂,4
心,4
コ,4
ベ,4
丹,4
条,4
温,4
宝,4
祖,4
ᛋ,4
경,4
仲,4
治,4
Ğ,4
Į,4
ἑ,4
分,4
Ҕ,4
ܘ,4
ܪ,4
Ș,4
Լ,4
პ,4
台,4
步,4
汗,4
年,4
Ʊ,4
广,4
ᛒ,4
ˆ,4
į,4
ṓ,4
ང,4
ȝ,4
Ἑ,4
メ,4
チ,4
长,4
삼,4
신,4
ʎ,4
ɟ,4
喀,4
গ,4
合,4
խ,4
黄,4
ச,4
功,4
蓋,4
同,4
远,4
ۇ,4
戦,4
Ṭ,4
Ӣ,4
ץ,4
ὔ,4
阳,4
இ,4
अ,4
Ҝ,4
ჩ,4
小,4
װ,4
紀,4
祭,4
禮,4
ष,4
ण,4
𐎹,4
𐎼,4
丘,4
極,4
Ò,4
助,4
ट,4
弁,4
当,4
ⵟ,4
今,4
雄,4
世,4
儒,4
義,4
杨,4
บ,4
ะ,4
แ,4
Ѡ,4
Ꙗ,4
Û,4
ფ,4
ド,4
あ,4
내,4
요,4
訓,4
略,4
여,4
목,4
Ꜧ,4
桃,4
や,4
妙,4
那,4
少,4
မ,4
英,4
歌,4
ख,4
汉,4
回,4
突,4
檀,4
營,4
萬,4
羽,4
稽,4
衛,4
九,4
靜,4
遼,4
陳,4
論,4
ỉ,4
ທ,4
甲,4
右,4
慶,4
立,4
身,4
ひ,4
Ƣ,4
ℓ,4
Վ,4
ზ,4
儿,4
等,4
后,4
興,4
封,4
者,4
ӹ,4
茶,4
体,4
火,4
霊,4
物,4
ړ,4
ュ,4
成,4
知,4
示,4
尉,4
Ǻ,4
け,4
母,4
ծ,4
耶,4
라,4
선,4
坊,4
È,4
姚,4
ܝ,4
钱,4
ɰ,4
源,4
용,4
伪,4
首,4
昌,4
ĉ,4
ĥ,4
ཡ,4
ช,4
ป,4
ゃ,4
ჭ,4
紙,4
花,4
署,4
恩,4
ত,4
শ,4
ক,4
歡,4
𐭥,4
々,4
Ἅ,4
區,4
ǥ,3
颜,3
ʜ,3
ᴙ,3
眞,3
寶,3
保,3
Ӈ,3
で,3
マ,3
栗,3
鼠,3
ョ,3
ソ,3
鳥,3
村,3
鉄,3
島,3
ᠵ,3
ᠰ,3
ժ,3
ɹ,3
出,3
黎,3
虎,3
資,3
𒆤,3
𒇲,3
ǣ,3
է,3
𐌱,3
ƒ,3
Ỹ,3
Ț,3
ʦ,3
Բ,3
凤,3
曆,3
宿,3
梨,3
食,3
薛,3
毛,3
Ɣ,3
Ħ,3
Ɵ,3
粤,3
越,3
總,3
Ṣ,3
ộ,3
𐤁,3
Ό,3
ケ,3
𐰇,3
烏,3
護,3
韋,3
ɤ,3
ⵎ,3
ⵉ,3
ꙁ,3
ム,3
ᛡ,3
勒,3
尔,3
第,3
鲁,3
隶,3
笛,3
ϋ,3
জ,3
気,3
連,3
歸,3
劍,3
飛,3
Ḫ,3
泊,3
고,3
ள,3
艺,3
打,3
夷,3
家,3
夜,3
ᚢ,3
Ƿ,3
Ἁ,3
ĺ,3
ɓ,3
房,3
藍,3
匹,3
龙,3
ற,3
ஃ,3
ۋ,3
ﭺ,3
Ҹ,3
ტ,3
樹,3
郎,3
ほ,3
무,3
보,3
최,3
권,3
Ŝ,3
志,3
瀬,3
信,3
泉,3
ᛇ,3
ᛞ,3
փ,3
𐭔,3
楽,3
幽,3
Ë,3
徒,3
𐎭,3
𐎺,3
准,3
干,3
Ῥ,3
ⵓ,3
尼,3
张,3
力,3
为,3
界,3
春,3
秋,3
智,3
任,3
经,3
卍,3
卐,3
ѻ,3
黃,3
セ,3
魂,3
로,3
씨,3
리,3
자,3
전,3
瓜,3
단,3
ẞ,3
ɜ,3
み,3
鈴,3
美,3
優,3
乙,3
ホ,3
ミ,3
様,3
ウ,3
宇,3
シ,3
ရ,3
င,3
종,3
べ,3
故,3
度,3
雷,3
弗,3
勿,3
赤,3
刺,3
誠,3
崇,3
撫,3
建,3
節,3
伊,3
失,3
慕,3
容,3
恭,3
雲,3
爾,3
里,3
升,3
外,3
ϯ,3
ⲣ,3
ⲛ,3
ṱ,3
च,3
ບ,3
ナ,3
ろ,3
ぐ,3
토,3
ҹ,3
ẓ,3
包,3
ŷ,3
독,3
ჷ,3
ภ,3
代,3
拼,3
程,3
貴,3
盛,3
盧,3
桂,3
婁,3
ὲ,3
ɫ,3
ʽ,3
օ,3
雅,3
熙,3
表,3
栃,3
珊,3
瑚,3
蝶,3
Ќ,3
石,3
目,3
佐,3
魚,3
経,3
戒,3
蔵,3
剛,3
理,3
ニ,3
ḇ,3
ʈ,3
ˤ,3
ٹ,3
ɺ,3
叔,3
在,3
聖,3
近,3
半,3
も,3
ご,3
聲,3
迦,3
검,3
ᵒ,3
屯,3
方,3
餘,3
Ѥ,3
ܠ,3
ὖ,3
郊,3
楚,3
桓,3
소,3
실,3
津,3
북,3
골,3
ओ,3
帯,3
ײ,3
Ԥ,3
牧,3
淄,3
期,3
ગ,3
ậ,3
ⴷ,3
更,3
ℨ,3
徽,3
Ŭ,3
ϰ,3
ʏ,3
ῠ,3
ល,3
ជ,3
ប,3
ཛ,3
ཁ,3
せ,3
ゆ,3
む,3
ど,3
ȁ,3
测,3
试,3
წ,3
ɶ,3
折,3
ꚋ,3
ꚓ,3
沐,3
ぢ,3
峡,3
处,3
陝,3
ҽ,3
惟,3
尾,3
ಜ,3
ತ,3
ನ,3
浦,3
洋,3
ヶ,3
郑,3
缠,3
尤,3
勾,3
搂,3
采,3
滚,3
脚,3
摘,3
ᠨ,3
ᠣ,3
舟,3
ম,3
ব,3
ʙ,2
隱,2
蠶,2
ヘ,2
技,2
ᐃ,2
ᓄ,2
Ӽ,2
ᑎ,2
ᖅ,2
ヨ,2
ぼ,2
ば,2
井,2
煙,2
恵,2
比,2
消,2
毒,2
牛,2
ㄧ,2
ㄨ,2
և,2
是,2
卖,2
兜,2
鹿,2
净,2
ӂ,2
ꙟ,2
Ӂ,2
钓,2
鱼,2
岛,2
耽,2
班,2
初,2
历,2
ΰ,2
ḃ,2
𐍀,2
𐍉,2
𐌳,2
𐌴,2
𐍅,2
你,2
块,2
仙,2
Ű,2
ܦ,2
ᠬ,2
ᠲ,2
ᠤ,2
培,2
夏,2
命,2
瑟,2
綾,2
贊,2
防,2
野,2
摸,2
壇,2
泥,2
訶,2
Ɓ,2
Ɗ,2
布,2
菜,2
ᚼ,2
𐤓,2
ᾱ,2
冈,2
底,2
齐,2
ཆ,2
ཚ,2
校,2
𐰛,2
𐱅,2
𐰼,2
穀,2
ⵖ,2
Ҙ,2
두,2
산,2
천,2
봉,2
峰,2
ᚻ,2
ᚾ,2
ȳ,2
ᚿ,2
ᚷ,2
臣,2
得,2
什,2
厅,2
ঙ,2
易,2
藏,2
系,2
翼,2
ճ,2
雪,2
ℝ,2
旅,2
摔,2
拿,2
ʀ,2
Ġ,2
ᚦ,2
ᚠ,2
ɸ,2
萌,2
話,2
ᛁ,2
ἥ,2
ῷ,2
ᛕ,2
ᛔ,2
族,2
ʣ,2
プ,2
ổ,2
狼,2
図,2
ᚲ,2
ᚴ,2
ὤ,2
辽,2
沈,2
ṟ,2
ஆ,2
ɻ,2
எ,2
ஒ,2
ﺠ,2
ȟ,2
輪,2
崔,2
姫,2
Ϝ,2
ぽ,2
조,2
의,2
통,2
영,2
舞,2
辺,2
素,2
隆,2
森,2
精,2
ᛠ,2
ᛚ,2
ᚱ,2
ᚪ,2
拉,2
寇,2
ც,2
ჯ,2
ᛐ,2
𐭅,2
𐭍,2
𐭓,2
珍,2
墨,2
菩,2
薩,2
ǭ,2
Ą,2
ʉ,2
ᚨ,2
ٸ,2
Ἔ,2
ῃ,2
鷹,2
計,2
劃,2
講,2
駅,2
Ί,2
ⵏ,2
蘭,2
孟,2
荀,2
佛,2
愈,2
毅,2
化,2
告,2
維,2
常,2
向,2
謙,2
Ὄ,2
ด,2
兄,2
弟,2
グ,2
対,2
ャ,2
Ռ,2
Ѻ,2
ῳ,2
Ǎ,2
Ľ,2
Ň,2
Գ,2
ธ,2
ผ,2
𐤑,2
𐤍,2
ノ,2
灯,2
에,2
책,2
학,2
생,2
열,2
해,2
민,2
저,2
𐤏,2
𐤋,2
옥,2
편,2
법,2
녀,2
모,2
과,2
Ļ,2
Ņ,2
柏,2
ヤ,2
デ,2
エ,2
彼,2
ⱄ,2
တ,2
ㅈ,2
浪,2
頭,2
隊,2
警,2
察,2
撑,2
犁,2
習,2
撃,2
斤,2
敖,2
曹,2
摩,2
曲,2
便,2
活,2
奚,2
谷,2
傑,2
吒,2
楊,2
健,2
燕,2
章,2
帥,2
兆,2
尹,2
諸,2
尚,2
庵,2
ⲡ,2
ⲉ,2
ⲓ,2
ⲃ,2
ⲁ,2
ⲩ,2
ⲟ,2
ѷ,2
छ,2
沱,2
怪,2
術,2
流,2
ỳ,2
ຊ,2
葉,2
死,2
継,2
晩,2
ཀ,2
ﻳ,2
ﻣ,2
ᛉ,2
ᛦ,2
Ջ,2
Ղ,2
終,2
Ӆ,2
ӭ,2
ἕ,2
零,2
몽,2
始,2
諧,2
來,2
蔡,2
風,2
耿,2
臨,2
淵,2
丸,2
官,2
侍,2
馮,2
次,2
勣,2
儉,2
振,2
待,2
鄒,2
衣,2
晉,2
弦,2
社,2
登,2
ﬁ,2
統,2
Ŏ,2
ङ,2
ṁ,2
斗,2
ջ,2
密,2
雨,2
非,2
语,2
华,2
说,2
昔,2
鏡,2
峠,2
広,2
働,2
鸟,2
医,2
蝴,2
細,2
鐘,2
ಠ,2
药,2
钅,2
气,2
御,2
遺,2
奉,2
禅,2
果,2
遍,2
照,2
来,2
範,2
顕,2
額,2
秘,2
万,2
絵,2
状,2
派,2
起,2
岳,2
巫,2
ځ,2
ȋ,2
ښ,2
ږ,2
څ,2
ڑ,2
ڈ,2
ʐ,2
ـ,2
ؤ,2
ꞑ,2
帶,2
ῥ,2
琴,2
提,2
ガ,2
面,2
ぁ,2
ㅇ,2
柯,2
狗,2
麗,2
險,2
우,2
鮮,2
譜,2
牌,2
邑,2
菟,2
遂,2
仇,2
동,2
沃,2
沮,2
본,2
置,2
溝,2
루,2
跌,2
ܕ,2
ܩ,2
鄞,2
余,2
庆,2
塘,2
发,2
방,2
말,2
Ҁ,2
连,2
环,2
共,2
미,2
디,2
持,2
威,2
願,2
掠,2
槊,2
나,2
진,2
ᱟ,2
번,2
留,2
鉗,2
Ⱒ,2
ｙ,2
說,2
朋,2
ワ,2
ビ,2
葵,2
味,2
吡,2
芥,2
직,2
할,2
轄,2
જ,2
ર,2
ત,2
ư,2
礼,2
拜,2
ⴳ,2
ⴻ,2
ⵢ,2
ⵔ,2
ⵣ,2
币,2
ἶ,2
見,2
ṗ,2
Ĉ,2
﨑,2
ϛ,2
Ϛ,2
ະ,2
ອ,2
ດ,2
ϳ,2
ế,2
ह,2
ព,2
ខ,2
ឱ,2
ហ,2
គ,2
ぱ,2
ぶ,2
然,2
開,2
ڮ,2
ກ,2
ꚉ,2
ԫ,2
ჲ,2
ჳ,2
ჶ,2
猕,2
ょ,2
ゐ,2
ゑ,2
ゔ,2
鼻,2
稲,2
妻,2
齊,2
鄭,2
满,2
ꙑ,2
陕,2
蜀,2
町,2
ⱬ,2
ℕ,2
耳,2
線,2
প,2
ঞ,2
ཤ,2
ꚏ,2
ꚅ,2
ꚗ,2
ჰ,2
モ,2
秀,2
識,2
ಯ,2
ರ,2
拓,2
拔,2
形,2
休,2
澄,2
覺,2
着,2
草,2
老,2
细,2
种,2
𐭫,2
𐭰,2
𐭠,2
𐭭,2
迹,2
仏,2
喬,2
熟,2
寸,2
重,2
箱,2
米,2
情,2
阪,2
朗,2
短,2
捋,2
鸳,2
鸯,2
总,2
敌,2
敵,2
门,2
嘗,2
園,2
檗,2
普,2
瑞,2
黔,2
陀,2
畿,2
계,2
戀,2
奶,2
伎,2
ষ,2
য,2
ট,2
ল,2
স,2
চ,2
完,1
琳,1
梵,1
量,1
唵,1
撒,1
娇,1
灰,1
闌,1
孤,1
兒,1
感,1
應,1
桑,1
輯,1
景,1
陶,1
錄,1
標,1
準,1
科,1
报,1
楨,1
雞,1
肉,1
ċ,1
ṡ,1
ṫ,1
ᑦ,1
ᕋ,1
ᐅ,1
ᓯ,1
ᑖ,1
Ⰰ,1
豊,1
ふ,1
階,1
寿,1
壊,1
尻,1
ゲ,1
福,1
蛾,1
ㄅ,1
ㄆ,1
ㄇ,1
ㄈ,1
ㄩ,1
ㄣ,1
ㄢ,1
ը,1
息,1
媯,1
條,1
枝,1
軒,1
爵,1
ප,1
ණ,1
ඩ,1
ක,1
භ,1
ය,1
童,1
ʆ,1
ǀ,1
ǁ,1
ĸ,1
壌,1
董,1
舒,1
鑑,1
邓,1
闳,1
颛,1
顼,1
Ώ,1
ḧ,1
Ϲ,1
ᾍ,1
𒀭,1
𒇸,1
𒆠,1
𒂖,1
𒇽,1
𒊩,1
附,1
種,1
側,1
𐍆,1
𐍄,1
𐌸,1
𐌾,1
𐌲,1
欢,1
迎,1
澳,1
亚,1
Ƒ,1
ރ,1
銭,1
買,1
賣,1
买,1
Ԡ,1
ԡ,1
Ԣ,1
ԣ,1
Ꚋ,1
ܗ,1
ܓ,1
Ը,1
ᠢ,1
ᠶ,1
跑,1
腿,1
贵,1
邹,1
贞,1
纪,1
洪,1
ἦ,1
頗,1
鑌,1
鐵,1
醫,1
栎,1
殺,1
忽,1
遏,1
勃,1
円,1
錢,1
ⱱ,1
Ɖ,1
Ʃ,1
Ʋ,1
Ɑ,1
Ƈ,1
Ǝ,1
Ɠ,1
Ɯ,1
Ɱ,1
Ɲ,1
Ʈ,1
Ʒ,1
Ɽ,1
管,1
嶺,1
承,1
劇,1
剧,1
އ,1
ތ,1
ޅ,1
𐤀,1
𐤕,1
Զ,1
थ,1
ہ,1
좌,1
角,1
𐰜,1
𐰰,1
ṽ,1
パ,1
ⵥ,1
류,1
ᚺ,1
ᛀ,1
ᚸ,1
錫,1
疏,1
佉,1
题,1
磐,1
裴,1
祅,1
噶,1
疆,1
Ⱛ,1
হ,1
Ἥ,1
辞,1
传,1
亦,1
殘,1
晋,1
간,1
된,1
강,1
鳖,1
坡,1
ە,1
踢,1
蝦,1
농,1
악,1
浑,1
ᚧ,1
ᚣ,1
ᚥ,1
ᚤ,1
ᚡ,1
滿,1
畢,1
ʹ,1
ᚹ,1
ƿ,1
ᛂ,1
ḳ,1
ᛃ,1
ᛄ,1
ᛅ,1
ᛈ,1
ᛢ,1
赫,1
哲,1
抚,1
饶,1
ブ,1
ₑ,1
ₔ,1
禺,1
ې,1
ێ,1
ὦ,1
ϖ,1
場,1
ˇ,1
ɢ,1
ấ,1
𐌂,1
ᚳ,1
ᚵ,1
ᚶ,1
て,1
ᛓ,1
𐌁,1
铁,1
岭,1
奥,1
அ,1
உ,1
ὥ,1
ﻋ,1
ﻢ,1
Ḳ,1
轉,1
深,1
柧,1
惣,1
椚,1
ϝ,1
ὢ,1
満,1
랑,1
손,1
예,1
지,1
급,1
격,1
파,1
연,1
맹,1
芝,1
速,1
厚,1
滝,1
戸,1
壬,1
屋,1
未,1
央,1
紫,1
ᛟ,1
ᛗ,1
ᛖ,1
萨,1
倭,1
왜,1
𐎧,1
Ė,1
ᛑ,1
ϸ,1
𐭊,1
𐭇,1
𐭕,1
就,1
却,1
阎,1
膏,1
ﺫ,1
憑,1
異,1
姑,1
丞,1
粟,1
煎,1
Ń,1
Ǫ,1
Ř,1
ɞ,1
ṕ,1
ᚯ,1
ᚬ,1
ᚩ,1
ᚫ,1
ᚰ,1
ᚮ,1
ⁿ,1
ӟ,1
ﺀ,1
ȗ,1
惡,1
獵,1
丫,1
头,1
Ὑ,1
𐎤,1
𐎽,1
糒,1
飯,1
ⵙ,1
ⵡ,1
ⴱ,1
አ,1
ማ,1
ር,1
ኛ,1
병,1
철,1
건,1
희,1
邦,1
劢,1
複,1
觀,1
敬,1
隸,1
傳,1
微,1
緯,1
壁,1
莽,1
瑪,1
竇,1
实,1
录,1
有,1
氣,1
復,1
继,1
奎,1
注,1
Ǧ,1
悪,1
飽,1
猛,1
過,1
ゴ,1
ピ,1
ḩ,1
爲,1
狄,1
杰,1
佩,1
Խ,1
Ӝ,1
ӝ,1
Ɉ,1
ɉ,1
Ӡ,1
Ď,1
Ť,1
𐤃,1
𐤅,1
叠,1
尸,1
ढ,1
ठ,1
관,1
심,1
히,1
그,1
래,1
같,1
녁,1
먹,1
했,1
온,1
즈,1
믄,1
양,1
섯,1
마,1
𐤇,1
니,1
辛,1
姓,1
름,1
궁,1
울,1
畓,1
논,1
답,1
乭,1
㸴,1
怾,1
媤,1
曺,1
㕦,1
夻,1
巭,1
娚,1
頉,1
탈,1
䭏,1
哛,1
뿐,1
약,1
印,1
刷,1
凡,1
범,1
ǚ,1
란,1
牡,1
ϐ,1
ǂ,1
片,1
桐,1
橘,1
玲,1
く,1
嵐,1
由,1
早,1
綿,1
貫,1
響,1
芹,1
沢,1
茜,1
晶,1
ネ,1
宙,1
ⰿ,1
ⱗ,1
ⱁ,1
ⱂ,1
ⱆ,1
ⱅ,1
ⱏ,1
ဍ,1
န,1
ည,1
ဒ,1
သ,1
夕,1
ㅉ,1
喋,1
街,1
快,1
餐,1
車,1
爺,1
迷,1
攻,1
續,1
圆,1
匈,1
谓,1
演,1
業,1
浜,1
萇,1
灵,1
靺,1
鞨,1
辰,1
悉,1
鬱,1
潔,1
軌,1
俟,1
託,1
會,1
窟,1
哥,1
據,1
男,1
峭,1
彈,1
獨,1
逢,1
芬,1
問,1
芮,1
墜,1
辱,1
卜,1
枯,1
離,1
盡,1
榮,1
翽,1
思,1
納,1
麞,1
攸,1
宜,1
駱,1
務,1
整,1
冀,1
陸,1
積,1
蘇,1
宏,1
暉,1
硤,1
潞,1
頡,1
發,1
啜,1
酺,1
析,1
嗣,1
進,1
娑,1
於,1
郁,1
邵,1
廬,1
含,1
浚,1
悔,1
剌,1
乾,1
范,1
楷,1
屈,1
戍,1
麾,1
欽,1
ᵑ,1
衡,1
虛,1
ⲗ,1
ⲱ,1
ẖ,1
탕,1
ḿ,1
ຣ,1
ﾗ,1
ﾌ,1
ﾞ,1
ѱ,1
ए,1
扬,1
び,1
裏,1
剣,1
ໄ,1
ມ,1
え,1
臈,1
総,1
施,1
棠,1
빅,1
르,1
ﮑ,1
ﻴ,1
ﻨ,1
ﯽ,1
ﻞ,1
ﻼ,1
ﺰ,1
ҝ,1
ᛝ,1
ᛜ,1
ᛧ,1
ᛊ,1
𐌔,1
𐤔,1
Ծ,1
Շ,1
Ց,1
Ձ,1
念,1
람,1
ɥ,1
Ẅ,1
暦,1
Ӭ,1
ª,1
ℑ,1
ℭ,1
𐍂,1
ɚ,1
硃,1
焉,1
違,1
騶,1
懿,1
沸,1
赬,1
峴,1
頎,1
棘,1
參,1
柵,1
敷,1
驃,1
騎,1
豐,1
駒,1
衝,1
擊,1
斛,1
難,1
契,1
苾,1
薑,1
吳,1
黑,1
闥,1
岩,1
傅,1
进,1
达,1
徹,1
灼,1
龐,1
郭,1
偘,1
謹,1
對,1
沛,1
簿,1
帛,1
疋,1
罗,1
絕,1
灌,1
피,1
吹,1
蘆,1
稷,1
盟,1
禭,1
Ⱚ,1
炉,1
裂,1
病,1
調,1
症,1
Ԓ,1
ỏ,1
ẟ,1
樞,1
禦,1
嚴,1
騙,1
體,1
𐎶,1
𐎦,1
ᵞ,1
戈,1
誹,1
柑,1
甘,1
蚶,1
又,1
益,1
类,1
韵,1
丨,1
亅,1
丿,1
𪚥,1
䨻,1
辻,1
転,1
转,1
车,1
场,1
ﺭ,1
批,1
把,1
鼗,1
Ϧ,1
ϧ,1
钼,1
勤,1
操,1
釈,1
衍,1
叙,1
内,1
供,1
醴,1
請,1
録,1
乗,1
趣,1
苑,1
僧,1
住,1
鑰,1
燈,1
綱,1
続,1
扁,1
覚,1
巻,1
醍,1
醐,1
縁,1
厨,1
闍,1
付,1
猷,1
ۍ,1
ɖ,1
ڼ,1
ډ,1
ټ,1
招,1
ℱ,1
纥,1
征,1
鯉,1
褒,1
至,1
己,1
戰,1
殆,1
兵,1
诡,1
也,1
裝,1
Ժ,1
Ճ,1
Ｎ,1
Ｋ,1
籠,1
鶴,1
亀,1
滑,1
ㆁ,1
ㆇ,1
ㆈ,1
ㆊ,1
ㆋ,1
초,1
중,1
ㄱ,1
ㅡ,1
ㄴ,1
엄,1
刊,1
倻,1
락,1
駕,1
洛,1
량,1
려,1
략,1
ὼ,1
ῇ,1
ɱ,1
蒼,1
戴,1
漁,1
肜,1
夔,1
煥,1
諷,1
詔,1
責,1
禍,1
丈,1
弓,1
弱,1
명,1
臺,1
졸,1
卒,1
吉,1
물,1
길,1
치,1
縣,1
径,1
糎,1
砲,1
役,1
槃,1
延,1
ܥ,1
ܟ,1
ܚ,1
현,1
現,1
정,1
ϕ,1
句,1
鄮,1
盐,1
绍,1
数,1
记,1
遗,1
临,1
联,1
产,1
业,1
开,1
絲,1
丝,1
竺,1
兩,1
銖,1
昴,1
鲋,1
涉,1
黐,1
Ẽ,1
Ĩ,1
Ũ,1
언,1
투,1
ǧ,1
ሃ,1
ϥ,1
ҁ,1
환,1
因,1
웅,1
군,1
殷,1
育,1
洲,1
狂,1
Ἱ,1
图,1
ペ,1
聞,1
動,1
遊,1
戲,1
庫,1
辭,1
享,1
뉴,1
스,1
낱,1
집,1
배,1
움,1
터,1
교,1
게,1
임,1
작,1
험,1
乐,1
库,1
闻,1
词,1
ሠ,1
ϣ,1
映,1
毗,1
賢,1
涅,1
盤,1
漣,1
久,1
前,1
藥,1
陪,1
點,1
客,1
舍,1
綢,1
箜,1
篌,1
竽,1
篪,1
樗,1
蒲,1
弄,1
珠,1
握,1
奕,1
棋,1
簷,1
魯,1
募,1
품,1
덕,1
啄,1
評,1
洗,1
ᱥ,1
ᱱ,1
ᱛ,1
ᱞ,1
ᱤ,1
ܡ,1
ܨ,1
행,1
상,1
洒,1
げ,1
紐,1
坠,1
彫,1
袋,1
ᾳ,1
Ｍ,1
Ｌ,1
ｏ,1
ｖ,1
ｅ,1
ｍ,1
ｓ,1
ａ,1
ｉ,1
ｎ,1
ｔ,1
Ԯ,1
Ҭ,1
Ӌ,1
ギ,1
工,1
矿,1
惠,1
潍,1
จ,1
末,1
绿,1
創,1
価,1
Ѹ,1
특,1
별,1
別,1
광,1
역,1
ױ,1
ܢ,1
Չ,1
ả,1
ủ,1
ⴼ,1
Ḍ,1
欧,1
吗,1
ﻫ,1
ﺎ,1
ἓ,1
絹,1
梅,1
𒍢,1
𒁉,1
友,1
辉,1
ᾷ,1
ᾴ,1
睦,1
ơ,1
ĳ,1
Ϊ,1
宅,1
ʑ,1
Ĝ,1
Ĥ,1
Ĵ,1
崎,1
夢,1
Ӓ,1
ॐ,1
າ,1
ງ,1
ວ,1
Ϳ,1
ϒ,1
Ѩ,1
Ѭ,1
Ѯ,1
Ѱ,1
ἤ,1
ῡ,1
Ὁ,1
千,1
ざ,1
ぬ,1
ぷ,1
そ,1
遠,1
輩,1
殿,1
選,1
额,1
拘,1
彌,1
獲,1
往,1
鞮,1
蛇,1
鯷,1
儀,1
ˊ,1
ڬ,1
ʥ,1
ʨ,1
Ϙ,1
Ę,1
Ģ,1
Ķ,1
Ő,1
ɗ,1
Ƙ,1
ƙ,1
ﻻ,1
ڥ,1
ﭙ,1
झ,1
ệ,1
ษ,1
ำ,1
ณ,1
ญ,1
ȧ,1
ӫ,1
茄,1
汁,1
Ӕ,1
ჽ,1
叶,1
候,1
ǻ,1
竜,1
ね,1
ぇ,1
ヰ,1
ヱ,1
उ,1
雜,1
則,1
眾,1
屑,1
詒,1
讓,1
ꙃ,1
ḡ,1
晏,1
嬰,1
產,1
ﬂ,1
間,1
师,1
Ě,1
版,1
バ,1
冏,1
座,1
砭,1
肺,1
输,1
甫,1
謐,1
ⱪ,1
ꝗ,1
ӿ,1
Ⱬ,1
済,1
袖,1
ハ,1
ड,1
碗,1
扒,1
祥,1
朵,1
眼,1
炸,1
糕,1
柳,1
भ,1
館,1
অ,1
ཟ,1
嶋,1
ꚃ,1
ꚍ,1
ꚕ,1
ԛ,1
ᴇ,1
ჟ,1
ყ,1
ჾ,1
ჿ,1
Ҧ,1
褘,1
赭,1
ŵ,1
荷,1
豬,1
庸,1
禁,1
磨,1
杞,1
ಭ,1
湖,1
汇,1
泾,1
ǽ,1
綽,1
皝,1
型,1
嘉,1
詧,1
巋,1
琮,1
莒,1
愍,1
銑,1
襦,1
袢,1
履,1
呂,1
粲,1
𐭉,1
蓮,1
観,1
発,1
莨,1
婦,1
麩,1
製,1
腺,1
椅,1
多,1
湯,1
桶,1
叡,1
報,1
傘,1
点,1
根,1
岡,1
阜,1
埼,1
茨,1
媛,1
許,1
慎,1
象,1
訳,1
説,1
電,1
霜,1
詩,1
需,1
仝,1
霞,1
関,1
箇,1
媽,1
検,1
試,1
験,1
韩,1
背,1
奇,1
籍,1
最,1
甚,1
孙,1
恒,1
且,1
佑,1
靠,1
难,1
绵,1
飞,1
疾,1
磕,1
怀,1
崩,1
潭,1
漏,1
贯,1
贴,1
冲,1
强,1
势,1
窝,1
剖,1
锤,1
捆,1
入,1
姜,1
软,1
意,1
戳,1
昭,1
桜,1
若,1
遐,1
穂,1
姉,1
ὗ,1
尺,1
ﻙ,1
ﮒ,1
ﯓ,1
料,1
안,1
勸,1
靈,1
팔,1
달,1
两,1
岸,1
军,1
介,1
巡,1
艾,1
潘,1
ᠡ,1
ᠦ,1
ᠷ,1
ᠯ,1
Ꙑ,1
堅,1
昆,1
居,1
結,1
敦,1
裕,1
栖,1
갑,1
幡,1
称,1
屠,1
杀,1
农,1
翁,1
滃,1
嵊,1
泗,1
列,1
衢,1
ಮ,1
ಸ,1
泓,1
載,1
堉,1
希,1
望,1
藻,1
傾,1
鎖,1
秧,1
ḵ,1
臥,1
季,1
煕,1
အ,1
ဝ,1
挽,1
銀,1
ぎ,1
薙,1
漿,1
乳,1
则,1
藝,1
घ,1
弥,1
浄,1
兼,1
格,1
祐,1
琪,1
曾,1
云,1
ফ,1
ৎ,1
ভ,1
