า,9918715
น,8855164
ร,8036542
อ,6342156
ก,6231093
เ,5988903
ง,5765784
ม,5003973
ย,4062002
ล,3983296
ว,3803797
ด,3571077
ท,3413560
ส,3142526
ต,3030844
ะ,2845728
ป,2754514
บ,2663855
ห,2445486
ค,2444250
แ,2346831
จ,2098710
พ,2009317
ช,1712031
ใ,1684693
ข,1671725
ไ,1446826
โ,1237470
ศ,1037397
ำ,1008290
ซ,710527
ถ,630092
ธ,540189
ภ,501480
ผ,491079
ณ,489251
ษ,487654
e,420402
ญ,404906
a,368613
ฟ,321292
i,316505
o,304239
n,287576
r,279340
t,253280
s,207727
ฐ,202296
l,192007
ฮ,146737
c,133824
u,129306
ๆ,125839
h,121823
ฉ,117435
ฤ,114845
d,114813
m,108364
ฝ,102085
p,79932
g,79775
ฏ,72513
y,71116
S,68442
C,61176
ฎ,60764
A,60734
T,52944
f,52723
ฒ,52358
M,48060
b,47410
P,41769
B,39941
k,39785
v,38147
I,34626
D,34474
E,34464
ฬ,34122
ฑ,33527
R,33282
w,30908
L,29449
ฆ,29055
N,28598
H,27532
G,27438
W,27137
F,26812
ฯ,25285
O,24703
K,16442
x,16111
V,15632
U,13039
J,12946
z,12110
Y,8367
ฌ,7257
X,6605
j,6561
q,4282
Z,3969
Q,2740
é,2191
ا,1025
á,1018
ō,973
ā,852
α,814
ๅ,788
ل,726
ー,617
の,595
а,569
ó,549
ο,535
ü,529
í,479
ン,472
à,470
王,464
ö,461
大,454
ς,444
о,443
è,439
и,438
م,428
ν,419
ر,412
ي,412
ī,406
ن,405
ρ,382
ū,372
λ,356
н,354
е,352
ι,347
р,346
ε,342
μ,332
π,328
τ,310
ä,306
ú,303
و,297
イ,285
ب,277
天,270
ル,270
с,263
د,262
子,259
中,249
κ,248
ラ,243
É,240
ì,238
ē,237
β,237
ス,237
人,236
л,233
い,233
σ,226
θ,225
ç,224
太,224
т,220
в,219
γ,217
រ,216
帝,215
國,215
к,213
皇,211
ฃ,209
ی,208
س,207
ა,207
李,202
र,200
ฅ,197
山,195
â,194
ク,191
ع,189
δ,175
国,174
后,174
リ,174
ت,170
ト,170
ω,168
ə,168
な,164
ه,163
φ,159
ό,154
宗,153
ô,152
ッ,152
이,152
公,151
д,151
ê,150
文,150
ί,149
м,148
æ,148
三,147
ស,146
平,145
神,144
金,143
ح,143
武,142
之,142
江,141
南,141
一,139
ア,139
海,138
新,136
朝,133
म,132
州,132
न,132
日,131
ǐ,131
υ,130
学,129
元,129
明,128
ダ,128
у,127
ة,127
ន,127
シ,127
왕,127
त,126
η,126
क,126
か,125
ò,123
ド,123
女,123
ジ,122
し,122
ˈ,121
カ,121
š,121
ん,120
劉,119
ǎ,119
西,118
安,118
光,118
ف,118
ម,117
대,117
家,117
ά,116
城,116
С,114
た,113
高,113
ロ,112
漢,111
ñ,111
道,111
व,109
小,109
レ,108
ق,108
य,106
戦,106
り,106
Đ,105
ら,105
რ,105
マ,105
າ,105
я,104
田,104
ø,104
Δ,104
宋,103
ǔ,103
る,103
ក,102
ɪ,101
う,101
オ,100
五,100
ù,100
ャ,99
上,96
ウ,96
世,96
生,96
バ,96
ム,95
ฦ,95
ទ,94
に,94
ː,93
君,93
北,92
ج,92
ß,91
キ,90
花,90
地,90
華,90
б,89
真,89
仁,89
和,89
ガ,88
東,88
不,87
月,87
ë,87
川,86
水,86
福,86
グ,86
タ,86
民,86
馬,85
स,84
ჷ,84
ã,83
代,83
軍,83
ή,83
法,83
白,83
く,83
й,83
დ,82
វ,82
έ,81
п,81
德,81
А,81
原,81
ك,81
정,80
ង,80
г,80
京,79
長,79
フ,79
Р,79
は,79
と,79
ы,78
本,78
四,78
陽,78
ប,78
ă,77
ィ,77
き,77
ı,77
忠,77
成,76
美,76
ნ,76
χ,75
ć,75
မ,75
市,74
夜,74
パ,74
군,73
ش,73
ě,72
宮,72
ط,72
年,72
č,72
ງ,72
ł,71
士,71
さ,71
を,71
의,71
院,71
治,70
少,70
張,70
春,70
인,70
ი,70
ь,70
星,70
エ,70
つ,69
龍,69
主,69
河,69
青,69
ल,69
字,69
デ,69
時,68
ブ,68
テ,68
प,68
ύ,68
ត,68
十,67
趙,67
氏,67
心,67
司,67
ह,67
正,67
з,67
コ,67
द,67
林,66
的,66
ч,66
れ,66
ニ,66
В,66
أ,65
ễ,65
უ,65
後,65
も,65
門,64
ư,64
お,64
み,64
ま,64
ð,64
К,63
원,63
ナ,63
葉,63
î,62
重,62
空,62
サ,62
င,62
て,61
한,61
김,61
音,61
ک,61
清,61
ນ,61
都,60
二,60
아,60
火,59
縣,59
八,59
有,59
ग,59
え,59
あ,59
無,59
周,58
후,58
리,58
が,58
ズ,58
メ,58
ち,58
خ,58
下,57
ノ,57
藤,57
義,57
チ,57
野,57
木,56
孝,56
者,56
区,56
ວ,56
陳,55
省,55
英,55
ព,54
モ,54
ý,54
六,54
ʰ,54
Ω,53
如,53
陵,53
唐,53
신,53
志,53
ص,53
魔,53
ו,53
阮,52
사,52
국,52
ビ,52
羅,52
風,52
語,52
ز,52
行,52
Т,52
י,52
µ,52
ະ,52
方,51
妃,51
朱,51
よ,51
史,51
黃,51
す,51
政,51
å,51
Б,51
성,51
យ,51
Г,50
ž,50
ュ,50
조,50
界,50
松,50
愛,50
ज,50
א,50
書,50
서,49
玉,49
我,49
面,49
공,49
事,49
ო,49
수,49
越,48
昌,48
ʔ,48
黄,48
族,48
郎,48
舞,48
情,48
М,48
島,48
ר,48
ï,47
祖,47
ŋ,47
ệ,47
見,47
ს,47
九,47
ц,47
最,47
親,47
石,47
府,46
경,46
ś,46
セ,46
ハ,46
지,46
자,46
校,46
တ,46
赤,46
ດ,46
ມ,46
ब,45
機,45
ლ,45
주,45
û,45
会,45
プ,45
ж,45
华,45
Σ,44
園,44
종,44
다,44
永,44
Á,44
ṭ,44
ຊ,44
秦,43
信,43
ơ,43
ş,43
こ,43
श,43
ზ,43
И,43
手,43
け,43
梁,43
古,43
ກ,43
П,43
寺,43
源,43
流,43
動,42
ɛ,42
န,42
色,42
奇,42
徳,41
惠,41
夏,41
គ,41
ザ,41
장,41
Ö,41
物,41
구,41
х,41
間,41
里,41
동,41
せ,41
楊,41
師,41
ອ,41
ى,40
良,40
自,40
秋,40
定,40
시,40
犬,40
記,40
고,40
康,40
나,40
部,40
ョ,40
ミ,40
스,40
景,39
楚,39
湖,39
ξ,39
ល,39
立,39
기,39
郡,39
利,39
秀,39
도,39
千,39
라,39
慶,38
Π,38
ạ,38
ʃ,38
소,38
씨,38
제,38
香,38
თ,38
雲,38
雄,38
百,38
昭,38
へ,38
洪,38
Д,38
御,38
っ,38
仮,38
ל,38
可,38
ເ,38
ລ,38
إ,37
ث,37
盛,37
土,37
何,37
相,37
順,37
七,37
台,37
建,37
黒,37
ה,37
泰,37
龙,37
Н,37
ရ,37
غ,37
通,37
园,37
ჽ,37
夫,36
章,36
ṣ,36
선,36
ァ,36
ケ,36
ゴ,36
Κ,36
合,36
Ō,36
慈,36
夢,36
宇,36
で,36
化,36
虎,36
村,36
စ,36
理,36
名,36
문,35
县,35
仙,35
鄭,35
អ,35
ả,35
მ,35
吉,35
嘉,35
안,35
우,35
敬,35
聖,35
条,35
비,35
လ,35
ជ,35
叉,35
ჿ,35
度,34
민,34
工,34
隆,34
會,34
ე,34
ḥ,34
侯,34
場,34
သ,34
死,34
孫,34
宣,34
ボ,34
連,34
어,34
全,34
怪,34
О,34
前,33
东,33
思,33
ố,33
進,33
ェ,33
老,33
박,33
Š,33
ğ,33
郭,33
超,33
命,33
電,33
刀,33
經,33
ສ,33
阿,33
戰,32
車,32
傳,32
是,32
貞,32
ị,32
社,32
Å,32
臣,32
橋,32
ギ,32
ɔ,32
ष,32
使,32
남,32
מ,32
出,32
弾,32
ヒ,32
ш,32
ʊ,32
同,31
汉,31
玄,31
仲,31
將,31
가,31
式,31
や,31
作,31
吳,31
梅,31
长,31
하,31
力,31
波,31
က,31
め,31
飛,31
廣,31
蘭,31
视,31
輪,31
線,31
魏,31
ण,31
寧,30
Ε,30
ώ,30
節,30
わ,30
윤,30
세,30
ń,30
ベ,30
娘,30
ツ,30
保,30
ど,30
歌,30
ת,30
共,30
张,30
特,30
ພ,30
撃,30
ხ,30
恭,29
苏,29
知,29
外,29
영,29
Θ,29
요,29
і,29
紅,29
将,29
吴,29
だ,29
ζ,29
そ,29
殿,29
体,29
路,29
ហ,29
烈,28
阳,28
樂,28
ច,28
ế,28
연,28
沙,28
第,28
多,28
演,28
姫,28
ħ,28
ပ,28
斬,28
堂,28
曹,28
ភ,28
學,27
顯,27
შ,27
유,27
宝,27
劇,27
言,27
草,27
Č,27
무,27
胡,27
今,27
전,27
치,27
루,27
Ç,27
Ø,27
内,27
勝,27
च,27
ש,27
所,27
ທ,27
ធ,27
ɴ,27
萬,26
韓,26
崔,26
典,26
許,26
진,26
ɕ,26
在,26
貴,26
상,26
ピ,26
殺,26
伝,26
ע,26
ő,26
화,26
若,26
森,26
魚,26
佛,26
ध,26
街,26
ъ,26
區,25
徐,25
炎,25
賢,25
ʒ,25
đ,25
ខ,25
अ,25
守,25
懿,25
ペ,25
ネ,25
ひ,25
ذ,25
ŏ,25
보,25
포,25
雷,25
爱,25
じ,25
语,25
Л,25
悪,25
ṃ,25
ầ,24
黎,24
茶,24
У,24
ヨ,24
ず,24
官,24
烏,24
ट,24
천,24
마,24
로,24
団,24
以,24
非,24
Ü,23
ふ,23
兵,23
蕭,23
羽,23
基,23
承,23
Λ,23
局,23
გ,23
آ,23
ʻ,23
影,23
喜,23
港,23
방,23
ヴ,23
身,23
起,23
ろ,23
충,23
説,23
ј,23
电,23
谷,23
Ἀ,23
口,23
ར,23
ヤ,23
別,23
ǒ,23
來,23
Ā,23
ṇ,23
ض,23
랑,23
ც,23
你,22
狄,22
善,22
현,22
尹,22
Ф,22
ゼ,22
角,22
蘇,22
丹,22
师,22
精,22
董,22
銀,22
母,22
ゆ,22
Я,22
伯,22
伊,22
Β,22
भ,22
Х,22
寶,22
ォ,22
트,22
乐,22
回,22
井,22
ゃ,22
陈,22
ἀ,22
齊,22
부,22
ộ,22
密,22
ồ,22
能,22
包,22
球,22
奖,22
Ш,22
ą,21
藩,21
衛,21
左,21
Ś,21
隊,21
릉,21
ფ,21
순,21
友,21
З,21
む,21
Æ,21
集,21
ɑ,21
党,21
智,21
屋,21
э,21
令,21
乱,21
ῖ,21
최,21
ܐ,21
에,21
業,21
芳,21
해,21
광,21
일,21
은,21
蔡,21
宙,21
涼,21
ב,21
ປ,21
ф,21
商,20
普,20
獄,20
ソ,20
画,20
比,20
目,20
那,20
중,20
楽,20
雪,20
는,20
常,20
徽,20
ψ,20
ས,20
賊,20
ˌ,20
興,20
ဒ,20
ແ,20
க,20
爆,20
号,20
程,19
戸,19
呂,19
尊,19
議,19
解,19
嬪,19
ბ,19
統,19
Î,19
云,19
始,19
獣,19
İ,19
ㄧ,19
ˋ,19
鬼,19
剣,19
勇,19
来,19
ည,19
ю,19
秘,19
Ц,19
交,19
教,19
양,19
双,19
未,19
血,19
호,19
ຍ,19
ຕ,19
ຫ,19
黨,19
術,19
頭,18
袁,18
弘,18
食,18
衣,18
예,18
甲,18
穆,18
功,18
산,18
近,18
Χ,18
臺,18
紀,18
门,18
居,18
開,18
ء,18
儀,18
燕,18
鉄,18
運,18
雨,18
館,18
ŭ,18
ṅ,18
尾,18
次,18
男,18
鳥,18
柳,18
直,18
封,18
科,18
探,18
थ,18
處,18
走,18
菜,17
說,17
富,17
藏,17
傑,17
ដ,17
鎮,17
Ó,17
ḍ,17
季,17
ワ,17
辛,17
교,17
홍,17
ę,17
分,17
紫,17
ན,17
계,17
嚴,17
蜜,17
版,17
べ,17
靖,17
晉,17
端,17
ば,17
ɡ,17
編,17
央,17
謎,17
話,17
猿,17
久,17
ק,17
ד,17
태,17
강,17
용,17
북,17
گ,17
游,17
Μ,17
憲,17
先,17
刘,17
博,17
亂,17
恩,17
鳳,17
組,17
Α,17
拉,17
頼,17
泉,17
觀,17
ບ,17
ຣ,17
员,17
အ,17
Е,17
反,17
尼,16
易,16
韋,16
洞,16
송,16
노,16
論,16
禧,16
헌,16
战,16
བ,16
菩,16
风,16
祥,16
황,16
丘,16
陸,16
桂,16
び,16
애,16
達,16
ئ,16
雙,16
初,16
曲,16
拳,16
Τ,16
ʿ,16
ポ,16
俊,16
也,16
ང,16
逆,16
孙,16
반,16
Φ,16
于,16
黑,16
ա,16
镇,16
þ,16
旗,16
等,16
爾,16
말,16
ຽ,16
Ä,16
ப,16
ჶ,16
ჰ,16
摩,15
赵,15
則,15
店,15
ấ,15
范,15
õ,15
Â,15
희,15
延,15
ვ,15
落,15
ག,15
寿,15
際,15
曾,15
遼,15
莊,15
入,15
品,15
船,15
œ,15
聞,15
獻,15
ㄨ,15
客,15
遊,15
胤,15
명,15
遠,15
岳,15
ခ,15
浪,15
크,15
布,15
池,15
革,15
關,15
ţ,15
야,15
璋,15
ホ,15
派,15
為,15
茂,15
系,15
變,15
宜,15
格,15
淑,15
顔,15
ណ,15
ן,15
ṛ,15
을,15
陰,15
ё,15
剧,15
ဗ,15
了,15
ˑ,15
Ч,15
ʼ,15
ჲ,15
º,14
速,14
佐,14
姬,14
齐,14
鄉,14
哲,14
广,14
ậ,14
總,14
ⴰ,14
빈,14
임,14
ქ,14
豆,14
庄,14
婆,14
童,14
ヘ,14
総,14
传,14
ゲ,14
恋,14
پ,14
洋,14
经,14
恐,14
留,14
果,14
심,14
숙,14
桥,14
復,14
ɣ,14
劍,14
沢,14
桃,14
用,14
威,14
ထ,14
塔,14
滅,14
闘,14
蓮,14
尔,14
当,14
任,14
豊,14
节,14
崎,14
万,14
佳,14
珠,14
여,14
ဝ,14
孔,14
步,14
宁,14
Ж,14
襲,14
Ž,13
極,13
幕,13
雅,13
及,13
Γ,13
去,13
榮,13
督,13
ổ,13
変,13
於,13
ĭ,13
삼,13
난,13
受,13
À,13
必,13
석,13
休,13
夷,13
尉,13
尚,13
ἄ,13
麗,13
ぐ,13
関,13
ぞ,13
杨,13
晋,13
丁,13
ぼ,13
ぎ,13
牛,13
ゥ,13
ἰ,13
臨,13
ɲ,13
만,13
崇,13
ˇ,13
半,13
狐,13
丸,13
私,13
桐,13
由,13
ぶ,13
望,13
ө,13
麟,13
马,13
瑞,13
Ν,13
閃,13
奈,13
倫,13
伏,13
개,13
內,13
忍,13
至,13
垣,13
미,13
ヶ,13
竜,13
毛,13
得,13
發,13
浦,13
ख,13
आ,13
오,13
Ḥ,13
ـ,13
Ρ,13
ङ,12
ż,12
揚,12
父,12
懷,12
其,12
鹿,12
侍,12
Ô,12
복,12
護,12
突,12
掌,12
ད,12
竹,12
蔵,12
백,12
濟,12
注,12
静,12
桓,12
隠,12
早,12
夕,12
故,12
急,12
ね,12
ʂ,12
ड,12
印,12
鱼,12
창,12
好,12
煙,12
红,12
浙,12
粉,12
ਰ,12
별,12
祝,12
諸,12
珍,12
亮,12
书,12
計,12
נ,12
約,12
མ,12
ຄ,12
株,12
티,12
드,12
간,12
ໄ,12
저,12
湘,12
ம,12
斗,12
危,12
加,12
篇,12
種,12
Й,12
麻,12
虚,12
暗,12
Ł,11
医,11
薩,11
允,11
魯,11
輔,11
房,11
兒,11
嗣,11
ĩ,11
ớ,11
室,11
ỳ,11
航,11
己,11
엔,11
修,11
래,11
파,11
霸,11
타,11
絵,11
支,11
니,11
无,11
切,11
殊,11
靈,11
協,11
宏,11
騎,11
座,11
机,11
浮,11
雀,11
深,11
破,11
寒,11
ぬ,11
평,11
ř,11
ˊ,11
肉,11
到,11
妖,11
帥,11
柴,11
ח,11
待,11
織,11
優,11
阪,11
梨,11
奥,11
亥,11
哈,11
获,11
般,11
挑,11
追,11
ຈ,11
ຳ,11
거,11
期,11
ờ,11
ọ,11
気,11
פ,11
Þ,11
容,11
蜀,11
征,11
ဟ,11
岡,11
灣,11
形,11
차,11
飞,11
杜,11
奕,11
మ,11
攻,11
为,11
ご,11
敵,11
ѣ,11
韩,11
要,11
欢,11
転,11
记,11
末,10
坂,10
強,10
賀,10
沛,10
錢,10
彭,10
洛,10
彼,10
翼,10
睿,10
欽,10
卿,10
ữ,10
ứ,10
謝,10
禮,10
ἐ,10
კ,10
温,10
造,10
決,10
འ,10
漫,10
班,10
ʌ,10
祐,10
气,10
罗,10
足,10
观,10
众,10
开,10
军,10
亭,10
항,10
ʲ,10
慧,10
乙,10
头,10
甘,10
ほ,10
列,10
冬,10
潮,10
ћ,10
詩,10
鴻,10
鍾,10
蛇,10
象,10
奉,10
咲,10
町,10
식,10
ょ,10
実,10
ү,10
돈,10
樓,10
克,10
溫,10
巴,10
ג,10
ဆ,10
ယ,10
樹,10
誠,10
幸,10
与,10
牙,10
兰,10
笑,10
ざ,10
肅,10
혜,10
철,10
생,10
映,10
恵,10
단,10
限,10
魂,10
震,10
件,10
Í,10
관,10
壽,10
登,10
峰,10
熹,10
贵,10
덕,10
対,10
輝,10
ט,10
ڠ,10
旅,10
淮,10
琳,10
ໃ,10
侠,10
직,10
琴,10
状,10
ল,10
회,10
宫,10
琪,10
话,10
ల,10
Ι,10
首,10
ῆ,10
載,10
悟,10
ℰ,10
毒,10
ॐ,10
熙,9
郷,9
意,9
钱,9
薛,9
丞,9
表,9
ề,9
提,9
ញ,9
ⵍ,9
備,9
ė,9
禁,9
滿,9
謙,9
参,9
施,9
圆,9
艺,9
邪,9
津,9
宿,9
純,9
鄧,9
운,9
干,9
杭,9
ܪ,9
ܝ,9
玲,9
終,9
豪,9
葵,9
豹,9
然,9
봉,9
姜,9
砲,9
ם,9
亞,9
他,9
體,9
Ｅ,9
坊,9
亚,9
段,9
讓,9
舜,9
礼,9
響,9
학,9
姓,9
业,9
庆,9
孟,9
Ú,9
鲁,9
바,9
級,9
ぜ,9
ḗ,9
才,9
청,9
隋,9
庭,9
索,9
再,9
倉,9
朴,9
余,9
散,9
汪,9
凌,9
徒,9
此,9
彩,9
坡,9
寄,9
兴,9
溪,9
盤,9
完,9
壇,9
내,9
雍,9
俠,9
偵,9
げ,9
ʾ,9
재,9
ম,9
క,9
금,9
즈,9
剛,9
偉,9
潘,9
디,9
屠,9
骨,9
錦,9
ឋ,9
円,9
ũ,9
Э,9
希,9
Є,9
襄,9
қ,9
Ы,9
ర,9
ɾ,9
র,9
Ё,9
Ў,9
怖,9
暴,9
ဇ,9
ჾ,9
爭,8
資,8
豫,8
照,8
奴,8
制,8
际,8
ɹ,8
監,8
ắ,8
Ż,8
湯,8
妙,8
絕,8
준,8
戒,8
堯,8
령,8
려,8
匡,8
胜,8
耶,8
ң,8
熊,8
獅,8
舟,8
逢,8
蓬,8
儒,8
莽,8
娥,8
汗,8
感,8
頃,8
づ,8
豐,8
녀,8
들,8
員,8
務,8
郑,8
刃,8
泥,8
沖,8
ῦ,8
ņ,8
इ,8
改,8
물,8
珪,8
蝶,8
ә,8
암,8
叶,8
걸,8
Ｔ,8
忘,8
覺,8
裕,8
覆,8
止,8
砕,8
念,8
网,8
結,8
幻,8
断,8
그,8
熱,8
좋,8
위,8
團,8
ಕ,8
叔,8
操,8
儂,8
庸,8
ն,8
右,8
ថ,8
음,8
谢,8
Ｃ,8
ʁ,8
広,8
鼠,8
绪,8
义,8
兄,8
閣,8
兩,8
差,8
莉,8
Қ,8
Ş,8
妻,8
ɒ,8
便,8
餅,8
프,8
छ,8
چ,8
ھ,8
斯,8
娃,8
煎,8
略,8
ឝ,8
ໂ,8
ட,8
蔣,8
料,8
ɓ,8
ɯ,8
ர,8
服,8
亀,8
想,8
歲,8
素,8
技,8
砂,8
放,8
虹,8
境,8
时,8
锡,8
貢,8
亜,8
蓝,8
晏,8
乾,8
щ,8
鐵,8
Ь,8
険,8
塞,8
迪,7
粿,7
歳,7
邦,7
項,7
歐,7
而,7
Ο,7
ɨ,7
巨,7
울,7
様,7
向,7
換,7
戌,7
잉,7
형,7
閩,7
근,7
辰,7
朗,7
ḷ,7
ት,7
ⁿ,7
氣,7
錄,7
脱,7
具,7
申,7
萨,7
察,7
进,7
勒,7
執,7
碩,7
场,7
卓,7
兜,7
傅,7
馮,7
吹,7
炳,7
昆,7
궁,7
打,7
闇,7
虫,7
薇,7
妹,7
Ю,7
È,7
活,7
ὑ,7
圣,7
勢,7
ܘ,7
製,7
研,7
委,7
ㄣ,7
ㄥ,7
敏,7
賭,7
宴,7
ʈ,7
介,7
芭,7
ञ,7
訓,7
불,7
句,7
발,7
각,7
甫,7
ň,7
승,7
게,7
더,7
Ј,7
耳,7
Ṣ,7
倭,7
號,7
就,7
溥,7
枚,7
鈴,7
綱,7
ゾ,7
激,7
沈,7
ῶ,7
根,7
메,7
ឆ,7
詠,7
ａ,7
報,7
ਬ,7
ਸ,7
盡,7
媧,7
緒,7
權,7
淵,7
宵,7
倩,7
澤,7
什,7
鼎,7
範,7
ụ,7
ủ,7
淳,7
々,7
통,7
致,7
警,7
乡,7
岩,7
刺,7
貫,7
陶,7
焼,7
ὁ,7
選,7
蓉,7
眉,7
碧,7
舊,7
燈,7
殷,7
裏,7
冠,7
穎,7
顺,7
灯,7
པ,7
管,7
嵐,7
味,7
베,7
배,7
晓,7
皮,7
钟,7
維,7
衡,7
棒,7
異,7
ぁ,7
禹,7
類,7
呼,7
ヌ,7
ຂ,7
를,7
占,7
ʏ,7
陆,7
網,7
麺,7
论,7
ಮ,7
米,7
ᡳ,7
儿,7
迎,7
退,7
Ħ,7
І,7
ব,7
Ө,7
Щ,7
ў,7
Ғ,7
罠,7
発,7
怒,7
Ґ,7
ᩋ,7
ș,7
拜,6
盟,6
單,6
沒,6
難,6
裴,6
旦,6
浩,6
病,6
ự,6
点,6
ʕ,6
ヲ,6
갑,6
허,6
목,6
拯,6
론,6
환,6
누,6
წ,6
열,6
斎,6
ὕ,6
凤,6
ɐ,6
符,6
恆,6
兆,6
耿,6
弥,6
频,6
贤,6
慎,6
吾,6
苗,6
習,6
巻,6
霧,6
標,6
欣,6
閻,6
條,6
过,6
零,6
苦,6
願,6
너,6
莫,6
暹,6
량,6
적,6
ㄕ,6
羊,6
緣,6
瓊,6
猛,6
歩,6
健,6
環,6
衝,6
経,6
哀,6
存,6
와,6
ї,6
ἡ,6
ἱ,6
育,6
被,6
凱,6
板,6
ヂ,6
満,6
継,6
효,6
霊,6
饼,6
幽,6
悠,6
强,6
疾,6
브,6
性,6
ਲ,6
봐,6
羲,6
質,6
啟,6
ਕ,6
ਜ,6
림,6
악,6
粹,6
姿,6
倒,6
彥,6
芝,6
逸,6
當,6
ರ,6
番,6
廷,6
ằ,6
ظ,6
ո,6
瀬,6
ｔ,6
副,6
應,6
锋,6
Ἐ,6
権,6
現,6
宰,6
肃,6
厚,6
顏,6
絲,6
驚,6
宛,6
轉,6
誰,6
惟,6
消,6
과,6
導,6
刑,6
ལ,6
梵,6
葛,6
職,6
잘,6
衍,6
群,6
घ,6
ṓ,6
ឡ,6
ἶ,6
咸,6
位,6
荒,6
월,6
卫,6
날,6
까,6
ឥ,6
閭,6
모,6
鞍,6
洲,6
ழ,6
버,6
త,6
ன,6
亡,6
כ,6
ɗ,6
ɟ,6
仔,6
发,6
涛,6
耀,6
蒙,6
堀,6
灵,6
案,6
縄,6
个,6
ए,6
芸,6
雯,6
喀,6
团,6
声,6
ढ,6
庚,6
糖,6
绝,6
骄,6
ľ,6
示,6
Ъ,6
麵,6
히,6
ন,6
遷,6
狸,6
య,6
蕉,6
产,6
剑,6
澄,6
Ћ,6
Ｚ,6
ғ,6
ӣ,6
型,6
呪,6
ⲛ,6
鷹,6
凶,6
ㅇ,6
缺,6
პ,6
ტ,6
假,5
農,5
单,5
看,5
像,5
這,5
凡,5
邑,5
敖,5
潤,5
均,5
匈,5
翁,5
ể,5
ˤ,5
独,5
涙,5
巳,5
술,5
礽,5
弟,5
옥,5
壬,5
ჭ,5
ძ,5
片,5
細,5
怡,5
粵,5
ĕ,5
ὐ,5
圓,5
ཙ,5
워,5
육,5
取,5
姑,5
겸,5
益,5
契,5
녕,5
舍,5
优,5
动,5
救,5
麥,5
媛,5
似,5
纘,5
沉,5
说,5
伶,5
納,5
寝,5
薔,5
篠,5
러,5
湾,5
ђ,5
冰,5
ܒ,5
ㄢ,5
ㄓ,5
ㄉ,5
観,5
甜,5
更,5
迷,5
戀,5
赖,5
涯,5
牡,5
桜,5
蒲,5
ℵ,5
墨,5
צ,5
奢,5
투,5
旭,5
靜,5
阴,5
감,5
달,5
丽,5
從,5
Ţ,5
乞,5
嶺,5
ဂ,5
弁,5
拿,5
露,5
勳,5
레,5
렬,5
ཁ,5
舵,5
繚,5
鏡,5
矢,5
衆,5
실,5
欧,5
Ë,5
법,5
油,5
당,5
밀,5
속,5
巾,5
ဘ,5
ｕ,5
ｏ,5
ｉ,5
墓,5
纪,5
翔,5
ů,5
暎,5
ḵ,5
훈,5
與,5
霖,5
融,5
湛,5
媚,5
紹,5
鑑,5
柔,5
ử,5
廟,5
ր,5
芬,5
僕,5
橘,5
鴨,5
憂,5
杉,5
兼,5
祁,5
邳,5
牧,5
运,5
扬,5
禄,5
求,5
飄,5
漁,5
旋,5
垂,5
遲,5
推,5
股,5
領,5
알,5
颜,5
跡,5
린,5
ക,5
ဃ,5
嬰,5
对,5
亲,5
图,5
领,5
ہ,5
鋼,5
指,5
鹤,5
ங,5
న,5
着,5
問,5
ផ,5
ḏ,5
屍,5
誌,5
춘,5
午,5
陛,5
盒,5
爺,5
奪,5
த,5
譚,5
ச,5
级,5
顶,5
ὀ,5
晴,5
娟,5
酒,5
応,5
龐,5
귀,5
ġ,5
테,5
戊,5
考,5
ի,5
微,5
퍼,5
栗,5
祿,5
ឧ,5
ۇ,5
썸,5
畅,5
鳌,5
訢,5
贝,5
历,5
歷,5
瓜,5
필,5
刻,5
터,5
僧,5
束,5
ཀ,5
送,5
ර,5
隸,5
酉,5
鞘,5
遥,5
飯,5
佑,5
努,5
鸡,5
Ă,5
邵,5
潭,5
ठ,5
熟,5
ਨ,5
틴,5
ぽ,5
塘,5
ᠨ,5
罪,5
候,5
届,5
娱,5
器,5
禵,5
哥,5
Ĥ,5
넘,5
冒,5
Ү,5
莲,5
ǫ,5
展,5
ҷ,5
械,5
ⲓ,5
ⲁ,5
簾,5
ℝ,5
ᨦ,5
豬,5
針,5
ե,5
ჟ,5
ź,4
醫,4
吸,4
欲,4
壮,4
霍,4
篤,4
匠,4
萧,4
ゐ,4
ɰ,4
寅,4
訟,4
ღ,4
灘,4
筆,4
尖,4
嶽,4
凰,4
横,4
익,4
입,4
幣,4
칠,4
瞿,4
见,4
趣,4
底,4
护,4
竇,4
狼,4
蛮,4
澳,4
催,4
序,4
澪,4
帰,4
綏,4
妠,4
冀,4
萍,4
枕,4
雁,4
霜,4
渡,4
桶,4
친,4
데,4
ț,4
凉,4
ܬ,4
究,4
ㄇ,4
檜,4
偷,4
圍,4
快,4
醉,4
冥,4
猪,4
猫,4
间,4
戴,4
鶯,4
건,4
廉,4
敦,4
온,4
乌,4
贊,4
팔,4
룡,4
婉,4
郢,4
돌,4
暠,4
फ,4
媽,4
ƒ,4
寇,4
Ｉ,4
遺,4
祺,4
尧,4
ἵ,4
丈,4
瑠,4
枯,4
奮,4
彦,4
鳴,4
탕,4
农,4
报,4
依,4
摘,4
총,4
떡,4
채,4
薊,4
瀋,4
禑,4
愍,4
ဖ,4
唄,4
笛,4
頌,4
灼,4
策,4
풍,4
Ē,4
Ἰ,4
惑,4
傷,4
霆,4
昊,4
ਮ,4
ਤ,4
ਘ,4
묘,4
변,4
惇,4
龄,4
荊,4
关,4
琰,4
盧,4
杰,4
弓,4
姚,4
勤,4
货,4
雜,4
貨,4
ừ,4
ỹ,4
藝,4
ợ,4
坑,4
ס,4
棟,4
荷,4
번,4
裳,4
祭,4
役,4
Ẽ,4
坛,4
須,4
焦,4
鮮,4
ܕ,4
ܠ,4
勐,4
遮,4
连,4
戟,4
牟,4
것,4
淀,4
ｅ,4
檀,4
Ἡ,4
譜,4
汴,4
堅,4
恨,4
黛,4
嬌,4
芙,4
專,4
皆,4
遂,4
翠,4
鈿,4
收,4
聲,4
顧,4
液,4
眠,4
鐘,4
窮,4
忽,4
瓶,4
調,4
綿,4
帚,4
詮,4
绍,4
財,4
互,4
配,4
沼,4
彬,4
浜,4
贞,4
徵,4
籠,4
Ď,4
ὄ,4
许,4
네,4
聚,4
ᠣ,4
豚,4
狂,4
머,4
설,4
새,4
초,4
闔,4
매,4
实,4
悲,4
런,4
본,4
禅,4
鶴,4
腰,4
ܡ,4
壁,4
畫,4
持,4
跳,4
చ,4
ত,4
庁,4
특,4
翅,4
棚,4
ǚ,4
姐,4
敢,4
梦,4
摄,4
告,4
杏,4
齡,4
曆,4
们,4
蓋,4
藍,4
ਪ,4
ຮ,4
ὅ,4
শ,4
ప,4
争,4
坤,4
빅,4
瑛,4
盗,4
蹟,4
յ,4
臥,4
膽,4
飲,4
彝,4
蟲,4
њ,4
ユ,4
臘,4
専,4
슈,4
燒,4
启,4
楼,4
毅,4
卷,4
霞,4
恒,4
阖,4
플,4
旻,4
ڬ,4
엘,4
먼,4
誕,4
엠,4
լ,4
ई,4
ṁ,4
嶋,4
雛,4
因,4
瑾,4
饭,4
怀,4
巷,4
裔,4
키,4
极,4
卒,4
拓,4
灃,4
统,4
邓,4
簡,4
ல,4
ǰ,4
賞,4
행,4
두,4
ឃ,4
Ê,4
ƴ,4
Ò,4
負,4
題,4
辭,4
紂,4
棋,4
婚,4
Ņ,4
婷,4
翰,4
滴,4
ℓ,4
Ĉ,4
Ĝ,4
ĝ,4
现,4
স,4
গ,4
ক,4
Ҁ,4
Ѡ,4
羌,4
Џ,4
艦,4
招,4
Ң,4
宾,4
児,4
ḫ,4
泽,4
談,4
裂,4
謀,4
ⲉ,4
ⲥ,4
ⲙ,4
ⲟ,4
Ѓ,4
ট,4
వ,4
늘,4
ᨿ,4
汝,4
淨,4
ʑ,4
简,4
僑,4
橫,4
薬,4
聯,4
亦,4
還,4
振,4
组,4
设,4
榎,3
盈,3
戚,3
過,3
麼,3
駐,3
廬,3
钦,3
ɚ,3
講,3
著,3
ⵎ,3
ゑ,3
증,3
Ț,3
ყ,3
衞,3
처,3
婦,3
臭,3
腐,3
ẽ,3
戎,3
율,3
律,3
ɦ,3
ˠ,3
ᴇ,3
軾,3
曙,3
ስ,3
ግ,3
ው,3
욱,3
禕,3
晃,3
住,3
伽,3
眼,3
遍,3
狮,3
须,3
珊,3
寂,3
敷,3
满,3
迦,3
固,3
辯,3
앙,3
帖,3
则,3
斷,3
袖,3
滩,3
മ,3
産,3
降,3
暮,3
炭,3
昼,3
灰,3
ຜ,3
ὴ,3
爵,3
ܗ,3
筠,3
ㄙ,3
ㄛ,3
ㄈ,3
ㄒ,3
ㄅ,3
ㄔ,3
ር,3
捷,3
雞,3
算,3
獸,3
洁,3
ㅊ,3
飼,3
乃,3
撫,3
銭,3
撰,3
魁,3
ģ,3
ķ,3
嘗,3
筋,3
尋,3
渤,3
규,3
렴,3
һ,3
遜,3
排,3
찬,3
邯,3
록,3
閑,3
슬,3
仪,3
ῳ,3
韶,3
遙,3
辅,3
놀,3
피,3
љ,3
視,3
Ｓ,3
往,3
撒,3
繼,3
昧,3
带,3
临,3
淄,3
姉,3
晩,3
減,3
圭,3
薫,3
菊,3
寛,3
榊,3
晶,3
栄,3
滝,3
括,3
葬,3
残,3
选,3
병,3
狩,3
諶,3
倎,3
龜,3
쌍,3
瑩,3
旽,3
ᥣ,3
ｍ,3
鼻,3
貂,3
엄,3
맨,3
K,3
旧,3
좌,3
손,3
ḇ,3
Ῥ,3
분,3
誘,3
腊,3
鄂,3
浅,3
嚳,3
頊,3
浴,3
瓘,3
扁,3
佗,3
嬢,3
ؤ,3
嫻,3
勋,3
恕,3
褚,3
儼,3
岑,3
匪,3
祚,3
ಲ,3
紙,3
羡,3
昇,3
ỗ,3
玖,3
ք,3
Ṭ,3
仇,3
鼓,3
鵜,3
誅,3
彌,3
莒,3
禥,3
朧,3
ｌ,3
崖,3
汜,3
ژ,3
Ð,3
Ｏ,3
Η,3
構,3
昏,3
瑰,3
亨,3
纥,3
撮,3
側,3
賜,3
洗,3
凝,3
扶,3
搖,3
短,3
戶,3
霓,3
乘,3
淚,3
棧,3
歸,3
苑,3
掃,3
孤,3
瓦,3
魄,3
偏,3
茫,3
釵,3
扇,3
枝,3
顒,3
覃,3
鳩,3
訶,3
帯,3
架,3
柱,3
达,3
罕,3
ލ,3
ཆ,3
Ğ,3
캠,3
족,3
喇,3
烤,3
鲜,3
嫔,3
ٹ,3
ẓ,3
ʋ,3
ᠰ,3
裁,3
綾,3
례,3
널,3
으,3
佬,3
弹,3
蚝,3
烙,3
ໜ,3
嗓,3
몰,3
람,3
뮤,3
뱅,3
흥,3
协,3
份,3
寸,3
伍,3
য,3
ಗ,3
గ,3
ז,3
嘘,3
있,3
蛭,3
缘,3
ῥ,3
ܫ,3
ಬ,3
聊,3
齋,3
토,3
装,3
供,3
ⵓ,3
ⵏ,3
꽃,3
岛,3
ਗ,3
杼,3
屈,3
讯,3
拍,3
璇,3
ぃ,3
滋,3
除,3
障,3
谭,3
汾,3
陕,3
噴,3
染,3
ই,3
增,3
辟,3
穀,3
宸,3
圖,3
忻,3
ゝ,3
ゞ,3
伟,3
咖,3
막,3
ぇ,3
复,3
ヵ,3
ゖ,3
幾,3
訊,3
邕,3
圉,3
祀,3
吧,3
只,3
կ,3
猴,3
弐,3
엑,3
続,3
棣,3
隅,3
絶,3
숨,3
봄,3
ໝ,3
票,3
급,3
陀,3
曉,3
彰,3
缅,3
车,3
때,3
줘,3
눈,3
싶,3
唔,3
量,3
围,3
榜,3
闾,3
ओ,3
隐,3
戲,3
個,3
孺,3
ʱ,3
ɻ,3
吃,3
呉,3
铜,3
变,3
玩,3
鯰,3
ස,3
沧,3
麦,3
ཛ,3
Û,3
辣,3
醇,3
淸,3
冯,3
ゅ,3
ଡ,3
ɽ,3
煲,3
實,3
紋,3
혼,3
妮,3
奘,3
卦,3
盘,3
谐,3
癸,3
蕃,3
圏,3
査,3
膜,3
爪,3
腕,3
陣,3
准,3
담,3
濃,3
岐,3
阜,3
ץ,3
枫,3
침,3
없,3
艾,3
疆,3
札,3
駅,3
妲,3
渭,3
衙,3
鄱,3
ᠠ,3
巧,3
작,3
銅,3
Ī,3
솔,3
禛,3
辦,3
커,3
길,3
ឌ,3
涵,3
轩,3
媒,3
搜,3
召,3
萃,3
耦,3
淇,3
Υ,3
Ί,3
爷,3
Ŧ,3
Ń,3
집,3
ণ,3
Ѳ,3
Ϝ,3
壯,3
몽,3
편,3
傲,3
幹,3
覇,3
ষ,3
ℜ,3
ℑ,3
ၵ,3
碓,3
Ә,3
Һ,3
ҳ,3
嫦,3
犯,3
燃,3
潜,3
雑,3
腹,3
髪,3
狙,3
穴,3
喰,3
ⲏ,3
ѓ,3
Ђ,3
眞,3
釋,3
聽,3
禍,3
愼,3
Ѕ,3
란,3
곤,3
潁,3
賈,3
න,3
습,3
ਹ,3
畢,3
悝,3
ऋ,3
轟,3
倚,3
困,3
塚,3
ᦱ,3
ڤ,3
渊,3
阁,3
射,3
漠,3
戯,3
背,3
害,3
峽,3
汕,3
稲,3
龔,3
ঙ,3
ｎ,3
ｃ,3
揭,3
窦,3
宪,3
꺼,3
թ,3
把,3
適,3
ឦ,3
驕,3
导,3
Ա,3
բ,3
ற,3
碣,3
貓,3
廌,3
噶,3
计,3
ჳ,3
𐬀,3
唇,2
药,2
很,2
但,2
貌,2
垓,2
已,2
矣,2
蕙,2
洵,2
徹,2
悅,2
樑,2
鎭,2
閒,2
棉,2
泪,2
ヱ,2
描,2
麿,2
甌,2
滇,2
嘴,2
ĉ,2
혁,2
膠,2
Ū,2
决,2
巅,2
빌,2
딩,2
Ḍ,2
淹,2
脩,2
ደ,2
ገ,2
ድ,2
እ,2
ኢ,2
ዮ,2
ጵ,2
ያ,2
幢,2
热,2
髻,2
鬻,2
树,2
愿,2
释,2
犢,2
寵,2
驃,2
蹇,2
滨,2
ű,2
椎,2
蕨,2
蜻,2
蛉,2
荀,2
밥,2
奭,2
驁,2
衎,2
頓,2
祜,2
卢,2
戈,2
碎,2
惶,2
仃,2
ട,2
螢,2
違,2
熾,2
澎,2
蔚,2
爹,2
ὸ,2
绮,2
ᾶ,2
ܣ,2
ܟ,2
ܢ,2
攸,2
ɳ,2
면,2
ㄗ,2
ㄐ,2
ㄍ,2
ㄟ,2
ㄑ,2
ㄝ,2
ㄜ,2
佩,2
墮,2
璃,2
騰,2
痴,2
尺,2
潔,2
ㅈ,2
ﭺ,2
兎,2
筒,2
凪,2
屑,2
芒,2
菱,2
岸,2
飩,2
ļ,2
垢,2
鬘,2
引,2
弗,2
預,2
검,2
Җ,2
押,2
朂,2
勖,2
쿵,2
따,2
ɜ,2
闻,2
从,2
匕,2
拾,2
扌,2
ף,2
頻,2
왜,2
Ｒ,2
Ċ,2
카,2
曖,2
ኤ,2
ራ,2
茉,2
迫,2
朔,2
浄,2
瀑,2
孚,2
않,2
授,2
檢,2
韭,2
磐,2
柿,2
濮,2
轍,2
陞,2
ᥲ,2
ᥫ,2
ᥑ,2
ᥳ,2
辺,2
唯,2
ｒ,2
ｋ,2
Ｙ,2
ｙ,2
階,2
ǣ,2
避,2
暑,2
俺,2
迅,2
哮,2
언,2
벽,2
Ἔ,2
ˁ,2
粥,2
ਖ,2
ẖ,2
伤,2
顓,2
夔,2
ϸ,2
ᓄ,2
콘,2
竺,2
升,2
柯,2
曌,2
瞾,2
并,2
瑜,2
儉,2
郝,2
虔,2
勣,2
资,2
鉴,2
域,2
婁,2
營,2
娜,2
艳,2
飢,2
饉,2
ત,2
ಯ,2
凑,2
粗,2
騒,2
趾,2
援,2
沐,2
晟,2
濶,2
峇,2
赫,2
返,2
縁,2
蒼,2
柏,2
緋,2
诛,2
弱,2
単,2
錫,2
層,2
ｓ,2
㬎,2
昺,2
折,2
圳,2
쟁,2
舉,2
磨,2
菅,2
雉,2
ܓ,2
ܦ,2
蟬,2
傕,2
擲,2
豈,2
莘,2
邈,2
泗,2
沂,2
續,2
ᚦ,2
踏,2
Ｗ,2
Ｍ,2
齒,2
築,2
狭,2
揆,2
佶,2
煬,2
瑋,2
壺,2
養,2
帳,2
暖,2
歡,2
妝,2
姊,2
憐,2
闕,2
塵,2
薄,2
腸,2
馭,2
對,2
梧,2
鴛,2
鴦,2
冷,2
翡,2
奔,2
虛,2
瓏,2
整,2
帶,2
含,2
萊,2
詞,2
数,2
聰,2
璧,2
椅,2
晁,2
죽,2
肖,2
娛,2
丼,2
斉,2
랄,2
듯,2
움,2
勉,2
献,2
两,2
ര,2
酱,2
ἧ,2
역,2
뽐,2
빼,2
뛰,2
妾,2
浸,2
笼,2
ཇ,2
馍,2
丰,2
储,2
唱,2
謳,2
Ξ,2
쇼,2
결,2
傘,2
峪,2
鸭,2
肝,2
ڈ,2
ڑ,2
拔,2
蚌,2
얼,2
묵,2
력,2
많,2
받,2
厦,2
拼,2
让,2
环,2
함,2
첫,2
ḛ,2
侵,2
営,2
僵,2
尸,2
旁,2
培,2
茵,2
탐,2
ｗ,2
胥,2
벌,2
ṵ,2
곡,2
웨,2
했,2
割,2
企,2
梶,2
ŕ,2
ἷ,2
틸,2
윙,2
ಭ,2
牆,2
橙,2
స,2
ள,2
ய,2
લ,2
煮,2
蝦,2
曽,2
ⵢ,2
팀,2
额,2
ਇ,2
瘋,2
鎬,2
跟,2
蹤,2
峯,2
彪,2
廖,2
颛,2
살,2
Ý,2
향,2
ἑ,2
濤,2
锺,2
樞,2
润,2
郸,2
ተ,2
ይ,2
ຖ,2
哪,2
吒,2
覚,2
醒,2
閔,2
ଶ,2
ڇ,2
Œ,2
ਦ,2
槐,2
昱,2
循,2
硕,2
虜,2
銘,2
澂,2
秉,2
錕,2
ヽ,2
各,2
判,2
玫,2
ぉ,2
汇,2
ゕ,2
綫,2
檔,2
透,2
ㇰ,2
ʹ,2
莺,2
没,2
乎,2
吗,2
께,2
廈,2
鬥,2
兽,2
տ,2
մ,2
류,2
喋,2
蠡,2
薪,2
勾,2
踐,2
祇,2
쿠,2
舎,2
吕,2
捜,2
앉,2
ď,2
鸿,2
ӧ,2
ἴ,2
숭,2
된,2
Ά,2
ℙ,2
駕,2
Ἁ,2
ὖ,2
闽,2
玺,2
ላ,2
ም,2
叮,2
榔,2
濛,2
畑,2
边,2
Ҳ,2
旬,2
继,2
蒋,2
짝,2
츠,2
檸,2
囍,2
溜,2
肆,2
词,2
墩,2
载,2
聿,2
貝,2
筑,2
务,2
ǘ,2
핑,2
름,2
鷲,2
接,2
滷,2
Ａ,2
賦,2
昉,2
遇,2
即,2
顥,2
ɭ,2
鰲,2
姆,2
肥,2
準,2
棲,2
采,2
寻,2
凯,2
需,2
转,2
队,2
敎,2
跃,2
牌,2
赛,2
壹,2
හ,2
远,2
倍,2
ሥ,2
軌,2
堺,2
ſ,2
孩,2
케,2
ཕ,2
緯,2
譞,2
巛,2
ನ,2
ಟ,2
僖,2
హ,2
ద,2
బ,2
ట,2
窪,2
ଓ,2
袞,2
년,2
ታ,2
ዳ,2
ኀ,2
充,2
桑,2
寓,2
鹵,2
邰,2
蘋,2
릴,2
합,2
헤,2
골,2
넌,2
Ơ,2
Ư,2
贡,2
譲,2
綠,2
泳,2
录,2
斋,2
轼,2
畝,2
汤,2
斧,2
鉤,2
踋,2
뱀,2
涩,2
팝,2
菓,2
ਯ,2
젝,2
능,2
汽,2
권,2
结,2
鸣,2
쁘,2
붐,2
맙,2
ە,2
濬,2
ছ,2
炮,2
జ,2
倪,2
愉,2
稿,2
辞,2
빛,2
ᡤ,2
ᡵ,2
ᡥ,2
雌,2
又,2
喬,2
盆,2
蠻,2
诸,2
穰,2
贾,2
ཚ,2
깽,2
값,2
賓,2
할,2
르,2
聶,2
营,2
樊,2
养,2
邊,2
잠,2
Ȩ,2
Ĭ,2
팩,2
惊,2
跋,2
犀,2
尘,2
这,2
做,2
值,2
腾,2
荧,2
侣,2
联,2
别,2
销,2
举,2
亩,2
뉴,2
稽,2
圃,2
泊,2
銃,2
蟒,2
暢,2
魠,2
Ạ,2
纳,2
茅,2
Ã,2
짠,2
Ï,2
Ĩ,2
蔞,2
먹,2
끄,2
느,2
হ,2
দ,2
উ,2
沮,2
欠,2
歼,2
戏,2
ĵ,2
傣,2
掲,2
卍,2
Ѿ,2
赣,2
অ,2
郾,2
铁,2
Ҍ,2
Ҏ,2
Ӭ,2
読,2
ѹ,2
Ѵ,2
ぅ,2
Ѥ,2
ϊ,2
Ŭ,2
辖,2
県,2
琉,2
প,2
榴,2
ᾱ,2
谋,2
Ƣ,2
笠,2
鎧,2
Ḫ,2
赞,2
辽,2
庫,2
咱,2
ҫ,2
靄,2
ԝ,2
鬱,2
距,2
Ќ,2
ќ,2
Ѯ,2
Ѱ,2
Ψ,2
ဉ,2
ѡ,2
Љ,2
Њ,2
氷,2
助,2
甦,2
ⲕ,2
ⲣ,2
ґ,2
Ѻ,2
ἔ,2
燁,2
乽,2
澮,2
汀,2
Ї,2
폐,2
岷,2
軫,2
儁,2
ල,2
ක,2
ම,2
ත,2
漳,2
刊,2
ᥒ,2
ᥰ,2
డ,2
ళ,2
ÿ,2
惲,2
嵩,2
給,2
鈞,2
梟,2
ཅ,2
症,2
ỉ,2
ཤ,2
席,2
慕,2
坪,2
觉,2
歴,2
属,2
該,2
聂,2
ᨩ,2
ᩁ,2
ɤ,2
ჯ,2
蝴,2
鹗,2
滸,2
凈,2
庞,2
籍,2
ᩈ,2
ᨶ,2
ᦈ,2
ᦹ,2
ᧈ,2
慰,2
低,2
높,2
ℎ,2
ℏ,2
ၼ,2
님,2
嗯,2
浒,2
焕,2
衮,2
籤,2
ၾ,2
ᡠ,2
產,2
ㅣ,2
ㄹ,2
덟,2
ㄱ,2
ㄷ,2
ㅂ,2
ㄴ,2
ㅁ,2
鵰,2
咕,2
嚕,2
緑,2
ꦗ,2
ꦮ,2
ㅅ,2
ㅡ,2
伐,2
ȟ,2
鵬,2
篆,2
繁,2
笔,2
胞,2
ὔ,2
备,2
诗,2
玛,2
Ŝ,2
Ǝ,2
輩,2
ᩅ,2
粄,2
紺,2
辻,2
瞞,2
慄,2
答,2
補,2
移,2
息,2
失,2
愕,2
拡,2
劈,2
眾,2
譬,2
皖,2
沱,2
漏,2
卑,2
遣,2
腿,2
附,2
ʅ,2
離,2
涿,2
渠,2
沔,2
鍵,2
検,2
জ,2
ｈ,2
付,2
斩,2
殤,2
聡,2
雾,2
Ը,2
ը,2
Թ,2
Ժ,2
ժ,2
Ի,2
Լ,2
Խ,2
խ,2
羚,2
棠,2
狗,2
隻,2
腳,2
层,2
吻,2
점,2
埔,2
멀,2
멋,2
哦,2
赳,2
碗,2
茗,2
杯,2
槍,2
财,2
插,2
雎,2
妤,2
盼,2
勸,2
끼,2
Բ,2
奄,2
Գ,2
գ,2
Դ,2
դ,2
Ե,2
Զ,2
զ,2
Է,2
է,2
荼,2
繊,2
濕,2
縛,2
嬴,2
잇,2
啡,2
억,2
걷,2
纯,2
汁,2
炖,2
鱿,2
鄒,2
廊,2
ᑦ,2
ⵛ,2
异,2
ಶ,2
Ƅ,2
爸,2
𝜃,2
앤,2
训,2
册,2
歙,2
脫,2
頤,2
웬,2
ව,2
肺,2
监,2
럼,2
ἁ,2
ਓ,2
출,2
ϫ,2
𐬁,2
𐬭,2
𐬎,2
𐭥,2
藥,1
އ,1
ތ,1
ޅ,1
娡,1
睢,1
審,1
豨,1
鉅,1
皓,1
堰,1
裹,1
泚,1
𠐤,1
ឮ,1
겨,1
ⵙ,1
仕,1
ヰ,1
珈,1
琲,1
随,1
雒,1
駱,1
咀,1
箇,1
દ,1
ળ,1
ʀ,1
頒,1
糧,1
瑕,1
鞬,1
鞏,1
辙,1
ወ,1
ፊ,1
ሺ,1
ና,1
磾,1
鵲,1
毗,1
厌,1
鞞,1
瑟,1
胝,1
净,1
坚,1
萇,1
檄,1
匂,1
砚,1
톨,1
尽,1
癖,1
勃,1
炯,1
邻,1
遭,1
寥,1
飘,1
絮,1
叹,1
谁,1
ല,1
赐,1
蔗,1
諾,1
ϑ,1
跨,1
뻐,1
鏞,1
ŵ,1
Ì,1
ὺ,1
ɖ,1
맘,1
懋,1
ㄤ,1
ㄚ,1
ㄊ,1
ㄦ,1
ㄘ,1
ㄩ,1
韻,1
ኛ,1
麒,1
邀,1
玻,1
獵,1
伙,1
婿,1
ǀ,1
薙,1
餓,1
塁,1
録,1
菖,1
鍬,1
饂,1
ϕ,1
翟,1
紘,1
丑,1
櫃,1
钓,1
鴬,1
견,1
훤,1
詢,1
郁,1
鋪,1
램,1
글,1
鍠,1
勗,1
격,1
臙,1
瑭,1
隱,1
亻,1
宀,1
忄,1
妈,1
礦,1
矿,1
鑛,1
彳,1
उ,1
Ｈ,1
Ｆ,1
鄙,1
덴,1
쪽,1
鍔,1
钧,1
詒,1
閥,1
廕,1
揖,1
乳,1
싱,1
湣,1
吏,1
冨,1
規,1
哉,1
顕,1
약,1
득,1
霄,1
偕,1
誦,1
婢,1
按,1
추,1
荘,1
锅,1
蛋,1
剉,1
빙,1
葺,1
瑀,1
沆,1
璥,1
竩,1
ᥓ,1
ᥝ,1
ᥔ,1
ᥴ,1
ᥢ,1
ᥱ,1
ᥜ,1
Ｋ,1
柊,1
균,1
ۆ,1
떴,1
昴,1
Ľ,1
咆,1
책,1
蕩,1
悼,1
耉,1
僻,1
Ǎ,1
죠,1
脚,1
뭘,1
참,1
답,1
ㄌ,1
ㄆ,1
讀,1
註,1
ㄭ,1
ㄪ,1
ㄫ,1
ㄬ,1
殉,1
雖,1
褒,1
攘,1
徴,1
葱,1
燧,1
藺,1
ᓇ,1
ᖅ,1
ਝ,1
ਟ,1
仰,1
鲟,1
鱘,1
鷄,1
척,1
爲,1
䳍,1
旼,1
ҥ,1
廃,1
彟,1
彠,1
巢,1
瓌,1
顗,1
挺,1
琅,1
驻,1
矩,1
茲,1
疏,1
躬,1
璆,1
翽,1
厥,1
默,1
啜,1
暨,1
暐,1
戩,1
璟,1
暉,1
鎖,1
ક,1
ષ,1
ણ,1
પ,1
ડ,1
ભ,1
ન,1
જ,1
ಚ,1
곁,1
禺,1
麊,1
泠,1
Ẩ,1
嫗,1
賁,1
鸞,1
龑,1
矯,1
ẩ,1
蘊,1
逵,1
煚,1
犛,1
虞,1
添,1
頠,1
淦,1
潢,1
瀾,1
柞,1
瀕,1
淍,1
惹,1
Կ,1
ղ,1
ﺣ,1
ﻀ,1
ﺮ,1
显,1
栋,1
璠,1
壕,1
秤,1
俞,1
昰,1
厓,1
厂,1
ܩ,1
ܚ,1
淩,1
兖,1
燎,1
某,1
뜨,1
荆,1
ｆ,1
Ｖ,1
耒,1
釒,1
钅,1
黽,1
歯,1
齿,1
龠,1
駿,1
鍼,1
煦,1
琮,1
瑗,1
偁,1
韦,1
枠,1
傾,1
閨,1
識,1
棄,1
眸,1
滑,1
脂,1
鬢,1
暇,1
罷,1
驪,1
慢,1
瞽,1
餘,1
蛾,1
翹,1
搔,1
掩,1
埃,1
縈,1
紆,1
峨,1
嵋,1
旌,1
迴,1
躊,1
躇,1
嵬,1
沾,1
髮,1
椒,1
悄,1
衾,1
邛,1
輾,1
覓,1
縹,1
緲,1
綽,1
膚,1
參,1
廂,1
叩,1
扃,1
攬,1
徘,1
徊,1
箔,1
迤,1
邐,1
睡,1
袂,1
猶,1
寞,1
闌,1
睇,1
渺,1
寰,1
擘,1
誓,1
蝉,1
衷,1
琨,1
苟,1
唏,1
昚,1
擴,1
등,1
멸,1
鸠,1
輯,1
买,1
亶,1
虐,1
宦,1
ཞ,1
朕,1
紐,1
且,1
享,1
済,1
줄,1
隣,1
ന,1
醬,1
쉬,1
삐,1
盏,1
綎,1
ɬ,1
ކ,1
ޝ,1
ދ,1
ބ,1
掛,1
桧,1
ऱ,1
粂,1
惣,1
挂,1
並,1
芽,1
鴉,1
冼,1
𒋗,1
𒊒,1
ʨ,1
젊,1
झ,1
槻,1
舒,1
佟,1
晖,1
ﮩ,1
ﮨ,1
ے,1
択,1
ᠷ,1
ᠳ,1
훗,1
ぴ,1
潟,1
먕,1
굴,1
윷,1
팽,1
贏,1
赢,1
ª,1
態,1
桦,1
蠔,1
妍,1
勵,1
杀,1
른,1
둥,1
덤,1
멈,1
춰,1
掠,1
톱,1
窓,1
垕,1
奏,1
抄,1
裵,1
耽,1
脳,1
ㇱ,1
ㇲ,1
僚,1
ঊ,1
靑,1
ಹ,1
쥬,1
홀,1
밤,1
밭,1
验,1
乗,1
잖,1
烹,1
蛍,1
鴟,1
鯱,1
纲,1
甄,1
嬛,1
狹,1
놈,1
ΐ,1
灾,1
블,1
趕,1
ຟ,1
ஷ,1
ಡ,1
ಷ,1
栈,1
鸕,1
讚,1
墙,1
절,1
禾,1
વ,1
ય,1
આ,1
બ,1
盃,1
箱,1
醂,1
ʤ,1
稚,1
빵,1
탁,1
련,1
羔,1
ⵄ,1
ぢ,1
መ,1
ቐ,1
ለ,1
嶝,1
贸,1
饌,1
薦,1
恬,1
妞,1
劫,1
肯,1
踪,1
夺,1
瀰,1
ṉ,1
铨,1
銓,1
荃,1
朵,1
圈,1
辑,1
窺,1
邹,1
癫,1
வ,1
പ,1
വ,1
ശ,1
曼,1
ゎ,1
屏,1
晚,1
应,1
漯,1
顼,1
喾,1
馱,1
취,1
咏,1
佘,1
揮,1
琦,1
洙,1
崑,1
崙,1
穷,1
寳,1
暦,1
況,1
ቤ,1
ል,1
Ə,1
የ,1
አ,1
ሁ,1
ዊ,1
妫,1
ឪ,1
ଇ,1
ଲ,1
笙,1
项,1
抱,1
瑢,1
Ὑ,1
ዘ,1
ዲ,1
ቱ,1
驅,1
韃,1
恢,1
創,1
翊,1
駝,1
茜,1
鯉,1
ヾ,1
〻,1
屡,1
〳,1
〴,1
〵,1
〱,1
〲,1
檮,1
杌,1
吔,1
웃,1
짓,1
倾,1
융,1
꼼,1
杞,1
樫,1
ㇳ,1
皋,1
粟,1
戡,1
还,1
伪,1
俄,1
ⵜ,1
ⵌ,1
ⵆ,1
ƭ,1
판,1
Հ,1
հ,1
懒,1
범,1
槜,1
嚐,1
賂,1
赴,1
渴,1
싸,1
頡,1
曜,1
係,1
厳,1
코,1
체,1
ϒ,1
ɵ,1
ἥ,1
닝,1
빤,1
딱,1
패,1
망,1
잔,1
믿,1
표,1
젓,1
갈,1
쥐,1
락,1
逾,1
ᛟ,1
ᚾ,1
ᚨ,1
ᚱ,1
舅,1
貔,1
貅,1
ሰ,1
嚀,1
採,1
檳,1
穂,1
勘,1
荣,1
渝,1
芩,1
茯,1
苓,1
浏,1
淞,1
립,1
珉,1
璙,1
鏐,1
蘧,1
楫,1
毕,1
沅,1
갸,1
뚱,1
잊,1
렛,1
씽,1
瞎,1
骆,1
驼,1
狀,1
匯,1
瑷,1
珲,1
约,1
璦,1
琿,1
䜣,1
铭,1
팁,1
㫻,1
巒,1
枳,1
꿈,1
꾸,1
며,1
调,1
煌,1
點,1
胸,1
怦,1
琛,1
朓,1
倕,1
暄,1
坦,1
溧,1
繹,1
辩,1
懺,1
郗,1
毫,1
霛,1
ｰ,1
懐,1
既,1
丕,1
仏,1
楓,1
Տ,1
Մ,1
絢,1
渚,1
镠,1
诚,1
芜,1
饶,1
屯,1
Ǧ,1
漸,1
蘅,1
找,1
沿,1
练,1
习,1
辉,1
咁,1
轮,1
评,1
阊,1
ඇ,1
ළ,1
ප,1
阔,1
또,1
衿,1
ን,1
ሳ,1
ባ,1
ክ,1
ብ,1
ረ,1
ነ,1
灌,1
筷,1
அ,1
ಓ,1
ௐ,1
ഓ,1
ఓ,1
銖,1
錯,1
寔,1
氾,1
郅,1
ឫ,1
劳,1
怕,1
Ɔ,1
圻,1
鐸,1
儷,1
ጠ,1
ካ,1
ሣ,1
ሉ,1
ጌ,1
逍,1
駢,1
拇,1
蹄,1
胠,1
篋,1
宥,1
繕,1
盜,1
跖,1
禦,1
檗,1
깨,1
渋,1
奚,1
磯,1
厩,1
趴,1
萱,1
濱,1
瞻,1
쉽,1
碑,1
祾,1
ឯ,1
珹,1
履,1
뭔,1
Ồ,1
Ố,1
Ỗ,1
Ổ,1
Ộ,1
품,1
粘,1
悦,1
馨,1
텔,1
嘎,1
殭,1
漿,1
滕,1
佾,1
颐,1
廓,1
沤,1
窝,1
忱,1
荫,1
藻,1
涟,1
斌,1
践,1
𣴓,1
归,1
芍,1
芎,1
愁,1
좀,1
綉,1
触,1
檻,1
処,1
胎,1
誡,1
딸,1
ⵟ,1
ⵉ,1
ⴼ,1
ⵃ,1
ⵣ,1
标,1
酸,1
鹹,1
跑,1
蝮,1
贰,1
恙,1
屹,1
鹦,1
鹉,1
溝,1
剱,1
낀,1
캐,1
럿,1
쩌,1
ұ,1
ở,1
ڭ,1
酥,1
완,1
պ,1
ଛ,1
ନ,1
幌,1
箕,1
ణ,1
稷,1
窋,1
鞠,1
豳,1
仆,1
毀,1
隃,1
獯,1
芮,1
瓒,1
瓚,1
幐,1
璜,1
ဏ,1
弄,1
替,1
獲,1
弧,1
曷,1
娑,1
潞,1
窩,1
脞,1
琵,1
琶,1
羑,1
奨,1
励,1
畠,1
ἠ,1
ὰ,1
랜,1
淯,1
唸,1
Ｂ,1
両,1
輛,1
侦,1
몬,1
얀,1
렁,1
갭,1
幼,1
漪,1
ۈ,1
宅,1
Ȳ,1
禩,1
祹,1
Ő,1
姻,1
问,1
솜,1
웠,1
튼,1
ȩ,1
같,1
阵,1
衫,1
织,1
曦,1
辕,1
痕,1
霏,1
珑,1
样,1
迹,1
绣,1
彤,1
楠,1
剩,1
價,1
沸,1
价,1
络,1
势,1
荐,1
酷,1
幂,1
龟,1
涉,1
偶,1
외,1
농,1
촌,1
樵,1
Ḕ,1
穹,1
祯,1
庙,1
仓,1
拙,1
藕,1
Ǒ,1
岚,1
렌,1
캬,1
멜,1
泫,1
傍,1
塑,1
廠,1
ĥ,1
ŧ,1
떠,1
离,1
芷,1
鉉,1
콩,1
긴,1
祩,1
涌,1
礙,1
幡,1
紗,1
萩,1
ۏ,1
낌,1
泾,1
渎,1
埭,1
态,1
闲,1
线,1
இ,1
碇,1
殲,1
澜,1
釀,1
酿,1
粤,1
杂,1
鹅,1
ҁ,1
Ϙ,1
ϙ,1
Ϲ,1
ϲ,1
栀,1
粽,1
ѿ,1
ѳ,1
џ,1
Ӂ,1
Ӌ,1
仫,1
獨,1
敗,1
㦤,1
𛆁,1
𛈬,1
ڄ,1
ٺ,1
ٽ,1
ٿ,1
ڀ,1
ٻ,1
ڙ,1
ڍ,1
ڊ,1
ڏ,1
ڌ,1
ڃ,1
ڦ,1
ڻ,1
ڱ,1
ڳ,1
ڪ,1
矛,1
盾,1
刚,1
ຢ,1
詰,1
襟,1
粒,1
馳,1
驰,1
ℍ,1
颍,1
ಣ,1
ണ,1
ಱ,1
ṟ,1
ೞ,1
ḻ,1
ಳ,1
些,1
僮,1
獞,1
ҍ,1
ҏ,1
ӭ,1
頂,1
套,1
Ѹ,1
ѵ,1
ѥ,1
疊,1
鱲,1
ĺ,1
轄,1
摠,1
ᠪ,1
Ὂ,1
鑒,1
泡,1
刹,1
ଆ,1
ঠ,1
餜,1
槤,1
ϐ,1
Ᾱ,1
Ᾰ,1
ᾰ,1
ŗ,1
浣,1
蹴,1
Ɵ,1
Ƶ,1
ƣ,1
ƶ,1
ḭ,1
庵,1
脛,1
ﺫ,1
ﺯ,1
މ,1
ހ,1
盂,1
几,1
吞,1
餛,1
餃,1
粛,1
陇,1
啓,1
ഔ,1
ഐ,1
ӑ,1
鲤,1
Ҡ,1
ҡ,1
Ҙ,1
ҙ,1
Ҫ,1
Ӣ,1
Ӯ,1
ӯ,1
Ҷ,1
暁,1
瞳,1
咫,1
悔,1
裡,1
ῃ,1
ཏ,1
ѯ,1
ѱ,1
ǈ,1
帘,1
収,1
拐,1
卵,1
巣,1
臓,1
停,1
踊,1
逮,1
捕,1
憎,1
尻,1
昔,1
秒,1
嫁,1
彗,1
Ϯ,1
ⲗ,1
ⲭ,1
ⲑ,1
ⲇ,1
ⲝ,1
扯,1
釈,1
Ϡ,1
ܙ,1
Ζ,1
ѻ,1
積,1
术,1
є,1
諫,1
弼,1
극,1
馹,1
弔,1
녹,1
ѕ,1
苛,1
喝,1
灶,1
廾,1
爻,1
廢,1
卯,1
Ⲓ,1
ﻥ,1
ނ,1
洮,1
隴,1
斫,1
奐,1
稠,1
詡,1
ﻡ,1
ශ,1
ආ,1
ද,1
擥,1
ゔ,1
ϱ,1
곰,1
嘛,1
丙,1
ᥖ,1
ᥬ,1
ᥨ,1
填,1
諝,1
覽,1
ṯ,1
耕,1
块,1
险,1
帜,1
畿,1
ച,1
豇,1
労,1
泼,1
撼,1
ऌ,1
ॠ,1
Ɛ,1
Ӕ,1
ӕ,1
ʽ,1
ܛ,1
幫,1
炆,1
ڮ,1
ۋ,1
ں,1
証,1
ǝ,1
总,1
姥,1
ﺩ,1
苍,1
诏,1
攀,1
傈,1
僳,1
蒗,1
肘,1
혈,1
迟,1
ሪ,1
费,1
糸,1
劃,1
鬍,1
ळ,1
芹,1
狱,1
旃,1
鬣,1
沁,1
鈀,1
閏,1
鬧,1
叁,1
焰,1
崆,1
握,1
扉,1
蜘,1
蛛,1
枸,1
赟,1
繶,1
綖,1
綬,1
嫂,1
駙,1
ᨷ,1
ᨻ,1
ᦋ,1
ᦵ,1
ᦲ,1
ᧁ,1
ᦘ,1
ᦉ,1
ᦑ,1
ᦺ,1
ᦗ,1
ᧃ,1
ᦓ,1
ᥛ,1
ᥘ,1
ꪹ,1
ꪣ,1
ꪉ,1
ꪡ,1
ꪱ,1
淘,1
汰,1
蒟,1
蛤,1
볼,1
륨,1
噠,1
叻,1
贛,1
ぱ,1
堡,1
欸,1
誒,1
呒,1
呣,1
𠮾,1
袄,1
襖,1
ˉ,1
Ұ,1
蕀,1
詔,1
ʍ,1
锦,1
难,1
Ϸ,1
練,1
Ĳ,1
ĳ,1
颱,1
ᠮ,1
ᠵ,1
坵,1
ㄺ,1
ㄼ,1
짐,1
雕,1
穌,1
禪,1
ꦧ,1
ꦱ,1
ꦕ,1
ꦫ,1
鉋,1
ㅋ,1
ㅌ,1
ㅍ,1
ㅎ,1
ㅏ,1
ㅑ,1
ㅓ,1
ㅕ,1
ㅗ,1
ㅛ,1
ㅜ,1
ㅠ,1
ㄲ,1
ㄸ,1
ㅃ,1
ㅆ,1
ㅉ,1
ㅐ,1
ㅒ,1
ㅔ,1
ㅖ,1
ㅚ,1
ㅟ,1
ㅘ,1
ㅙ,1
ㅝ,1
ㅞ,1
ㅢ,1
箏,1
窫,1
窳,1
鑿,1
鹏,1
惡,1
樋,1
减,1
叠,1
楷,1
侨,1
ὥ,1
ʉ,1
廿,1
陬,1
婴,1
焉,1
择,1
帕,1
楔,1
郿,1
堪,1
兾,1
寬,1
衢,1
斄,1
咒,1
ᩄ,1
ᩂ,1
ॡ,1
療,1
抜,1
絡,1
繰,1
Ĵ,1
ޱ,1
ῑ,1
į,1
ų,1
烟,1
桀,1
纣,1
聪,1
俳,1
釣,1
艸,1
髀,1
Ὀ,1
ῷ,1
ຯ,1
蟠,1
炒,1
沣,1
镐,1
棺,1
隕,1
讐,1
防,1
鮫,1
囲,1
殴,1
妨,1
叫,1
疑,1
吼,1
ἤ,1
谜,1
భ,1
ధ,1
ఊ,1
揺,1
憤,1
慨,1
魅,1
災,1
蠢,1
塾,1
泣,1
験,1
逃,1
捨,1
鑲,1
湉,1
瀛,1
誴,1
毘,1
畏,1
數,1
壞,1
朋,1
琍,1
瑤,1
逊,1
峡,1
陝,1
鱀,1
鲥,1
壩,1
闭,1
羞,1
檣,1
嬙,1
鳯,1
輿,1
扣,1
墳,1
鎌,1
塢,1
簫,1
彈,1
拂,1
蒸,1
库,1
縯,1
騊,1
駼,1
冑,1
岱,1
涪,1
宕,1
淡,1
毓,1
謫,1
Ｘ,1
梓,1
铺,1
妓,1
Ẅ,1
ஃ,1
ভ,1
币,1
ẞ,1
弦,1
莱,1
ｄ,1
ｐ,1
ফ,1
ஞ,1
働,1
塀,1
腺,1
拗,1
峠,1
訳,1
璞,1
崘,1
鮀,1
濠,1
滁,1
諒,1
奸,1
箍,1
袍,1
評,1
嫡,1
독,1
驍,1
흠,1
ජ,1
ය,1
阎,1
侑,1
职,1
諷,1
Ⴆ,1
ⴆ,1
Ⴇ,1
ⴇ,1
Ⴈ,1
ⴈ,1
Ⴉ,1
ⴉ,1
Ⴕ,1
Ⴊ,1
ⴊ,1
鸟,1
왔,1
燼,1
ṫ,1
ւ,1
Ց,1
섬,1
邨,1
扭,1
鑽,1
姦,1
嗎,1
抬,1
蔽,1
灑,1
們,1
肩,1
挨,1
每,1
另,1
怎,1
呢,1
夠,1
認,1
冲,1
樽,1
俎,1
帛,1
穿,1
檬,1
冕,1
鋒,1
訣,1
肇,1
紮,1
櫻,1
诱,1
珮,1
笹,1
ḩ,1
Ӷ,1
ӷ,1
ஆ,1
冴,1
擂,1
蝙,1
蝠,1
꼭,1
銹,1
夹,1
壊,1
ꓕ,1
𒈥,1
𒌅,1
Ĕ,1
囚,1
萌,1
听,1
囊,1
羯,1
氐,1
壱,1
ড,1
ହ,1
କ,1
ㄖ,1
硃,1
瑪,1
糾,1
廩,1
ꜣ,1
厅,1
廳,1
榭,1
议,1
麓,1
試,1
巡,1
贼,1
针,1
济,1
证,1
弯,1
孽,1
擊,1
饮,1
抢,1
騷,1
誼,1
芈,1
汨,1
撞,1
賽,1
婕,1
Ķ,1
玕,1
ť,1
Ⴀ,1
ⴀ,1
Ⴁ,1
ⴁ,1
Ⴂ,1
ⴂ,1
Ⴃ,1
ⴃ,1
Ⴄ,1
ⴄ,1
Ⴅ,1
ⴅ,1
আ,1
孖,1
ջ,1
션,1
帮,1
冤,1
굿,1
맛,1
못,1
겟,1
耆,1
燉,1
핫,1
샷,1
Ἥ,1
ⴱ,1
续,1
欒,1
퐁,1
ਥ,1
ꠍ,1
ꠟ,1
ꠐ,1
鮑,1
鄚,1
Ọ,1
ꓘ,1
𒌵,1
𒆠,1
ẑ,1
ᐅ,1
ᒥ,1
ᖕ,1
ᒪ,1
ᓈ,1
ⵡ,1
舗,1
溶,1
𝑠,1
𝐴,1
𝑡,1
𝐵,1
축,1
蔺,1
颇,1
龁,1
阏,1
Ἄ,1
칙,1
醜,1
樣,1
陷,1
查,1
栢,1
臯,1
訴,1
觸,1
獬,1
豸,1
ƅ,1
娴,1
权,1
汲,1
冢,1
牍,1
昕,1
鞭,1
𝑟,1
𝑤,1
潇,1
旺,1
밴,1
斛,1
厡,1
荡,1
粱,1
效,1
编,1
羁,1
課,1
確,1
夥,1
赋,1
陪,1
岁,1
称,1
楣,1
阙,1
斡,1
伦,1
识,1
贺,1
潛,1
ˆ,1
樺,1
馆,1
鼇,1
寗,1
遏,1
处,1
𝛼,1
Ñ,1
冶,1
栁,1
鯀,1
듀,1
烧,1
噺,1
බ,1
ஏ,1
箭,1
鈺,1
착,1
ವ,1
辜,1
Ꝛ,1
专,1
银,1
规,1
划,1
羋,1
鈕,1
匹,1
Ť,1
ჩ,1
펙,1
질,1
ਅ,1
ੳ,1
ੴ,1
맵,1
휴,1
센,1
邱,1
확,1
ʙ,1
ತ,1
頑,1
Ϩ,1
ꜥ,1
鬚,1
铅,1
剮,1
珅,1
ဥ,1
ဦ,1
ဓ,1
擬,1
𐬙,1
𐬚,1
𐬥,1
𐭠,1
𐭲,1
𐭩,1
滉,1
퇴,1
珥,1
쎈,1
姣,1
윈,1
坐,1
ϥ,1
ˮ,1
탈,1
논,1
존,1
쁜,1
쾌,1
蠱,1
皿,1
鶚,1
叢,1
絛,1
予,1
첸,1
认,1
섭,1
웅,1
