n,17945050
h,13120858
t,9798722
c,9154281
i,9140432
g,8037644
a,6271308
u,4765496
o,4263032
m,3819010
à,3739072
r,3690123
đ,3578187
l,3221998
v,2709187
ư,2486065
á,2261058
y,2225638
s,2210042
e,2080036
p,2080029
b,1821755
k,1689195
d,1549101
ộ,1476481
ế,1349220
T,1262643
ạ,1217220
ô,1192353
ê,1089617
ệ,1059044
â,1054856
ó,1044138
ố,1016084
ủ,1011658
ớ,975694
ả,946478
ờ,834762
ợ,807028
N,787042
ấ,783445
C,761694
ề,743624
ậ,727429
ị,711223
q,690416
ă,689346
ể,635656
í,625210
ơ,612205
ầ,577780
H,568403
ự,561501
ở,542580
ã,535441
ì,518771
x,496553
M,486993
S,486167
B,483601
ứ,466880
Đ,459586
L,449204
ọ,448991
ữ,420447
P,409243
V,393287
ụ,379664
ổ,355535
A,347417
ồ,341002
ù,338594
ắ,333258
K,321339
ú,315432
ừ,296500
ò,278493
ặ,269652
D,255730
G,226065
ỉ,225799
ử,220424
ằ,194731
ũ,194361
Q,187630
I,167160
ĩ,153171
é,150763
ỏ,141285
R,141235
ý,139509
f,136126
ễ,131268
w,114137
F,107443
E,103008
z,101994
ẫ,95776
ẩ,94378
X,93176
ỳ,86425
O,81576
ỗ,81501
W,78436
J,72912
ẽ,70770
ỹ,69138
U,60155
ỷ,53962
Y,51108
è,43701
ẻ,42120
ẹ,37116
j,36718
Ô,36363
ỡ,32891
õ,31658
ẳ,26884
Â,26617
Á,24988
Z,19455
Ấ,18470
ỵ,13916
Ý,12687
Ở,11983
ü,9987
ō,8637
Ú,8102
ö,7899
ẵ,7806
Ủ,6718
Ả,5884
о,4122
а,4035
ā,3856
ä,3785
и,3574
е,3387
ū,3235
н,2885
Ư,2836
р,2566
Ð,2553
É,2417
ñ,2197
с,2186
ç,2123
т,2088
в,2084
ø,1950
к,1946
л,1859
ß,1728
Î,1638
Í,1412
Ứ,1075
д,1069
м,1021
ī,997
ć,993
大,989
у,984
王,934
α,930
й,926
º,871
я,819
š,803
ا,795
å,743
Ō,734
ë,718
ł,696
п,687
ь,683
ч,676
Ê,669
б,653
天,642
ы,641
г,625
ο,619
Ố,616
Ẩ,608
ş,598
č,576
С,569
ς,566
山,549
ل,538
皇,534
市,533
К,533
文,532
ŏ,522
公,514
ś,514
ρ,510
子,509
А,507
李,498
В,495
帝,486
า,486
國,484
æ,483
Ö,480
λ,469
μ,469
南,467
中,462
ν,459
宗,454
ι,443
州,439
之,436
з,432
ı,426
太,419
τ,418
明,394
ē,390
人,382
ε,379
武,377
Т,376
ر,372
π,368
М,367
ร,364
区,362
三,359
道,356
ǎ,356
م,354
х,350
县,349
の,347
ー,346
П,345
σ,339
安,334
ي,333
一,330
陳,328
Ă,323
ï,317
น,305
平,298
ń,297
œ,297
国,295
ð,294
德,290
Å,287
κ,286
γ,284
ě,282
元,279
ш,278
Р,278
阮,277
海,275
ž,272
江,270
β,270
ن,269
城,268
高,267
î,267
و,266
ğ,261
東,259
Ỷ,257
神,252
ω,251
د,251
ж,249
ː,247
ц,246
上,244
ṣ,244
Б,242
ب,242
西,240
主,240
日,234
金,233
ř,232
Г,231
ม,230
η,228
Ổ,226
ṇ,226
θ,225
法,225
Ó,224
δ,223
周,222
ン,222
φ,221
Š,220
ย,218
เ,218
Ơ,216
氏,215
Ế,213
漢,212
ว,212
ə,212
Н,211
和,210
И,210
ง,210
黎,207
い,207
經,205
仁,203
光,202
后,201
ά,201
อ,201
十,199
世,198
不,198
Д,197
長,197
侯,197
ί,197
家,194
劉,193
北,191
京,191
生,191
陵,191
聖,188
水,187
Ø,187
О,186
地,184
孝,184
越,184
五,183
自,183
本,182
龍,180
張,179
س,179
君,178
成,177
行,177
治,175
河,175
有,174
ก,173
義,171
馬,170
福,170
À,169
ę,169
陽,168
寺,168
新,168
ŭ,168
朝,166
四,165
軍,164
風,164
羅,164
小,163
う,163
白,163
書,161
族,161
女,160
υ,159
ル,159
花,158
ˈ,158
Δ,158
阿,157
祖,156
ș,156
方,155
Л,155
事,154
林,154
ท,154
イ,152
ό,151
英,150
ی,150
春,149
ล,149
史,146
姬,145
無,145
古,144
µ,144
門,144
正,143
二,143
Č,143
し,142
י,141
師,141
朱,140
ф,140
ت,140
ю,140
ด,140
石,140
清,139
ส,139
ő,139
司,138
ས,137
ṭ,137
昭,136
ة,136
û,135
八,134
Ü,134
ス,134
士,133
都,131
永,131
華,131
ん,130
ラ,130
月,129
趙,129
ห,129
木,129
下,129
心,128
年,126
楊,126
ะ,126
宮,125
ṃ,125
真,124
田,124
э,124
拳,124
空,123
定,122
黃,122
ǔ,122
雲,122
星,121
景,120
部,120
學,119
政,118
廣,118
บ,117
阳,116
พ,116
民,116
論,116
者,115
ช,115
ё,115
興,114
א,114
郎,114
玉,113
र,113
同,112
夫,112
美,112
ו,112
字,112
У,111
ต,111
ع,111
İ,110
ར,110
이,110
唐,109
昌,109
佛,109
χ,109
Ž,108
ح,108
語,108
リ,108
έ,108
ه,107
བ,107
ǐ,106
七,106
康,105
九,104
建,104
郡,104
Æ,104
以,104
原,103
ţ,103
的,102
通,102
夏,102
名,102
戦,102
པ,102
府,102
Ä,100
ク,100
忠,98
青,98
吳,98
縣,98
ɪ,97
མ,97
ą,96
丁,96
Ś,96
ト,96
知,96
Ф,96
集,96
ṛ,96
區,96
先,96
代,95
Ạ,95
六,95
院,94
少,94
孫,94
章,94
記,94
黄,94
ج,94
і,94
ṅ,94
ή,93
里,93
ר,93
ア,93
川,93
ق,93
ག,93
我,92
洪,92
時,92
台,92
為,92
音,91
か,91
Ω,91
志,90
宣,90
雄,89
仲,89
教,89
사,89
た,88
き,88
會,88
沙,88
合,88
ッ,88
伯,88
주,88
梅,88
特,87
Ç,87
ḥ,87
信,86
起,86
寶,86
達,86
恭,86
ל,86
ύ,86
ɔ,86
香,85
대,84
萬,84
將,84
式,84
利,84
な,84
Ł,83
歌,83
玄,83
と,83
湖,83
思,82
会,82
全,82
จ,82
ད,82
社,81
学,81
寧,80
立,80
化,80
口,80
お,79
隆,79
重,79
外,79
Σ,79
ド,79
那,79
แ,79
ค,79
Ệ,79
ɛ,78
土,78
第,78
국,78
傳,78
宋,77
щ,77
胡,77
是,77
崇,77
相,77
Α,77
功,77
梁,76
东,76
Х,76
而,76
ら,76
З,75
敬,75
愛,75
百,75
鄭,75
吉,75
Π,75
秦,74
り,74
ป,74
嘉,74
順,73
ش,73
ה,73
龙,73
マ,73
至,73
松,73
ำ,73
如,73
Е,73
火,73
島,73
後,72
殿,72
ན,72
る,71
曹,71
み,71
Ỉ,71
徐,70
理,70
堂,70
ف,70
ز,70
ǒ,70
艦,70
機,70
在,69
מ,69
シ,69
ジ,69
秋,69
ḍ,69
弘,68
Ồ,68
慈,68
甲,68
韓,68
也,68
源,67
晉,67
克,67
良,67
慶,67
多,67
珠,67
官,67
手,66
조,66
レ,66
可,66
カ,66
도,66
Ộ,66
范,65
情,65
千,65
延,65
野,65
智,65
ナ,65
れ,65
善,64
华,64
臣,64
ط,64
タ,64
ա,64
한,64
원,64
型,64
马,63
魏,63
樂,63
惠,63
ש,63
曲,63
詩,63
성,63
こ,63
ロ,63
保,62
虎,62
Ā,62
左,62
派,62
顯,62
其,62
陀,62
杜,61
ま,61
ལ,61
ъ,61
齊,61
म,61
常,60
Ş,60
Я,60
ע,60
왕,60
נ,60
의,60
仙,59
郭,59
藏,59
Ч,59
고,59
ข,59
葉,59
飛,59
न,59
貞,59
汉,58
尚,58
何,58
Ụ,58
觀,58
ŋ,58
フ,58
關,58
紅,57
居,57
叔,57
く,57
선,57
威,56
見,56
蕭,56
波,56
紀,56
草,56
共,56
ź,56
ィ,56
丹,56
あ,56
親,56
禪,56
伊,55
ב,55
に,55
赤,55
能,55
等,55
ไ,55
て,55
開,55
ك,55
承,55
ང,55
街,55
蘭,54
令,54
莊,54
Μ,54
雪,54
用,54
前,54
港,54
が,54
천,54
ů,54
藤,54
ƒ,54
자,54
정,54
節,54
长,53
業,53
襄,53
出,53
Κ,53
泰,53
遠,53
老,53
蒙,53
ى,53
提,52
來,52
신,52
尊,52
Ẳ,52
ち,52
洋,52
妃,52
Ị,52
使,52
壽,51
柳,51
燕,51
若,51
夷,51
橋,51
テ,51
富,51
さ,51
母,51
統,51
김,51
所,51
ა,51
則,51
书,50
瑞,50
よ,50
勇,50
门,50
张,50
沈,50
は,50
要,50
ャ,50
普,50
동,50
구,50
ɑ,49
지,49
物,49
你,49
أ,49
鮮,49
オ,49
覺,49
来,48
欽,48
裕,48
鄧,48
ד,48
ブ,48
維,48
分,48
陸,48
기,48
ธ,48
ʔ,48
靈,48
村,48
極,48
入,48
ň,48
द,48
楚,48
洲,48
འ,48
奇,47
祥,47
广,47
穆,47
រ,47
工,47
路,47
兵,47
身,47
隊,47
場,47
省,47
ʻ,47
鶴,47
鬼,46
度,46
巴,46
濟,46
回,46
勝,46
ξ,46
睿,46
今,46
戰,46
Ớ,46
誠,46
チ,46
動,46
ט,46
慧,46
刀,46
御,46
逐,46
茶,45
吴,45
潘,45
杨,45
ក,45
ズ,45
進,45
流,45
夜,45
別,45
谷,45
ζ,45
貴,45
臨,45
리,45
紹,44
禮,44
ן,44
色,44
グ,44
Ậ,44
己,44
内,44
ろ,44
バ,44
っ,44
言,44
得,44
博,44
ʼ,44
宁,44
應,44
摩,44
え,44
塔,43
인,43
陈,43
奉,43
Ц,43
त,43
云,43
乘,43
خ,43
โ,43
전,43
ψ,43
영,43
憲,43
종,43
命,42
じ,42
宇,42
諸,42
作,42
ム,42
莫,42
关,42
ʁ,42
錄,42
亭,42
Λ,42
キ,42
가,42
密,42
從,42
圓,42
산,42
斗,42
駆,42
无,41
崔,41
布,41
友,41
佐,41
ת,41
性,41
غ,41
酒,41
尔,41
聞,41
故,41
桓,41
牛,41
基,41
व,41
Ε,41
連,41
解,41
ह,41
頭,41
初,41
季,40
呂,40
于,40
僧,40
修,40
毛,40
Э,40
聲,40
Ầ,40
端,40
典,40
将,40
万,40
泉,40
黑,40
恩,40
體,40
桂,40
園,40
ი,40
面,40
死,40
琴,40
공,40
Φ,40
장,40
ァ,40
浦,40
熙,39
任,39
次,39
蘇,39
ם,39
क,39
ż,39
力,39
ė,39
Ш,39
デ,39
界,39
了,38
容,38
好,38
車,38
謙,38
校,38
尉,38
儀,38
蔡,38
刘,38
烈,38
賀,38
해,38
卿,38
句,38
サ,38
首,38
秀,38
運,38
乙,38
鎮,38
Ș,38
ʊ,38
許,38
수,38
め,38
아,38
서,38
航,38
镇,37
室,37
拉,37
童,37
毅,37
賢,37
つ,37
汝,37
守,37
洞,37
加,37
ศ,37
娘,37
靖,37
姜,37
易,37
豐,37
商,37
부,37
강,37
雷,37
於,37
Ж,36
簡,36
男,36
嚴,36
廷,36
妙,36
も,36
þ,36
衣,36
洛,36
ÿ,36
術,36
ウ,36
コ,36
井,36
溪,36
喜,36
斯,36
比,36
经,36
宫,36
ț,36
ひ,36
盛,35
最,35
姓,35
传,35
麗,35
Ề,35
足,35
希,35
ն,35
切,35
무,35
라,35
制,35
嗣,35
曰,35
ʃ,34
申,34
余,34
支,34
陶,34
わ,34
科,34
ガ,34
尹,34
父,34
獻,34
劍,34
尼,34
प,34
純,34
磨,34
菩,34
交,34
虞,34
血,34
시,34
竹,34
哲,34
彝,33
徽,33
우,33
就,33
孟,33
魯,33
爾,33
ュ,33
船,33
宜,33
客,33
羽,33
衛,33
ょ,33
Ò,33
赵,33
目,33
ग,33
敏,33
才,33
佘,33
角,33
步,33
Ù,33
宝,32
護,32
경,32
ビ,32
迎,32
封,32
尾,32
ษ,32
庚,32
Ọ,32
食,32
圖,32
태,32
ک,32
兴,32
班,32
果,32
鏡,32
懿,32
ր,32
军,32
眼,32
浪,32
未,32
진,32
开,31
象,31
存,31
訓,31
霸,31
ס,31
유,31
פ,31
銀,31
益,31
孙,31
齋,31
Ờ,31
歸,31
エ,31
侍,31
민,31
ニ,31
स,31
雙,31
熊,31
孔,31
總,31
施,31
望,31
始,31
ɨ,31
ゅ,31
伽,31
彥,30
識,30
현,30
ญ,30
影,30
茂,30
直,30
甄,30
蓮,30
段,30
动,30
乐,30
일,30
ཆ,30
ཀ,30
け,30
督,30
丸,30
由,30
裴,30
ल,30
干,30
印,30
譚,30
難,30
池,30
格,30
溫,30
鴻,30
甘,30
금,30
び,30
舍,30
화,30
骨,30
紫,30
ね,30
哈,30
照,29
记,29
殷,29
兒,29
号,29
Ν,29
忍,29
峰,29
雅,29
登,29
話,29
榮,29
間,29
津,29
復,29
揚,29
說,29
문,29
າ,29
제,29
巨,29
랑,29
魚,29
耳,29
군,29
懷,29
落,29
하,29
で,29
盧,28
右,28
Þ,28
ハ,28
Θ,28
浮,28
略,28
遺,28
剛,28
む,28
パ,28
ザ,28
仮,28
Ừ,28
ʿ,28
辛,28
乡,28
邑,28
婦,28
表,28
Ἀ,28
弦,28
학,28
雨,28
輪,28
비,28
當,28
寒,27
韶,27
向,27
甫,27
Ю,27
ק,27
育,27
森,27
ภ,27
メ,27
ត,27
到,27
旦,27
受,27
翁,27
婆,27
ツ,27
樓,27
輝,27
Ì,27
나,27
상,27
臺,27
根,27
寂,27
ງ,27
红,26
深,26
夢,26
實,26
罗,26
孤,26
報,26
淨,26
烏,26
發,26
監,26
为,26
齐,26
纳,26
意,26
双,26
念,26
形,26
素,26
연,26
完,26
與,26
麻,26
備,26
微,26
안,26
桥,26
乾,26
ո,26
央,26
だ,26
す,26
程,26
중,26
소,26
党,26
兩,26
苗,26
晋,26
戊,25
ʒ,25
繼,25
處,25
勒,25
呼,25
位,25
ɡ,25
を,25
园,25
ស,25
欢,25
管,25
超,25
毘,25
悟,25
ョ,25
彌,25
問,25
교,25
鳥,25
ज,25
幽,25
광,25
袁,25
肅,25
ص,25
然,25
取,25
რ,25
壬,25
ວ,25
徳,25
战,25
Τ,25
ώ,25
ɾ,25
列,25
岳,25
般,25
ず,25
澄,24
非,24
薩,24
已,24
必,24
ө,24
留,24
唯,24
感,24
去,24
牙,24
犬,24
ħ,24
関,24
廟,24
獄,24
ダ,24
碧,24
蒲,24
ミ,24
米,24
澤,24
量,24
珍,24
射,24
瓊,24
番,24
ब,24
芳,24
際,24
馮,24
ť,24
Ο,24
祿,24
倭,24
習,24
舞,24
최,24
丘,24
机,24
邦,24
양,24
Ể,24
稱,24
杞,24
场,23
察,23
Γ,23
彭,23
策,23
陰,23
翼,23
Ż,23
麟,23
精,23
佑,23
鳳,23
薛,23
モ,23
委,23
放,23
魔,23
豆,23
帥,23
姚,23
淑,23
团,23
內,23
鹿,23
羊,23
プ,23
服,23
淵,23
岸,23
ի,23
오,23
再,23
他,23
錢,23
曾,23
ɐ,23
Ắ,23
汗,23
남,23
争,23
垂,23
巫,23
赣,23
遁,23
ម,23
革,22
末,22
升,22
久,22
農,22
桃,22
演,22
權,22
屋,22
韋,22
پ,22
庆,22
亂,22
盟,22
狄,22
亦,22
健,22
什,22
황,22
奴,22
雍,22
炎,22
ს,22
Β,22
头,22
豫,22
ワ,22
符,22
匡,22
楽,22
إ,22
變,22
ノ,22
半,22
休,22
戒,22
版,22
宿,22
環,22
们,21
ח,21
כ,21
離,21
依,21
期,21
油,21
或,21
寿,21
노,21
讀,21
乌,21
終,21
ェ,21
鼎,21
鐵,21
य,21
ピ,21
ន,21
竇,21
姫,21
葛,21
樹,21
殺,21
指,21
過,21
Ợ,21
瑜,21
ご,21
住,21
요,21
ゃ,21
야,21
어,21
潮,21
静,21
領,21
此,21
श,21
や,21
ソ,21
乃,21
頌,20
荀,20
隱,20
律,20
홍,20
渡,20
反,20
寬,20
昇,20
病,20
著,20
横,20
画,20
俊,20
ใ,20
廉,20
房,20
다,20
은,20
达,20
Ι,20
ј,20
보,20
圣,20
آ,20
警,20
勤,20
淳,20
义,20
گ,20
慎,20
嶺,20
堅,20
连,20
临,20
倉,20
曇,20
庭,20
ե,20
湯,20
鳴,20
运,20
兰,20
譜,20
群,20
敦,20
允,20
送,20
苏,20
錫,20
ἀ,20
방,20
求,20
館,20
掌,20
鄉,20
朗,20
희,20
朴,20
体,20
湾,20
세,20
ג,20
閻,20
郑,20
ĭ,20
董,20
坡,20
个,19
靜,19
亮,19
顺,19
扶,19
持,19
ង,19
ប,19
株,19
远,19
卒,19
傑,19
哀,19
貢,19
近,19
質,19
桑,19
蒼,19
戸,19
弟,19
衡,19
舟,19
遊,19
緣,19
限,19
枝,19
개,19
ヴ,19
ネ,19
異,19
ヤ,19
祐,19
厚,19
幕,19
ཁ,19
範,19
閣,19
温,19
미,19
坐,19
ئ,19
銅,19
Ρ,19
眾,19
迷,19
蛇,19
防,19
黒,19
旗,19
邪,19
執,19
菊,19
絶,19
電,19
露,19
卦,19
덕,19
명,19
帛,19
삼,19
结,19
င,19
震,18
禧,18
伏,18
計,18
綏,18
儿,18
韩,18
ケ,18
ז,18
儒,18
복,18
려,18
議,18
漫,18
蛮,18
与,18
Ḥ,18
岭,18
위,18
에,18
គ,18
ณ,18
塘,18
徒,18
蜜,18
桐,18
固,18
ʰ,18
協,18
庙,18
載,18
吾,18
肉,18
见,18
鱼,18
후,18
獨,18
호,18
ῆ,18
柴,18
만,18
碩,18
因,18
詔,18
楼,18
種,18
隠,18
ほ,18
曆,18
ण,18
박,18
ギ,18
氣,18
卷,18
거,18
征,17
包,17
往,17
息,17
배,17
វ,17
造,17
退,17
賊,17
打,17
宏,17
笑,17
诗,17
戴,17
県,17
Ẫ,17
破,17
拔,17
师,17
刑,17
兄,17
軒,17
箭,17
毒,17
醉,17
鍾,17
柔,17
ე,17
渭,17
湘,17
謝,17
观,17
乱,17
雀,17
游,17
铁,17
數,17
Ĩ,17
片,17
豊,17
ľ,17
審,17
图,17
회,17
午,17
庵,17
走,17
皆,17
宰,17
致,17
詞,17
資,17
曜,17
陆,17
歲,17
瞿,17
ध,17
Ỳ,17
ď,17
တ,17
迦,17
琵,17
琶,17
肇,16
綱,16
歡,16
蜀,16
咸,16
昊,16
ћ,16
涼,16
ˌ,16
궁,16
播,16
局,16
振,16
セ,16
ɣ,16
亨,16
晟,16
È,16
气,16
改,16
味,16
这,16
想,16
寨,16
姑,16
는,16
래,16
을,16
詠,16
勢,16
청,16
品,16
更,16
優,16
沖,16
ど,16
庫,16
假,16
ជ,16
融,16
坂,16
幼,16
媛,16
徹,16
实,16
禄,16
增,16
丙,16
苦,16
皮,16
ល,16
ລ,16
垣,16
র,16
そ,16
輔,16
마,16
여,16
攻,16
究,16
倍,16
兼,16
欲,16
祭,16
壇,16
级,16
隨,16
盘,16
戎,16
巖,16
ボ,16
雞,16
槍,16
မ,16
ນ,16
墓,15
倫,15
风,15
辯,15
遷,15
滅,15
俗,15
卜,15
צ,15
儉,15
变,15
充,15
只,15
霞,15
止,15
ɕ,15
ば,15
叶,15
顏,15
暗,15
球,15
活,15
亞,15
產,15
俠,15
強,15
現,15
荣,15
Χ,15
彦,15
彰,15
勃,15
総,15
藥,15
飞,15
滿,15
忘,15
现,15
気,15
げ,15
猛,15
ւ,15
岩,15
雜,15
研,15
창,15
浩,15
诸,15
薄,15
藝,15
編,15
夕,15
団,15
座,15
盤,15
調,15
霜,15
禹,15
Ự,15
釋,15
邊,15
阜,15
语,15
潭,15
茹,15
喇,15
간,15
들,15
Ỹ,15
彈,15
ㅇ,15
鼓,14
别,14
贊,14
約,14
對,14
茅,14
讓,14
軽,14
粉,14
耶,14
案,14
예,14
ទ,14
綿,14
札,14
冲,14
ү,14
满,14
怀,14
爱,14
话,14
杰,14
凰,14
召,14
ถ,14
ណ,14
អ,14
鲁,14
ぼ,14
惟,14
團,14
拓,14
ベ,14
ذ,14
ざ,14
零,14
履,14
蔵,14
賈,14
視,14
偉,14
岐,14
招,14
声,14
堯,14
條,14
伐,14
芒,14
霍,14
魂,14
席,14
अ,14
幻,14
膺,14
丞,14
殊,14
두,14
ぎ,14
尺,14
송,14
악,14
又,14
丈,14
含,14
注,14
耐,14
猫,14
菜,14
散,14
禁,14
號,14
冰,14
辰,14
ポ,14
阪,14
疏,14
爽,14
忽,14
杏,14
厦,14
岑,14
狼,13
荊,13
트,13
悲,13
羌,13
계,13
弓,13
授,13
墨,13
探,13
Œ,13
愍,13
岡,13
礼,13
柏,13
須,13
瀬,13
崎,13
凤,13
ɯ,13
屯,13
娥,13
鉄,13
経,13
Ử,13
錦,13
養,13
윤,13
類,13
惑,13
杉,13
塵,13
Ṣ,13
荷,13
屠,13
樊,13
耀,13
燈,13
銃,13
泽,13
序,13
ゆ,13
亲,13
卓,13
ʌ,13
務,13
坝,13
丰,13
暴,13
介,13
ὁ,13
啟,13
徵,13
յ,13
ث,13
折,13
費,13
攸,13
坪,13
奈,13
ظ,13
蘆,13
치,13
凝,13
ە,13
卑,13
聰,13
贞,13
宙,13
祝,13
剣,13
偏,13
碑,13
製,13
撃,13
鑑,13
등,13
蔣,13
운,13
翰,13
관,13
卯,13
济,13
ອ,13
历,13
로,13
祚,13
鄂,13
际,13
ゥ,13
단,13
ო,13
臥,13
န,13
ပ,13
ふ,13
ʲ,13
圆,13
蕃,13
粵,13
ཏ,13
亶,12
慕,12
瑾,12
願,12
阴,12
聽,12
藩,12
건,12
戀,12
断,12
电,12
យ,12
沐,12
引,12
秉,12
进,12
默,12
树,12
坊,12
ɒ,12
凌,12
突,12
ض,12
质,12
及,12
跋,12
諒,12
弼,12
ฟ,12
鈴,12
恋,12
怪,12
暮,12
ہ,12
雁,12
赫,12
映,12
渠,12
თ,12
肥,12
遲,12
刺,12
Ţ,12
私,12
时,12
献,12
卫,12
沃,12
盆,12
날,12
Η,12
頂,12
兜,12
背,12
그,12
스,12
ヒ,12
厲,12
淮,12
考,12
모,12
տ,12
파,12
澳,12
砂,12
용,12
獅,12
龐,12
羲,12
재,12
域,12
ῖ,12
酉,12
追,12
평,12
순,12
虜,12
凡,12
伝,12
狂,12
幸,12
峡,12
残,12
財,12
境,12
賦,12
霊,12
壁,12
璽,12
霧,12
석,12
실,12
Ŭ,12
열,12
ײ,12
恪,12
ゴ,12
丽,12
Ễ,12
爭,12
ـ,12
亥,12
ї,12
寅,12
隋,12
弥,12
务,12
歐,12
ぬ,12
க,12
북,12
牟,12
ㅡ,12
ˤ,12
甌,12
ℓ,12
涅,12
俱,12
梵,12
坎,12
器,11
恆,11
乂,11
朕,11
騎,11
證,11
Ľ,11
鄴,11
裔,11
坤,11
ホ,11
店,11
唱,11
佳,11
抱,11
像,11
轮,11
Ć,11
闘,11
불,11
울,11
塞,11
妻,11
線,11
黨,11
车,11
勳,11
내,11
剑,11
岛,11
熱,11
結,11
股,11
芝,11
瘦,11
爺,11
失,11
談,11
토,11
竜,11
狐,11
ბ,11
彪,11
庄,11
庸,11
敷,11
舉,11
樞,11
稷,11
卢,11
վ,11
ぶ,11
便,11
昆,11
巢,11
员,11
桀,11
啓,11
乎,11
亡,11
堤,11
猶,11
矣,11
鹤,11
珊,11
拜,11
聚,11
纪,11
ຫ,11
항,11
Υ,11
宦,11
眉,11
配,11
ὐ,11
կ,11
組,11
劇,11
淡,11
행,11
町,11
Ỏ,11
ɲ,11
攝,11
補,11
幹,11
감,11
植,11
仪,11
ὶ,11
冷,11
件,11
旨,11
均,11
乳,11
洗,11
荒,11
個,11
紙,11
級,11
旋,11
様,11
説,11
縄,11
還,11
誰,11
백,11
荆,11
坛,11
廠,11
儂,11
姐,11
ғ,11
ך,11
Ẹ,11
鵰,11
发,11
檀,11
ƣ,11
儼,11
托,11
ლ,11
별,11
瓦,11
荔,11
螺,11
せ,11
ະ,11
ຊ,11
ἱ,11
추,11
阁,11
ῶ,11
ཟ,11
裳,11
卍,11
术,10
冀,10
胤,10
絕,10
榜,10
遂,10
敗,10
員,10
契,10
着,10
熟,10
悉,10
没,10
系,10
楠,10
韦,10
丕,10
早,10
遮,10
생,10
ผ,10
豪,10
ḗ,10
筆,10
陣,10
遵,10
医,10
畫,10
虹,10
Ã,10
鷹,10
賭,10
怒,10
媚,10
ォ,10
贾,10
溝,10
Ά,10
乞,10
叡,10
嵩,10
衍,10
祀,10
副,10
晏,10
Ñ,10
Ա,10
癸,10
胜,10
適,10
藍,10
差,10
額,10
邢,10
锦,10
준,10
贺,10
楷,10
ű,10
昏,10
貫,10
贵,10
춘,10
凉,10
봉,10
広,10
吏,10
当,10
嫁,10
既,10
規,10
笙,10
絲,10
翠,10
脫,10
織,10
稽,10
亚,10
冬,10
尽,10
即,10
技,10
沸,10
点,10
旅,10
桜,10
眠,10
創,10
尋,10
敢,10
棋,10
算,10
鼻,10
謀,10
吕,10
论,10
續,10
菴,10
暉,10
龜,10
奎,10
니,10
崖,10
则,10
巾,10
ペ,10
말,10
灣,10
綠,10
舊,10
辭,10
灼,10
루,10
灌,10
银,10
ཐ,10
处,10
უ,10
栗,10
瀛,10
ट,10
ḷ,10
처,10
篇,10
차,10
蝶,10
戌,10
蠻,10
醫,10
ন,10
丑,10
ꪼ,10
諦,10
孚,10
ꪱ,10
餅,10
槃,10
吠,10
쟁,10
扎,9
业,9
矩,9
琦,9
禅,9
索,9
嬌,9
仇,9
愚,9
应,9
营,9
琰,9
接,9
带,9
梦,9
谢,9
瑶,9
刃,9
叉,9
ព,9
ǚ,9
ᠠ,9
问,9
仔,9
兀,9
鸟,9
寄,9
飲,9
脂,9
ड,9
秘,9
吹,9
枚,9
疆,9
悪,9
買,9
ཞ,9
მ,9
歷,9
采,9
磯,9
ვ,9
ཕ,9
戶,9
顧,9
焦,9
鸣,9
条,9
昔,9
逢,9
权,9
候,9
冯,9
斷,9
说,9
快,9
铜,9
ມ,9
璠,9
嶼,9
頃,9
면,9
砲,9
嫡,9
ぐ,9
似,9
晴,9
풍,9
橫,9
寇,9
操,9
邵,9
聯,9
鄚,9
賓,9
额,9
ء,9
钟,9
柱,9
怨,9
変,9
覽,9
鲜,9
怡,9
奚,9
逆,9
寸,9
決,9
肝,9
貝,9
具,9
係,9
奏,9
急,9
挑,9
称,9
速,9
除,9
救,9
産,9
脱,9
遇,9
項,9
煩,9
裏,9
爆,9
驚,9
독,9
舜,9
嬴,9
약,9
咎,9
峯,9
ھ,9
駱,9
农,9
壯,9
峨,9
ष,9
ℍ,9
眞,9
灵,9
餘,9
抚,9
鹽,9
喀,9
楞,9
鈐,9
赋,9
粤,9
ப,9
甸,9
족,9
溥,9
ἰ,9
竺,9
畏,9
琼,9
哥,9
曉,9
帶,9
ச,9
দ,9
皂,9
馆,9
ꪕ,9
沉,9
ខ,9
ㅏ,9
ㅓ,9
ㅣ,9
祠,8
芙,8
蓉,8
陌,8
间,8
舒,8
鮑,8
屬,8
曼,8
汽,8
虔,8
助,8
盖,8
舅,8
겸,8
駒,8
衆,8
ゲ,8
歳,8
牢,8
过,8
统,8
辟,8
谁,8
晶,8
强,8
妖,8
ḫ,8
从,8
瑤,8
滇,8
并,8
灰,8
있,8
ซ,8
へ,8
ἑ,8
당,8
攘,8
輿,8
控,8
ĺ,8
某,8
架,8
降,8
拼,8
設,8
ὰ,8
軌,8
訶,8
录,8
練,8
郢,8
泗,8
傅,8
墳,8
祁,8
դ,8
焉,8
训,8
蔽,8
妲,8
被,8
苑,8
牧,8
壮,8
颜,8
屈,8
류,8
單,8
牡,8
夺,8
穿,8
计,8
冒,8
宾,8
ປ,8
충,8
妹,8
伤,8
獣,8
篆,8
ս,8
錯,8
奥,8
육,8
몽,8
厂,8
ʕ,8
գ,8
満,8
崗,8
營,8
独,8
嬪,8
棟,8
屏,8
적,8
직,8
循,8
積,8
च,8
睦,8
벌,8
弱,8
予,8
凶,8
刊,8
旧,8
危,8
吐,8
巡,8
亜,8
判,8
板,8
附,8
恨,8
俳,8
倒,8
料,8
納,8
衰,8
討,8
答,8
階,8
準,8
艇,8
遣,8
疑,8
緒,8
導,8
潤,8
衝,8
燃,8
韻,8
郝,8
권,8
勿,8
근,8
월,8
효,8
헌,8
馱,8
點,8
ʾ,8
揆,8
ເ,8
ສ,8
渤,8
혼,8
址,8
汴,8
Ἑ,8
향,8
ŵ,8
柯,8
耿,8
联,8
报,8
资,8
게,8
와,8
녀,8
피,8
梨,8
节,8
ۇ,8
冥,8
查,8
蹤,8
莆,8
채,8
复,8
Ū,8
ῥ,8
သ,8
허,8
လ,8
蜂,8
ゼ,8
ක,8
趾,8
嘗,8
轉,8
鑒,8
Ữ,8
誼,8
麵,8
奶,8
斬,8
參,8
邱,8
ŕ,8
ɦ,8
惡,8
ཡ,8
ㄱ,8
ㅂ,8
ㅗ,8
ㅜ,8
褒,7
监,7
莲,7
撒,7
胆,7
逸,7
郁,7
纘,7
棒,7
害,7
戲,7
潼,7
珪,7
琛,7
请,7
隐,7
总,7
魅,7
享,7
畅,7
朋,7
晓,7
待,7
汪,7
廖,7
傣,7
僚,7
恒,7
旬,7
腰,7
ⁿ,7
琉,7
孺,7
虫,7
沢,7
壹,7
整,7
拍,7
投,7
姨,7
厥,7
参,7
笠,7
ヨ,7
態,7
ტ,7
چ,7
沟,7
泊,7
灯,7
瑱,7
忌,7
消,7
许,7
勉,7
ნ,7
հ,7
ὴ,7
禍,7
偃,7
仕,7
伍,7
閔,7
暘,7
戏,7
伦,7
苍,7
극,7
І,7
誓,7
嬰,7
晃,7
汾,7
바,7
Ј,7
遼,7
宪,7
猴,7
娃,7
역,7
肃,7
릉,7
림,7
곡,7
ṯ,7
網,7
형,7
滕,7
荼,7
綜,7
濬,7
宴,7
洵,7
臘,7
喬,7
심,7
奮,7
ġ,7
撫,7
单,7
敎,7
瞻,7
評,7
閩,7
蓋,7
脩,7
穴,7
Ἄ,7
鬥,7
占,7
巧,7
弁,7
朽,7
呈,7
告,7
対,7
抄,7
把,7
芸,7
泥,7
赴,7
偵,7
培,7
庶,7
推,7
細,7
短,7
裂,7
飯,7
漠,7
糖,7
繁,7
頼,7
講,7
響,7
襲,7
병,7
绍,7
승,7
혜,7
苻,7
립,7
반,7
װ,7
Щ,7
柑,7
极,7
逊,7
库,7
朔,7
佩,7
岗,7
諧,7
滄,7
叟,7
辽,7
麥,7
翊,7
돌,7
钦,7
璟,7
ὸ,7
ἄ,7
늘,7
边,7
劳,7
갈,7
雕,7
莱,7
昂,7
က,7
စ,7
찬,7
ພ,7
ກ,7
ည,7
Ř,7
떡,7
ங,7
楨,7
목,7
과,7
ရ,7
ぁ,7
效,7
밥,7
ǫ,7
鄱,7
賁,7
頤,7
拂,7
謂,7
芬,7
환,7
ບ,7
গ,7
哉,7
柘,7
峻,7
葡,7
昧,7
ꪉ,7
奘,7
ཤ,7
ㄷ,7
约,6
枪,6
盗,6
薪,6
漳,6
閭,6
偶,6
誨,6
罕,6
斌,6
辨,6
圭,6
捷,6
량,6
对,6
绥,6
圃,6
惜,6
銘,6
姿,6
几,6
贤,6
崑,6
ў,6
齿,6
ų,6
踐,6
슬,6
砕,6
済,6
展,6
통,6
璃,6
旺,6
勾,6
混,6
筒,6
ユ,6
艾,6
禾,6
劫,6
傾,6
圍,6
甜,6
針,6
ฐ,6
淄,6
ڠ,6
努,6
伸,6
滝,6
輸,6
倚,6
沒,6
稚,6
稜,6
綺,6
暢,6
婉,6
詳,6
豹,6
隈,6
盐,6
ゾ,6
协,6
晚,6
廊,6
启,6
姒,6
聶,6
傲,6
鞅,6
妮,6
黔,6
滩,6
扈,6
燮,6
疾,6
麦,6
诏,6
Ե,6
篤,6
佬,6
涯,6
포,6
Մ,6
Հ,6
幣,6
扬,6
圻,6
縱,6
応,6
맹,6
葵,6
宛,6
온,6
潜,6
豨,6
吟,6
浚,6
斋,6
佗,6
煉,6
鐘,6
웅,6
임,6
각,6
扁,6
초,6
恥,6
嶽,6
邯,6
拐,6
琅,6
낙,6
麒,6
溶,6
畢,6
暫,6
달,6
Ặ,6
旭,6
且,6
写,6
矢,6
示,6
兆,6
宅,6
但,6
困,6
役,6
抗,6
底,6
彼,6
泣,6
述,6
悔,6
栄,6
単,6
従,6
脈,6
陛,6
側,6
偽,6
排,6
虚,6
週,6
握,6
暑,6
焼,6
筋,6
絵,6
遍,6
随,6
愁,6
猿,6
睡,6
継,6
腹,6
穀,6
誌,6
踊,6
酸,6
慮,6
憤,6
標,6
権,6
罷,6
趣,6
選,6
録,6
厳,6
覆,6
翻,6
駕,6
Έ,6
賴,6
べ,6
玲,6
雯,6
鎭,6
훈,6
음,6
璘,6
繆,6
梧,6
炮,6
适,6
ņ,6
थ,6
록,6
巳,6
қ,6
懋,6
侶,6
闊,6
鋒,6
遜,6
椎,6
諫,6
琳,6
翔,6
琮,6
涉,6
祸,6
訣,6
还,6
贝,6
宓,6
词,6
宸,6
쌍,6
막,6
箸,6
祜,6
榆,6
沧,6
腳,6
길,6
蟲,6
乍,6
竟,6
两,6
濕,6
த,6
름,6
ច,6
ຈ,6
드,6
ခ,6
杂,6
균,6
毗,6
怛,6
逵,6
鎌,6
緡,6
씨,6
ཙ,6
ர,6
애,6
골,6
貳,6
ຳ,6
투,6
럼,6
淀,6
撰,6
ὅ,6
碗,6
恬,6
漴,6
旵,6
畿,6
獵,6
詮,6
蝴,6
ຽ,6
韃,6
鉞,6
裨,6
য,6
遗,6
雒,6
괘,6
勐,6
剎,6
ᠡ,6
ཚ,6
闍,6
颐,6
萄,6
惕,6
ɓ,6
旡,6
ㅐ,6
ㅔ,6
ㅁ,6
寻,5
蓝,5
溜,5
庐,5
鲍,5
韜,5
鐸,5
熹,5
邓,5
臧,5
迁,5
규,5
ฉ,5
숭,5
騷,5
视,5
婚,5
喉,5
锡,5
免,5
漸,5
饒,5
瑀,5
氐,5
核,5
种,5
让,5
迹,5
奕,5
阎,5
维,5
龔,5
姉,5
挺,5
拾,5
玛,5
Ṃ,5
畜,5
ɴ,5
読,5
손,5
프,5
綾,5
邕,5
禎,5
皋,5
傷,5
岱,5
彩,5
ἐ,5
專,5
帖,5
奔,5
ฤ,5
उ,5
聊,5
Ī,5
梓,5
ヶ,5
茨,5
鸡,5
纲,5
歇,5
龚,5
ც,5
幡,5
廢,5
騰,5
捨,5
藻,5
俞,5
顥,5
睢,5
琨,5
数,5
羿,5
Ψ,5
妺,5
籍,5
份,5
甚,5
聂,5
养,5
鸿,5
倩,5
划,5
看,5
泪,5
瑪,5
迪,5
巽,5
痴,5
奭,5
毕,5
涂,5
尧,5
揭,5
简,5
激,5
僖,5
꽃,5
悼,5
녕,5
Ἐ,5
殤,5
란,5
타,5
炳,5
령,5
駿,5
ক,5
Ṭ,5
汕,5
粹,5
啊,5
暠,5
峒,5
载,5
腸,5
萨,5
髮,5
栋,5
մ,5
ը,5
媧,5
渾,5
煥,5
驕,5
ᠨ,5
叢,5
各,5
穂,5
譯,5
惇,5
拏,5
产,5
斤,5
付,5
氷,5
仰,5
抑,5
束,5
実,5
枢,5
沿,5
泡,5
冠,5
枯,5
浄,5
疫,5
郊,5
借,5
匿,5
捜,5
瓶,5
途,5
喝,5
掃,5
添,5
票,5
移,5
豚,5
貧,5
郷,5
釣,5
傘,5
堪,5
弾,5
畳,5
痛,5
硬,5
絞,5
貿,5
棄,5
滑,5
置,5
蒸,5
試,5
跡,5
僕,5
漏,5
稲,5
憂,5
敵,5
潔,5
箱,5
縁,5
請,5
賜,5
濁,5
爵,5
療,5
観,5
祺,5
戚,5
輯,5
楓,5
酱,5
醬,5
ʐ,5
弗,5
沮,5
婕,5
묘,5
ң,5
盈,5
ױ,5
鄒,5
Ս,5
ῷ,5
奧,5
擊,5
仆,5
ຍ,5
衫,5
婁,5
热,5
毋,5
侃,5
佶,5
硕,5
첫,5
㫒,5
瓜,5
臂,5
决,5
裙,5
贛,5
恕,5
瞳,5
曄,5
橘,5
帘,5
鞭,5
檢,5
讚,5
भ,5
侨,5
潛,5
년,5
狗,5
ङ,5
辉,5
箐,5
堰,5
闻,5
ڭ,5
显,5
浣,5
些,5
顶,5
穩,5
牌,5
貌,5
읍,5
埔,5
鴨,5
榔,5
轩,5
冈,5
尙,5
კ,5
谋,5
骑,5
桢,5
剧,5
蝦,5
棍,5
ʂ,5
訥,5
ḏ,5
ἔ,5
ქ,5
Ἡ,5
ර,5
站,5
窟,5
赞,5
宽,5
발,5
ὀ,5
Ζ,5
침,5
저,5
禺,5
람,5
ਰ,5
寫,5
흥,5
鯉,5
弩,5
버,5
ⵉ,5
너,5
빛,5
匈,5
嘛,5
褚,5
贡,5
洱,5
廬,5
蓬,5
枕,5
伎,5
螳,5
螂,5
蘊,5
椅,5
皓,5
芦,5
釜,5
腾,5
寳,5
羯,5
嘅,5
ல,5
嫗,5
愈,5
Õ,5
ব,5
স,5
俄,5
ῦ,5
羞,5
ꪒ,5
ʷ,5
ত,5
啼,5
尤,5
瑟,5
鳩,5
棹,5
ꪎ,5
煚,5
惱,5
ཅ,5
淫,5
鸞,5
雖,5
礮,5
ㅑ,5
ㅕ,5
ㅛ,5
ㅠ,5
ㅌ,5
ㅍ,5
ㅈ,5
ㅚ,5
ㆍ,5
绿,4
莉,4
筝,4
卧,4
异,4
諮,4
勸,4
萊,4
圜,4
硃,4
騭,4
槐,4
膠,4
槱,4
羋,4
倡,4
姻,4
㝏,4
湛,4
湣,4
塚,4
匹,4
ฒ,4
脉,4
例,4
悦,4
每,4
笔,4
岁,4
ฏ,4
腐,4
诺,4
님,4
鬧,4
詢,4
辅,4
蕙,4
ਸ,4
兗,4
瑠,4
頊,4
践,4
类,4
坦,4
ˇ,4
逃,4
灘,4
漁,4
胭,4
ۆ,4
齡,4
龄,4
ይ,4
沼,4
ხ,4
渟,4
濱,4
柞,4
湓,4
奐,4
皎,4
燁,4
誕,4
穎,4
儋,4
孰,4
譽,4
渦,4
迥,4
肚,4
亳,4
纣,4
床,4
谏,4
离,4
样,4
骆,4
兽,4
却,4
颖,4
汤,4
甯,4
乔,4
矯,4
笼,4
缘,4
绝,4
肠,4
盲,4
侠,4
猪,4
杯,4
彤,4
噶,4
领,4
ळ,4
इ,4
愿,4
케,4
ἡ,4
揮,4
吞,4
苹,4
嵬,4
네,4
晩,4
합,4
捏,4
շ,4
晁,4
ᾶ,4
隻,4
归,4
Թ,4
毫,4
渺,4
仏,4
Ἔ,4
插,4
蟾,4
ল,4
ឃ,4
翹,4
倪,4
项,4
詰,4
ដ,4
摂,4
ឌ,4
澹,4
伟,4
葫,4
疊,4
총,4
할,4
靚,4
귀,4
勞,4
づ,4
轄,4
秩,4
侗,4
贈,4
斎,4
ធ,4
麼,4
살,4
冊,4
庁,4
犯,4
両,4
叫,4
帆,4
舌,4
低,4
並,4
抹,4
抽,4
歩,4
況,4
泳,4
炉,4
勅,4
巻,4
括,4
染,4
炭,4
発,4
俸,4
帯,4
殉,4
涙,4
畝,4
耕,4
辱,4
圏,4
崩,4
帳,4
悠,4
掛,4
措,4
笛,4
累,4
舶,4
訟,4
軟,4
閉,4
幾,4
暁,4
検,4
絡,4
給,4
葬,4
嘆,4
寛,4
暖,4
煙,4
署,4
辞,4
鉢,4
徴,4
構,4
模,4
歴,4
滴,4
漬,4
認,4
閥,4
需,4
億,4
慰,4
撮,4
膚,4
賞,4
餓,4
壌,4
緯,4
鋼,4
醜,4
瞬,4
鎖,4
題,4
懸,4
躍,4
菇,4
첩,4
든,4
鋪,4
函,4
桔,4
르,4
醤,4
璋,4
霄,4
汇,4
档,4
喃,4
輕,4
농,4
설,4
墉,4
粥,4
賣,4
欣,4
霖,4
敖,4
탕,4
賤,4
鏞,4
謨,4
爸,4
價,4
陷,4
ܥ,4
ܢ,4
嚣,4
卡,4
薰,4
靺,4
鞨,4
鈞,4
십,4
瓚,4
瑭,4
霓,4
毓,4
瑗,4
鄕,4
ⵍ,4
ⵏ,4
煦,4
瑋,4
昀,4
孜,4
妤,4
线,4
矿,4
ɚ,4
ℝ,4
ℂ,4
费,4
식,4
봐,4
몰,4
증,4
谨,4
磐,4
ჭ,4
萩,4
墟,4
ぽ,4
套,4
肘,4
棉,4
糊,4
茫,4
奄,4
仗,4
杭,4
沅,4
隼,4
豬,4
顗,4
ம,4
ʎ,4
ˠ,4
廈,4
樵,4
ຣ,4
레,4
ʏ,4
ဟ,4
ဝ,4
패,4
芻,4
癡,4
լ,4
沛,4
ന,4
筑,4
爷,4
ˁ,4
辣,4
沂,4
暎,4
ぃ,4
虢,4
ĕ,4
邾,4
새,4
크,4
猷,4
囊,4
ɜ,4
垢,4
鍵,4
濠,4
Ἰ,4
樣,4
收,4
ὑ,4
ख,4
扳,4
집,4
દ,4
艷,4
释,4
阯,4
ဘ,4
恰,4
ਹ,4
ٹ,4
峴,4
闵,4
讨,4
赖,4
萧,4
茱,4
棠,4
ທ,4
Ẻ,4
술,4
嘴,4
陝,4
글,4
Ą,4
鉗,4
箝,4
拑,4
桩,4
晛,4
犛,4
渴,4
渚,4
胶,4
繦,4
綂,4
繩,4
彘,4
摭,4
堆,4
袴,4
ʤ,4
鳖,4
调,4
শ,4
ຄ,4
驅,4
醴,4
吃,4
队,4
প,4
规,4
旻,4
愼,4
敞,4
ŗ,4
环,4
Қ,4
裘,4
膽,4
簾,4
谱,4
鶯,4
갑,4
箏,4
潯,4
掩,4
盡,4
嘈,4
頓,4
繞,4
ϵ,4
Ď,4
Ň,4
Ť,4
茜,4
黏,4
謠,4
釘,4
戈,4
馨,4
ꪙ,4
豁,4
奠,4
寰,4
虛,4
闕,4
㵮,4
絳,4
隴,4
艮,4
瑩,4
娛,4
ཉ,4
籙,4
蜆,4
ꪣ,4
𤞽,4
𡙧,4
ɗ,4
簫,4
盂,4
ꪩ,4
ㅊ,4
ㅋ,4
ㅟ,4
护,3
粱,3
烂,3
贼,3
尝,3
愔,3
愉,3
邈,3
纂,3
吝,3
她,3
玩,3
顾,3
岌,3
瓌,3
釗,3
郃,3
閏,3
苓,3
裵,3
朮,3
拙,3
笏,3
沭,3
誉,3
巍,3
蛟,3
晨,3
壤,3
拘,3
琪,3
题,3
吸,3
刷,3
绩,3
谭,3
娜,3
霆,3
锋,3
ĝ,3
堡,3
牲,3
妓,3
를,3
러,3
밤,3
繹,3
骏,3
鬱,3
ѣ,3
彊,3
斡,3
啜,3
紮,3
昰,3
盒,3
玫,3
瑰,3
漆,3
蠱,3
裸,3
霹,3
扣,3
媽,3
락,3
틀,3
狀,3
醒,3
隸,3
ረ,3
瑛,3
寝,3
გ,3
ძ,3
寔,3
悅,3
洽,3
舂,3
Ἱ,3
Ὑ,3
滨,3
円,3
皖,3
佞,3
沌,3
煬,3
彧,3
驗,3
刚,3
犍,3
염,3
嫦,3
љ,3
Ὄ,3
斐,3
逄,3
靡,3
虐,3
孩,3
虏,3
豕,3
陟,3
泄,3
稹,3
婿,3
瑚,3
妈,3
휘,3
며,3
ђ,3
諾,3
ἕ,3
鹰,3
囲,3
誦,3
钧,3
烜,3
姞,3
臼,3
釐,3
閬,3
አ,3
ማ,3
ር,3
숨,3
犁,3
率,3
册,3
菱,3
髆,3
窦,3
衞,3
榛,3
작,3
맥,3
媒,3
ծ,3
ք,3
թ,3
ף,3
ヌ,3
翅,3
歓,3
ণ,3
伴,3
諷,3
荘,3
庞,3
ฮ,3
顔,3
彬,3
燒,3
濯,3
僩,3
麓,3
媯,3
Ἅ,3
ˡ,3
딩,3
줄,3
补,3
淺,3
체,3
앙,3
검,3
違,3
恽,3
ḳ,3
례,3
驩,3
誘,3
ļ,3
闽,3
謚,3
瀍,3
ហ,3
妍,3
欠,3
企,3
妄,3
肌,3
呉,3
坑,3
抜,3
災,3
肖,3
串,3
券,3
刻,3
抵,3
押,3
欧,3
泌,3
祈,3
舎,3
迫,3
邸,3
乗,3
削,3
厘,3
咲,3
専,3
怠,3
昨,3
査,3
浅,3
狭,3
盾,3
肺,3
胎,3
臭,3
准,3
凍,3
宵,3
恐,3
恵,3
扇,3
浜,3
浴,3
畔,3
紋,3
脅,3
堀,3
採,3
脚,3
菓,3
蛍,3
郵,3
陪,3
喪,3
帽,3
廃,3
棚,3
歯,3
滋,3
硫,3
腕,3
裁,3
証,3
貸,3
距,3
軸,3
閑,3
催,3
債,3
塗,3
損,3
携,3
罪,3
誇,3
隔,3
頑,3
飽,3
増,3
慢,3
漂,3
磁,3
緑,3
罰,3
銑,3
銭,3
障,3
雌,3
雑,3
髪,3
撲,3
踏,3
輩,3
駐,3
憶,3
濃,3
獲,3
薬,3
避,3
嚇,3
懲,3
績,3
覧,3
謹,3
購,3
繕,3
職,3
覇,3
簿,3
鵝,3
Ẓ,3
њ,3
Ë,3
糕,3
淇,3
崱,3
梗,3
琥,3
ញ,3
淩,3
鉴,3
緝,3
鍋,3
闾,3
茲,3
纯,3
渊,3
Ẵ,3
籠,3
臻,3
鄰,3
娣,3
哭,3
鹏,3
縯,3
药,3
菲,3
Վ,3
Ն,3
ܡ,3
ܐ,3
誅,3
篡,3
珈,3
飴,3
廩,3
儔,3
々,3
珦,3
庾,3
蹟,3
棘,3
頡,3
蹇,3
袞,3
按,3
縻,3
粲,3
鄆,3
璨,3
貽,3
昱,3
勍,3
筠,3
涿,3
芈,3
칠,3
ద,3
련,3
혁,3
ಪ,3
冢,3
胄,3
법,3
협,3
标,3
萱,3
皈,3
蹄,3
诚,3
걸,3
佃,3
완,3
娄,3
물,3
디,3
알,3
표,3
礽,3
轻,3
პ,3
洮,3
ۋ,3
积,3
麩,3
礦,3
鑛,3
觉,3
ぞ,3
侑,3
腿,3
嵋,3
饶,3
哨,3
暨,3
鹅,3
怕,3
這,3
朧,3
圉,3
郧,3
嵐,3
呪,3
蒋,3
ட,3
卞,3
淪,3
욱,3
腊,3
锐,3
舫,3
텔,3
빈,3
ర,3
蚤,3
烦,3
窈,3
窕,3
ദ,3
യ,3
ञ,3
घ,3
숙,3
鹃,3
倾,3
ܓ,3
蒞,3
좌,3
閒,3
ἴ,3
ゐ,3
ゑ,3
랜,3
杖,3
𐎠,3
弃,3
ǣ,3
煃,3
聿,3
범,3
융,3
ɫ,3
鼠,3
까,3
浹,3
编,3
髓,3
ʋ,3
爪,3
戩,3
ฬ,3
凪,3
梯,3
없,3
춰,3
淸,3
밀,3
稻,3
အ,3
ਬ,3
驪,3
筵,3
璧,3
稠,3
悄,3
블,3
격,3
함,3
秤,3
ⵜ,3
ⴰ,3
韵,3
솥,3
览,3
잡,3
ḡ,3
犀,3
饭,3
烧,3
ფ,3
淹,3
忧,3
Ğ,3
截,3
迟,3
灶,3
吁,3
愧,3
煜,3
做,3
檄,3
ⵔ,3
玖,3
顒,3
罟,3
罔,3
沆,3
棕,3
薔,3
衢,3
萍,3
辖,3
瞽,3
呢,3
冕,3
犢,3
瀾,3
备,3
涇,3
曽,3
续,3
ໄ,3
ແ,3
滸,3
ম,3
হ,3
ট,3
峩,3
फ,3
ດ,3
裝,3
蒯,3
喋,3
ղ,3
湜,3
鑼,3
啄,3
髻,3
赭,3
鵲,3
冶,3
暊,3
泮,3
萝,3
涵,3
জ,3
禑,3
壶,3
饼,3
爻,3
譴,3
鎧,3
檜,3
痣,3
斑,3
纏,3
謫,3
撥,3
豈,3
嘲,3
杲,3
獎,3
夹,3
閨,3
鑪,3
穗,3
ṟ,3
ත,3
祇,3
ꪫ,3
蕉,3
豉,3
널,3
钱,3
蠡,3
昪,3
翱,3
懶,3
매,3
苴,3
茭,3
ᠶ,3
ᠬ,3
隶,3
卐,3
貓,3
咒,3
瀠,3
烇,3
冫,3
鬘,3
浙,3
廓,3
ཨ,3
놀,3
窗,3
ɤ,3
ṓ,3
棃,3
讎,3
峪,3
閤,3
禱,3
ල,3
輋,3
沱,3
纱,3
嫱,3
惊,3
顰,3
Ξ,3
瀆,3
ꪵ,3
ꪹ,3
ꪥ,3
辕,3
𠊎,3
揞,3
洊,3
窞,3
创,3
ㅆ,3
ㅉ,3
ㅎ,3
ㄴ,3
ㄹ,3
ᇰ,3
ᇢ,3
ㅒ,3
ㅖ,3
ㅘ,3
ㅙ,3
ㅝ,3
ㅞ,3
ㅢ,3
纽,2
猎,2
姆,2
灾,2
懌,2
炬,2
터,2
夔,2
贄,2
宠,2
渝,2
蚡,2
钵,2
粳,2
袖,2
葦,2
欒,2
芹,2
蟠,2
翟,2
刁,2
嘎,2
奋,2
淝,2
另,2
曦,2
谊,2
拥,2
忆,2
蔚,2
迅,2
鸠,2
売,2
頗,2
妸,2
苔,2
雛,2
貨,2
禰,2
伷,2
洁,2
ᠵ,2
猗,2
终,2
纠,2
糾,2
ਕ,2
ਮ,2
ਘ,2
证,2
茵,2
佰,2
姦,2
檔,2
唆,2
岬,2
颂,2
劃,2
靂,2
茗,2
ठ,2
槢,2
燦,2
ብ,2
紇,2
透,2
榎,2
举,2
藹,2
Ķ,2
ķ,2
梭,2
珥,2
穰,2
勛,2
郗,2
諶,2
冑,2
綸,2
款,2
嶋,2
橿,2
蔷,2
樺,2
Ռ,2
զ,2
浞,2
笃,2
酈,2
褌,2
狸,2
糟,2
纵,2
焚,2
财,2
疲,2
刳,2
剔,2
妇,2
怜,2
敌,2
縝,2
陕,2
矫,2
Ḫ,2
债,2
粟,2
捕,2
娇,2
险,2
错,2
听,2
邀,2
稿,2
ɬ,2
锁,2
룹,2
击,2
诰,2
酆,2
昺,2
浔,2
剌,2
亩,2
烽,2
菽,2
ባ,2
ደ,2
የ,2
곁,2
쉴,2
본,2
绪,2
璇,2
驼,2
燧,2
状,2
Ĥ,2
ɵ,2
紳,2
楣,2
陞,2
蔭,2
紘,2
룡,2
嗎,2
견,2
Ē,2
僊,2
粒,2
ភ,2
毀,2
ẓ,2
薙,2
摄,2
Տ,2
맨,2
簧,2
昞,2
찰,2
판,2
赧,2
능,2
騒,2
炅,2
첨,2
ᠣ,2
ᠭ,2
郸,2
奢,2
鎬,2
𐭓,2
逮,2
薨,2
飢,2
택,2
莽,2
颍,2
洺,2
忱,2
俟,2
昉,2
콤,2
婷,2
误,2
佚,2
데,2
잎,2
収,2
弔,2
凹,2
圧,2
汁,2
皿,2
込,2
匠,2
糸,2
缶,2
児,2
否,2
妥,2
妨,2
戻,2
批,2
返,2
併,2
供,2
届,2
径,2
怖,2
披,2
拒,2
斉,2
析,2
肩,2
迭,2
阻,2
侵,2
促,2
叙,2
峠,2
胞,2
衷,2
挙,2
栽,2
浸,2
耗,2
胴,2
胸,2
託,2
逝,2
停,2
患,2
掘,2
描,2
殻,2
液,2
渋,2
眺,2
窒,2
翌,2
袋,2
販,2
責,2
険,2
割,2
喚,2
喫,2
営,2
堕,2
属,2
援,2
搭,2
替,2
測,2
煮,2
疎,2
硝,2
税,2
装,2
訴,2
診,2
貯,2
働,2
塊,2
塩,2
暇,2
碁,2
褐,2
該,2
酪,2
鉛,2
預,2
飾,2
塾,2
奪,2
寡,2
層,2
摘,2
箇,2
酷,2
駄,2
駅,2
寮,2
慣,2
戯,2
潟,2
稼,2
窮,2
緩,2
舗,2
謁,2
鋭,2
黙,2
嬢,2
憾,2
懐,2
擁,2
穏,2
縛,2
縦,2
諭,2
擬,2
燥,2
礁,2
頻,2
繭,2
験,2
臓,2
鯨,2
譲,2
腔,2
呃,2
碼,2
浏,2
慄,2
응,2
槻,2
歧,2
코,2
ʑ,2
薑,2
芥,2
ថ,2
燾,2
勵,2
灝,2
睺,2
臏,2
蛙,2
韬,2
篪,2
린,2
轸,2
阙,2
匕,2
戍,2
渙,2
薊,2
敕,2
麴,2
掖,2
팔,2
𐭕,2
𐭉,2
蟜,2
괄,2
愃,2
緈,2
蕩,2
啦,2
憫,2
ḱ,2
բ,2
Խ,2
չ,2
霑,2
繪,2
ฎ,2
蜥,2
ܟ,2
悌,2
Ȳ,2
倶,2
琲,2
袍,2
邠,2
翳,2
羡,2
构,2
驛,2
爲,2
층,2
勖,2
汭,2
涓,2
綰,2
歆,2
답,2
芷,2
ә,2
Ｄ,2
雫,2
殲,2
騮,2
㬎,2
Ũ,2
腑,2
摶,2
鄩,2
肱,2
諤,2
崙,2
ǯ,2
鎔,2
蔑,2
鈔,2
珣,2
俺,2
璜,2
膝,2
郴,2
捩,2
曙,2
鍼,2
擴,2
莒,2
暹,2
祕,2
棣,2
樱,2
淚,2
绚,2
棗,2
巿,2
顛,2
拱,2
逼,2
兮,2
漱,2
尻,2
ϊ,2
琚,2
邳,2
侁,2
책,2
절,2
망,2
뚜,2
담,2
점,2
눈,2
않,2
필,2
涟,2
赐,2
缙,2
迓,2
读,2
众,2
挂,2
稔,2
细,2
仡,2
闸,2
邗,2
漣,2
响,2
盜,2
ぷ,2
熾,2
颛,2
劈,2
褔,2
瞀,2
緜,2
樸,2
枣,2
滦,2
莎,2
嵊,2
瑄,2
ܒ,2
滾,2
呀,2
朦,2
跌,2
庇,2
檳,2
贲,2
ฃ,2
煌,2
绵,2
邻,2
汀,2
篢,2
炸,2
愷,2
ſ,2
弉,2
选,2
瀲,2
ழ,2
வ,2
ய,2
蛾,2
Ῥ,2
緬,2
蟹,2
ې,2
ဗ,2
驃,2
皐,2
拿,2
濂,2
특,2
淜,2
丫,2
晙,2
玠,2
뮤,2
촌,2
Й,2
繇,2
옥,2
儲,2
మ,2
గ,2
吒,2
ց,2
ռ,2
軫,2
妆,2
铭,2
綬,2
闯,2
Ӏ,2
諱,2
Կ,2
頁,2
鄺,2
议,2
옹,2
稗,2
彙,2
亻,2
网,2
誥,2
盃,2
姸,2
ܕ,2
ܣ,2
憐,2
珂,2
矧,2
匂,2
ڈ,2
媳,2
깍,2
𐎼,2
업,2
吻,2
찌,2
Ａ,2
Ｉ,2
婢,2
啧,2
淓,2
鍔,2
谦,2
철,2
Ъ,2
혈,2
币,2
ற,2
鸦,2
肾,2
竭,2
镒,2
언,2
摸,2
탄,2
ჯ,2
ؤ,2
爛,2
વ,2
멱,2
닭,2
谿,2
ﻴ,2
ﻲ,2
櫻,2
哪,2
糠,2
렬,2
ਦ,2
吊,2
ے,2
诩,2
阝,2
Ђ,2
萸,2
ṿ,2
弄,2
殘,2
친,2
먹,2
쥐,2
얼,2
굴,2
같,2
께,2
끄,2
ⵟ,2
ⵡ,2
郞,2
霛,2
쇠,2
돼,2
겹,2
빔,2
璵,2
클,2
느,2
뽐,2
쿵,2
누,2
须,2
焘,2
执,2
穢,2
懺,2
闇,2
魍,2
魎,2
Ꜣ,2
劝,2
办,2
黛,2
璿,2
დ,2
裹,2
軾,2
獸,2
ª,2
Ű,2
辶,2
ǂ,2
蹦,2
澍,2
凯,2
储,2
冼,2
蒡,2
ဆ,2
胥,2
凭,2
诘,2
寐,2
ฯ,2
喻,2
빌,2
ฑ,2
煒,2
兎,2
蠍,2
焜,2
鵑,2
椿,2
褘,2
圳,2
薇,2
裡,2
芜,2
鹹,2
玕,2
冤,2
菏,2
碌,2
赛,2
贸,2
甪,2
巷,2
ሽ,2
濮,2
箜,2
篌,2
Ό,2
暭,2
Ἥ,2
ἥ,2
鴉,2
爐,2
瀚,2
荇,2
섭,2
璉,2
层,2
鄞,2
钢,2
棧,2
ｍ,2
梆,2
户,2
珅,2
ὡ,2
炯,2
ຂ,2
龟,2
恢,2
澂,2
翽,2
燊,2
秣,2
旁,2
荚,2
庖,2
ধ,2
俍,2
鳶,2
槿,2
ផ,2
ɽ,2
扌,2
隘,2
菰,2
专,2
坚,2
枸,2
熒,2
畹,2
盔,2
瀝,2
嫄,2
乖,2
징,2
콜,2
ژ,2
ຕ,2
妾,2
ર,2
腦,2
鴞,2
酥,2
蟬,2
黍,2
阶,2
ں,2
儁,2
瓘,2
暐,2
鸾,2
甥,2
值,2
裒,2
醯,2
䳍,2
魁,2
俶,2
曔,2
ʀ,2
陂,2
𒊭,2
棲,2
옷,2
箕,2
崂,2
潍,2
琊,2
栖,2
顿,2
转,2
紊,2
廻,2
柿,2
傕,2
樁,2
颯,2
呑,2
碎,2
掾,2
麈,2
錚,2
敘,2
妝,2
妒,2
篦,2
鞍,2
闌,2
唧,2
僻,2
淒,2
佟,2
罢,2
Ĺ,2
Ŕ,2
蕴,2
絃,2
萃,2
炫,2
靳,2
諠,2
ǜ,2
硐,2
ヲ,2
邇,2
簽,2
𐎢,2
驢,2
燭,2
曖,2
漲,2
僑,2
න,2
압,2
ꪋ,2
ꪮ,2
楂,2
ဒ,2
ယ,2
芭,2
粊,2
篠,2
废,2
큼,2
짜,2
늑,2
롭,2
번,2
맞,2
홀,2
멘,2
렇,2
젠,2
멤,2
姮,2
尖,2
ள,2
渎,2
斛,2
净,2
셔,2
昶,2
濛,2
严,2
엄,2
Ǻ,2
폐,2
ヘ,2
𥶄,2
蛋,2
羹,2
嫩,2
Ө,2
媪,2
廨,2
ᠢ,2
填,2
菁,2
冇,2
禟,2
ぇ,2
妳,2
扞,2
ﻧ,2
ﺑ,2
ﺮ,2
鐮,2
幢,2
璆,2
鏳,2
晭,2
厖,2
隍,2
ॐ,2
价,2
夾,2
僃,2
贅,2
閼,2
ཇ,2
ཛ,2
潙,2
檗,2
旃,2
搗,2
苾,2
恣,2
鋡,2
諝,2
埃,2
昑,2
奣,2
ꞗ,2
袭,2
栴,2
蝎,2
న,2
牖,2
掉,2
軀,2
譬,2
寢,2
饗,2
夙,2
酋,2
樛,2
鹦,2
綽,2
鏹,2
桶,2
ṝ,2
ぱ,2
ぢ,2
杁,2
脆,2
咕,2
嗶,2
廌,2
组,2
虧,2
曌,2
ශ,2
இ,2
ව,2
ἶ,2
ᵍ,2
聃,2
腋,2
㶞,2
挪,2
ὕ,2
ሕ,2
矉,2
糜,2
骤,2
臉,2
ȝ,2
逰,2
ᦉ,2
ᧂ,2
į,2
滬,2
沪,2
ꪠ,2
ꪗ,2
駮,2
급,2
𑣉,2
鯀,2
嶙,2
曧,2
禛,2
嶹,2
𤤰,2
葩,2
吼,2
ཧ,2
𡁠,2
揜,2
鄙,2
蟒,2
蟅,2
偈,2
礙,2
轢,2
활,2
徇,2
圈,2
ḵ,2
ɰ,2
濴,2
娟,2
沫,2
撻,2
ۈ,2
醮,2
咘,2
闭,2
阏,2
耑,2
筮,2
險,2
祗,2
濡,2
મ,2
廝,2
ꪺ,2
ⵎ,2
ⵖ,2
ⴱ,2
么,2
靠,2
穷,2
牝,2
ㄲ,2
ㄸ,2
ㅃ,2
ㆆ,2
ㅅ,2
灿,1
茉,1
艺,1
摇,1
滚,1
围,1
夸,1
勁,1
攡,1
勔,1
雋,1
엔,1
테,1
먼,1
潞,1
悝,1
娡,1
姝,1
姁,1
嫣,1
曺,1
宥,1
寊,1
叹,1
疽,1
髭,1
戞,1
霈,1
飘,1
咏,1
绽,1
炜,1
磊,1
蛭,1
𒆠,1
𒂗,1
𒄀,1
荽,1
畵,1
掸,1
擅,1
藺,1
렀,1
픔,1
었,1
鞘,1
溟,1
獺,1
憧,1
ᠦ,1
溢,1
є,1
ꙗ,1
潽,1
ਲ,1
ਜ,1
ਤ,1
ਝ,1
ਟ,1
錕,1
锟,1
櫃,1
顙,1
歼,1
ʘ,1
懼,1
羔,1
瘋,1
灸,1
巒,1
ኃ,1
ሌ,1
ገ,1
ሥ,1
ላ,1
ሴ,1
枡,1
𠮷,1
输,1
奖,1
葱,1
Ṯ,1
勻,1
勋,1
娴,1
仓,1
泾,1
龕,1
氍,1
瑒,1
暈,1
擒,1
嫕,1
嬛,1
璝,1
絢,1
黯,1
湝,1
桧,1
ზ,1
ῳ,1
涣,1
疥,1
朡,1
郕,1
嬉,1
饮,1
琁,1
燎,1
孕,1
俘,1
杼,1
扃,1
廑,1
畎,1
爬,1
탁,1
鱟,1
겨,1
罂,1
莰,1
帅,1
岚,1
鰲,1
ई,1
Ὀ,1
痤,1
ໃ,1
樒,1
瀧,1
蓓,1
蕾,1
镐,1
蒐,1
瑕,1
繄,1
囏,1
攔,1
濤,1
鑅,1
唄,1
獫,1
湦,1
丐,1
峙,1
ጤ,1
ና,1
ጃ,1
ዝ,1
ች,1
ል,1
ድ,1
ፍ,1
ን,1
ዓ,1
ለ,1
ም,1
ፊ,1
ያ,1
Ѵ,1
ѵ,1
참,1
곶,1
幂,1
糯,1
闫,1
陘,1
鱸,1
炟,1
흑,1
ᾳ,1
畠,1
蜍,1
ফ,1
鮫,1
阇,1
赊,1
鈄,1
桌,1
餛,1
飩,1
餃,1
馴,1
吧,1
珷,1
败,1
绾,1
壕,1
ឋ,1
旷,1
廙,1
遹,1
蹈,1
銓,1
珉,1
Ή,1
ճ,1
땅,1
헤,1
닛,1
懟,1
郅,1
绶,1
沘,1
鄯,1
斧,1
烛,1
론,1
ᾱ,1
ȳ,1
ᠲ,1
偕,1
雎,1
𐭀,1
𐭔,1
𐭊,1
姊,1
驁,1
撝,1
耆,1
估,1
癲,1
렐,1
勺,1
互,1
冗,1
刈,1
匁,1
厄,1
乏,1
処,1
凸,1
囚,1
払,1
斥,1
矛,1
辺,1
劣,1
弐,1
忙,1
毎,1
汚,1
芋,1
伺,1
励,1
労,1
卵,1
図,1
壱,1
妊,1
尿,1
扱,1
択,1
材,1
価,1
侮,1
効,1
劾,1
担,1
拝,1
拠,1
拡,1
枠,1
殴,1
炊,1
祉,1
肢,1
肪,1
肯,1
芽,1
茎,1
卸,1
弧,1
拷,1
挟,1
昼,1
柄,1
狩,1
畑,1
秒,1
窃,1
胃,1
訂,1
負,1
俵,1
倣,1
値,1
倹,1
剖,1
剤,1
唇,1
埋,1
娠,1
娯,1
帰,1
悩,1
挿,1
栓,1
桟,1
症,1
租,1
粋,1
紛,1
紡,1
蚊,1
蚕,1
逓,1
酌,1
陥,1
剰,1
勘,1
巣,1
彫,1
惨,1
据,1
掲,1
斜,1
械,1
渇,1
渉,1
渓,1
猟,1
窓,1
粗,1
粘,1
粛,1
粧,1
紺,1
脳,1
菌,1
訪,1
訳,1
赦,1
転,1
酔,1
釈,1
傍,1
募,1
塀,1
塁,1
幅,1
惰,1
慌,1
扉,1
換,1
揺,1
棺,1
欺,1
殖,1
減,1
湿,1
痘,1
痢,1
脹,1
覚,1
詐,1
遅,1
酢,1
鈍,1
隅,1
雇,1
雰,1
勧,1
塑,1
奨,1
嫌,1
慨,1
搬,1
搾,1
滞,1
絹,1
続,1
蓄,1
触,1
賃,1
賄,1
跳,1
較,1
酬,1
鉱,1
靴,1
頒,1
飼,1
嘱,1
憎,1
暦,1
概,1
膜,1
複,1
誤,1
遭,1
酵,1
勲,1
噴,1
墜,1
弊,1
撤,1
槽,1
確,1
窯,1
緊,1
締,1
課,1
賛,1
賠,1
鋳,1
閲,1
墾,1
壊,1
憩,1
築,1
縫,1
膨,1
薦,1
薫,1
謡,1
錘,1
錠,1
錬,1
隣,1
隷,1
齢,1
償,1
懇,1
擦,1
犠,1
縮,1
繊,1
聴,1
謄,1
鍛,1
濫,1
癒,1
癖,1
礎,1
穫,1
糧,1
襟,1
顕,1
繰,1
髄,1
鶏,1
欄,1
競,1
醸,1
畬,1
蘑,1
吗,1
鎰,1
砬,1
洸,1
继,1
剩,1
璮,1
鵠,1
淋,1
濒,1
珀,1
叮,1
噹,1
噌,1
ʦ,1
鳌,1
呬,1
巗,1
漋,1
珩,1
订,1
讹,1
昈,1
辦,1
缭,1
裪,1
靑,1
褆,1
锅,1
륭,1
阖,1
乹,1
隧,1
櫨,1
蚝,1
廋,1
窴,1
枹,1
羖,1
羝,1
苟,1
黁,1
롱,1
𐭃,1
衎,1
倢,1
访,1
肄,1
习,1
倧,1
琈,1
绫,1
璞,1
祘,1
咚,1
瑨,1
ヂ,1
Ծ,1
蜢,1
您,1
阱,1
ɝ,1
Ə,1
է,1
ܫ,1
ܘ,1
ܦ,1
劓,1
殄,1
逞,1
ግ,1
ێ,1
籃,1
朵,1
烘,1
唏,1
缺,1
澶,1
ȉ,1
梶,1
泩,1
敛,1
鼐,1
剂,1
肜,1
绀,1
珮,1
沬,1
茦,1
淖,1
职,1
袤,1
瑈,1
浍,1
탑,1
庠,1
綦,1
鐬,1
禋,1
峽,1
畋,1
玭,1
峭,1
炕,1
輅,1
扆,1
摰,1
鸷,1
颙,1
엑,1
츄,1
昖,1
岹,1
澈,1
廾,1
琿,1
芎,1
巅,1
薷,1
玶,1
椛,1
蘼,1
鉿,1
賚,1
胐,1
慥,1
嶚,1
犨,1
諲,1
銖,1
捍,1
恁,1
邽,1
硯,1
畸,1
ਖ,1
ੜ,1
厓,1
珙,1
蘋,1
అ,1
బ,1
వ,1
恤,1
휼,1
ಟ,1
ಸ,1
ಲ,1
ತ,1
ನ,1
瀨,1
蒜,1
悺,1
锢,1
挾,1
蹻,1
결,1
畓,1
欌,1
乭,1
㸴,1
怾,1
巭,1
頉,1
탈,1
䭏,1
편,1
哛,1
뿐,1
椧,1
韠,1
褲,1
Ｗ,1
ⵄ,1
ⵢ,1
ⵓ,1
Ῑ,1
垌,1
碏,1
臬,1
傭,1
确,1
昚,1
侂,1
旿,1
禥,1
죠,1
머,1
빠,1
挚,1
灑,1
飚,1
ǧ,1
琇,1
钩,1
弋,1
ㄈ,1
ㄨ,1
ˊ,1
键,1
卖,1
码,1
赡,1
辈,1
笳,1
陁,1
澎,1
더,1
隞,1
픽,1
뒤,1
뒷,1
깎,1
讬,1
缮,1
妪,1
稳,1
闲,1
卤,1
陲,1
咋,1
菖,1
笪,1
赉,1
磏,1
ฆ,1
润,1
砺,1
皑,1
鸽,1
阅,1
堈,1
鑌,1
顼,1
熔,1
佤,1
躺,1
戳,1
湔,1
涧,1
崆,1
曠,1
雾,1
骅,1
ܠ,1
楸,1
賡,1
侣,1
傻,1
寥,1
枉,1
逾,1
谒,1
垱,1
掇,1
衮,1
觞,1
侪,1
碉,1
邡,1
烨,1
Ŋ,1
荡,1
堵,1
藜,1
廚,1
淘,1
汰,1
傀,1
儡,1
冉,1
竿,1
俨,1
椽,1
縷,1
搏,1
媼,1
ǹ,1
楙,1
嵗,1
㼈,1
璀,1
嵌,1
鍪,1
购,1
蹶,1
ʝ,1
狙,1
昫,1
懒,1
詒,1
柷,1
Ḗ,1
贻,1
蕘,1
玢,1
橙,1
檸,1
싸,1
커,1
션,1
즈,1
귤,1
Ү,1
盎,1
삭,1
ధ,1
ɷ,1
묻,1
帼,1
俎,1
垍,1
晒,1
况,1
斿,1
捣,1
箹,1
鸥,1
ට,1
籽,1
വ,1
ര,1
飮,1
钓,1
焯,1
坟,1
倓,1
溏,1
垫,1
祹,1
ӈ,1
鲲,1
樋,1
Ĕ,1
ܙ,1
ܪ,1
睍,1
隄,1
晔,1
缅,1
ץ,1
郄,1
鱓,1
詭,1
ۂ,1
Ё,1
ℰ,1
蚌,1
鵜,1
鸕,1
鶿,1
葺,1
𐎱,1
𐎿,1
卅,1
졸,1
덩,1
슛,1
됐,1
던,1
墀,1
癫,1
Ｍ,1
ｃ,1
ｈ,1
ｕ,1
Ｒ,1
슴,1
霰,1
棻,1
寓,1
蔓,1
莓,1
笺,1
雳,1
炽,1
巂,1
诵,1
崧,1
邹,1
潁,1
栎,1
棷,1
桱,1
墭,1
㷩,1
弇,1
楹,1
蒌,1
栝,1
杬,1
䄄,1
륜,1
玜,1
鏟,1
䬁,1
뿌,1
茔,1
汐,1
믿,1
怎,1
覃,1
謎,1
优,1
ஜ,1
蹂,1
躙,1
焔,1
緋,1
墙,1
변,1
쉬,1
엽,1
올,1
陡,1
纸,1
પ,1
ટ,1
લ,1
谣,1
킴,1
메,1
킥,1
냐,1
잔,1
납,1
른,1
둥,1
덤,1
멈,1
멜,1
ﻟ,1
ﻠ,1
驹,1
嘿,1
喔,1
娶,1
菟,1
찜,1
棱,1
拟,1
苇,1
賰,1
昛,1
난,1
Ы,1
馥,1
ឯ,1
扯,1
钉,1
礵,1
Ḩ,1
熲,1
붉,1
损,1
僎,1
槛,1
检,1
讲,1
试,1
劭,1
忞,1
翆,1
麿,1
柊,1
Ｆ,1
Ｎ,1
Ｌ,1
뱅,1
톱,1
티,1
們,1
窺,1
擔,1
閃,1
轨,1
잊,1
Џ,1
꽉,1
험,1
푸,1
쩔,1
뭐,1
했,1
잘,1
줘,1
둬,1
꺼,1
얀,1
菅,1
邂,1
逅,1
凛,1
昴,1
肴,1
븸,1
찐,1
핑,1
존,1
것,1
때,1
쁜,1
멋,1
쾌,1
엠,1
랙,1
삐,1
빼,1
뛰,1
緄,1
隗,1
衔,1
縉,1
魈,1
昙,1
檎,1
龢,1
兕,1
绰,1
흠,1
ȁ,1
漕,1
驴,1
攀,1
壩,1
鸭,1
晳,1
颇,1
傈,1
僳,1
沾,1
鑰,1
忻,1
鳧,1
㚟,1
禽,1
笕,1
𡉕,1
𡽫,1
轍,1
筴,1
岷,1
램,1
𡡉,1
巤,1
Ę,1
Ė,1
Į,1
Ų,1
樯,1
舰,1
阵,1
拦,1
븐,1
叩,1
წ,1
匐,1
ဂ,1
ᖃ,1
ᔭ,1
ᖅ,1
藁,1
钺,1
ঢ,1
齒,1
煄,1
ๆ,1
ⴻ,1
ⵂ,1
骢,1
ᮘ,1
ᮌ,1
膿,1
窪,1
兔,1
豺,1
蠅,1
詹,1
楯,1
笮,1
卲,1
搜,1
狱,1
粿,1
洧,1
仑,1
甬,1
蕪,1
럭,1
키,1
㖇,1
铺,1
岔,1
鞏,1
椰,1
邁,1
茈,1
瀘,1
菉,1
擎,1
饑,1
翘,1
ڤ,1
艹,1
ዋ,1
骘,1
邴,1
ሐ,1
ጌ,1
Ἁ,1
㭽,1
泸,1
鼗,1
揉,1
顫,1
泛,1
逗,1
唔,1
闖,1
咁,1
烹,1
踢,1
审,1
蜒,1
鴿,1
襖,1
裺,1
𧞣,1
裩,1
佾,1
褻,1
ኣ,1
鵶,1
䐁,1
瀕,1
溙,1
淍,1
閫,1
砚,1
评,1
蔥,1
분,1
厭,1
ῴ,1
瀋,1
芮,1
蝸,1
孀,1
鴛,1
鴦,1
鸳,1
鸯,1
餞,1
鹧,1
鸪,1
仿,1
鱗,1
鶩,1
紂,1
脑,1
젖,1
騨,1
Ẽ,1
挹,1
ὥ,1
অ,1
鹜,1
亿,1
聪,1
羁,1
侬,1
枥,1
燏,1
踞,1
纷,1
帮,1
缠,1
瀏,1
樾,1
湧,1
嶧,1
幟,1
藎,1
銳,1
堃,1
鏗,1
粮,1
找,1
铸,1
ஞ,1
ண,1
𝕆,1
譙,1
ষ,1
চ,1
ಹ,1
犭,1
痕,1
茸,1
瓢,1
沜,1
轰,1
罐,1
绮,1
烙,1
楢,1
襃,1
懔,1
Ḷ,1
嚳,1
夋,1
囂,1
ꞌ,1
빨,1
깻,1
饌,1
료,1
렁,1
泓,1
讽,1
卬,1
售,1
艳,1
騄,1
樨,1
憑,1
벨,1
ડ,1
Ŝ,1
枭,1
鍚,1
螉,1
炙,1
猩,1
脣,1
纬,1
槰,1
羸,1
翦,1
蠶,1
导,1
ڑ,1
龑,1
鄜,1
紓,1
翷,1
𒀸,1
𒋗,1
𒁺,1
𐎹,1
硤,1
Ỡ,1
琏,1
軋,1
犖,1
𤐝,1
𨒒,1
𦑃,1
𠃩,1
鉦,1
踽,1
嫵,1
仝,1
髯,1
梳,1
袈,1
裟,1
揀,1
货,1
芗,1
畱,1
㦃,1
蔘,1
槊,1
貔,1
ฅ,1
彛,1
氂,1
鶤,1
외,1
嗚,1
煓,1
濶,1
彗,1
廿,1
羈,1
坭,1
鉅,1
桦,1
鉈,1
浈,1
硚,1
暕,1
ʹ,1
厢,1
辻,1
佈,1
逋,1
熞,1
ֆ,1
浒,1
𒌷,1
𒃾,1
𒇻,1
𒋫,1
𒊒,1
𒄿,1
Ἴ,1
犹,1
溧,1
閶,1
উ,1
琫,1
鍊,1
侈,1
띠,1
褂,1
撓,1
瓷,1
荫,1
렴,1
罘,1
ἠ,1
馗,1
ῡ,1
ਆ,1
ਣ,1
嗤,1
嶄,1
艶,1
梢,1
螫,1
ヅ,1
侘,1
獏,1
唼,1
狛,1
轟,1
唸,1
嚞,1
榴,1
疋,1
壷,1
鵯,1
曳,1
閧,1
剡,1
眭,1
逯,1
煨,1
賽,1
屿,1
槌,1
搶,1
捶,1
潑,1
骠,1
汲,1
颺,1
謐,1
俅,1
詵,1
攄,1
驤,1
憔,1
悴,1
徙,1
谧,1
荻,1
慘,1
攏,1
撚,1
咽,1
澀,1
漿,1
迸,1
斂,1
蟆,1
綃,1
鈿,1
污,1
稀,1
嘔,1
啞,1
哳,1
卻,1
鶘,1
滔,1
伢,1
埼,1
膀,1
窄,1
莨,1
율,1
薏,1
匏,1
Ｔ,1
绳,1
谥,1
邅,1
膻,1
筱,1
罸,1
ᐃ,1
ᒡ,1
ᓗ,1
燼,1
浑,1
㫻,1
濉,1
捞,1
篾,1
昕,1
浯,1
碇,1
鲤,1
俣,1
玦,1
櫆,1
ŷ,1
ҙ,1
Ύ,1
很,1
儺,1
驻,1
ڀ,1
ٽ,1
ṳ,1
𐎤,1
𐎽,1
𐏁,1
鄄,1
페,1
癌,1
蝋,1
ﻻ,1
攖,1
憒,1
闞,1
蔬,1
陋,1
鑊,1
攪,1
洒,1
輒,1
蠲,1
衿,1
밭,1
跃,1
拆,1
鬌,1
囗,1
韭,1
ණ,1
හ,1
අ,1
滙,1
瑻,1
皞,1
璁,1
熜,1
祓,1
榊,1
坖,1
ꪶ,1
ḿ,1
笆,1
牒,1
榄,1
왜,1
폭,1
력,1
째,1
되,1
낌,1
축,1
워,1
팬,1
뉴,1
꿈,1
앵,1
碛,1
蘅,1
ဏ,1
Բ,1
湟,1
尕,1
貊,1
鷄,1
녹,1
牺,1
黟,1
뭘,1
頠,1
脇,1
戟,1
熏,1
瀇,1
刨,1
麺,1
坏,1
賨,1
贍,1
泠,1
璛,1
怤,1
頵,1
綮,1
澞,1
鍠,1
暀,1
璙,1
훤,1
旼,1
竩,1
摠,1
돈,1
旽,1
搖,1
벽,1
擧,1
눌,1
𠀧,1
摳,1
絛,1
疵,1
軿,1
酎,1
萼,1
摽,1
檊,1
窩,1
漾,1
鹳,1
壺,1
纹,1
臀,1
笋,1
瀷,1
ᠤ,1
ᠷ,1
ᠩ,1
ᠳ,1
鎗,1
赌,1
薈,1
獒,1
阔,1
觐,1
仞,1
眜,1
叠,1
觭,1
ὤ,1
ゔ,1
뀀,1
ټ,1
ډ,1
馭,1
ആ,1
മ,1
ട,1
ഷ,1
ല,1
ശ,1
ഉ,1
ʙ,1
笨,1
撼,1
蟇,1
ﻓ,1
ﺭ,1
ﺎ,1
ﺩ,1
ﺍ,1
ﺝ,1
ﻮ,1
幷,1
责,1
ᠪ,1
歹,1
즐,1
櫛,1
암,1
枫,1
槭,1
饞,1
좋,1
ˀ,1
妀,1
鏜,1
릿,1
擂,1
嬋,1
淦,1
鸱,1
庯,1
拯,1
拖,1
蹴,1
鞠,1
鵬,1
緱,1
罥,1
薀,1
註,1
纜,1
鐐,1
偓,1
裼,1
迢,1
晸,1
墅,1
ǵ,1
ὺ,1
ἵ,1
媢,1
稍,1
ꨂ,1
ꨣ,1
ꨌ,1
ꨚ,1
溓,1
ᓄ,1
ᓇ,1
ᕗ,1
ᑦ,1
榕,1
凴,1
斈,1
捺,1
缽,1
刪,1
諡,1
鋻,1
糙,1
壞,1
胝,1
潅,1
迴,1
謬,1
翛,1
邃,1
蘖,1
鄔,1
瞋,1
跏,1
趺,1
笵,1
晦,1
轅,1
伾,1
闢,1
贽,1
咄,1
逻,1
瑊,1
滂,1
鑄,1
驿,1
祯,1
簪,1
滉,1
摹,1
兹,1
獐,1
莺,1
啭,1
蒭,1
饉,1
笈,1
缪,1
兪,1
埧,1
𐰴,1
𐰣,1
𐱅,1
𐰭,1
𐰼,1
𐰃,1
凱,1
穹,1
叄,1
擇,1
秧,1
翡,1
扐,1
瑫,1
誡,1
肸,1
膏,1
ϸ,1
邏,1
娑,1
尸,1
Ꞗ,1
晈,1
ཝ,1
猻,1
ன,1
荅,1
ꦗ,1
ꦮ,1
ᮏ,1
ᮝ,1
倅,1
嚕,1
蜈,1
蚣,1
蚩,1
జ,1
馞,1
羨,1
侼,1
蓣,1
罵,1
瘴,1
獗,1
擾,1
艱,1
竊,1
倨,1
祔,1
揫,1
傥,1
餒,1
餐,1
涕,1
痍,1
絮,1
屍,1
忿,1
嗜,1
贖,1
聾,1
肆,1
虀,1
氈,1
褥,1
爨,1
瞼,1
囉,1
芊,1
鶻,1
坨,1
蓟,1
刹,1
茯,1
麋,1
鬃,1
猕,1
涛,1
厩,1
聡,1
藪,1
掬,1
噬,1
嗑,1
腺,1
뢰,1
駁,1
ढ,1
ऌ,1
ḹ,1
ॡ,1
ए,1
谪,1
洙,1
ぅ,1
ぉ,1
ヰ,1
ヱ,1
垰,1
Ի,1
ջ,1
涨,1
濰,1
旌,1
织,1
茄,1
蠬,1
䗀,1
丨,1
丶,1
丿,1
认,1
贏,1
Ǝ,1
俭,1
殯,1
柩,1
曷,1
贬,1
僮,1
蓼,1
ঙ,1
汞,1
և,1
ދ,1
ވ,1
ހ,1
ރ,1
އ,1
ޖ,1
Ҷ,1
ҳ,1
ҷ,1
榈,1
आ,1
蚦,1
潢,1
𡦂,1
仄,1
睇,1
𫌠,1
亇,1
𡿨,1
厶,1
跑,1
炤,1
ﻩ,1
ﯕ,1
ቀ,1
ሪ,1
𐎶,1
𐎭,1
𐎥,1
粽,1
猇,1
ɺ,1
椒,1
殪,1
杀,1
恶,1
捧,1
苕,1
渔,1
丛,1
ﬁ,1
鄲,1
橇,1
檋,1
谟,1
镕,1
Ỗ,1
ﬂ,1
晫,1
𦉱,1
嬿,1
ឧ,1
ḕ,1
থ,1
ঠ,1
ঞ,1
厌,1
哒,1
ᦟ,1
ᦹ,1
ᧉ,1
ᦲ,1
ᧇ,1
ᦸ,1
ᦔ,1
ᦱ,1
淞,1
杓,1
筅,1
ꪖ,1
ꪭ,1
箍,1
跆,1
품,1
풀,1
Ɛ,1
𑣙,1
耒,1
耜,1
諜,1
惲,1
軻,1
轲,1
玿,1
迂,1
愾,1
暶,1
𧰡,1
詥,1
ස,1
ප,1
ය,1
պ,1
憨,1
छ,1
砦,1
𡚝,1
閹,1
峝,1
嫫,1
嫘,1
葴,1
儇,1
矇,1
瞍,1
箋,1
陔,1
邶,1
鄘,1
豳,1
讼,1
瘠,1
塟,1
諺,1
Ὠ,1
ཎ,1
唵,1
叭,1
吽,1
咪,1
忒,1
髀,1
埵,1
𠄩,1
貉,1
穌,1
ʈ,1
嬭,1
弌,1
肰,1
𩫁,1
褡,1
諗,1
𨍏,1
鑽,1
傜,1
屎,1
橛,1
琢,1
襴,1
拈,1
ḭ,1
囍,1
轧,1
琤,1
挫,1
륵,1
挖,1
擘,1
ᠰ,1
ᠴ,1
舘,1
憻,1
戉,1
幫,1
扲,1
弈,1
蟄,1
蛰,1
拭,1
梔,1
瀁,1
羙,1
滛,1
檉,1
覔,1
秪,1
簇,1
薡,1
몬,1
倆,1
鄀,1
麇,1
脊,1
鋌,1
苞,1
狮,1
詣,1
劑,1
袪,1
咨,1
雉,1
覡,1
妞,1
翎,1
𨮁,1
狠,1
貂,1
睛,1
牆,1
檣,1
嬙,1
竦,1
鞮,1
歙,1
兢,1
膩,1
瑣,1
蘄,1
籥,1
嵎,1
璬,1
閿,1
瑁,1
銛,1
鹉,1
昢,1
暄,1
锜,1
悍,1
浓,1
讷,1
甦,1
霭,1
嫔,1
轶,1
赏,1
醇,1
铎,1
幔,1
閎,1
暂,1
湉,1
谕,1
鋆,1
驽,1
漪,1
ģ,1
ℕ,1
洩,1
啖,1
咥,1
剝,1
瘫,1
樽,1
簋,1
坻,1
纆,1
寘,1
遯,1
晝,1
睽,1
夬,1
姤,1
兌,1
汔,1
彞,1
霉,1
抓,1
偅,1
鍍,1
镀,1
謖,1
姩,1
羱,1
芫,1
螈,1
騵,1
黿,1
轕,1
釓,1
鮚,1
鲒,1
拮,1
હ,1
ન,1
સ,1
ક,1
ચ,1
ગ,1
ધ,1
廛,1
綢,1
丝,1
绸,1
騫,1
饋,1
鉤,1
ὄ,1
ϑ,1
孛,1
乩,1
瘡,1
Ằ,1
乣,1
菫,1
鷂,1
Ȟ,1
鐙,1
ꪯ,1
ꪜ,1
ꪈ,1
遙,1
ぜ,1
ᛟ,1
殂,1
肋,1
碣,1
ළ,1
ම,1
ⴳ,1
ⴷ,1
貼,1
Ｖ,1
闥,1
Ṛ,1
籌,1
扒,1
撞,1
ღ,1
შ,1
냻,1
饥,1
趁,1
压,1
苛,1
捐,1
榨,1
逍,1
遥,1
够,1
沦,1
唤,1
掠,1
剥,1
烟,1
弹,1
它,1
灭,1
笴,1
儵,1
閦,1
ឡ,1
ထ,1
罽,1
蕫,1
𠎣,1
镛,1
舛,1
澁,1
臆,1
纔,1
訛,1
蓃,1
廁,1
厕,1
喞,1
鬚,1
𝕄,1
羆,1
옌,1
睹,1
亢,1
匪,1
낱,1
ᇦ,1
ᇴ,1
ㆁ,1
된,1
쓰,1
ㅴ,1
ㅵ,1
ㆇ,1
ㆈ,1
ㆊ,1
ㆋ,1
ও,1
